total,matched,pct,no_num,not_in_ref,no_sestiere,page_num,section
5,4,80.0,1,0,1,3,cover_ads
1,0,0.0,1,0,1,4,cover_ads
1,1,100.0,0,0,0,5,cover_ads
30,0,0.0,30,0,26,36,religious
29,0,0.0,29,0,15,37,religious
20,0,0.0,20,0,20,38,government
24,0,0.0,24,0,24,39,government
1,0,0.0,1,0,1,40,government
2,2,100.0,0,0,0,41,government
14,0,0.0,14,0,14,42,government
37,0,0.0,37,0,37,43,government
47,16,34.0,30,1,30,44,government
42,0,0.0,42,0,0,45,government
1,0,0.0,1,0,1,46,government
1,0,0.0,1,0,1,47,government
35,0,0.0,35,0,35,48,government
93,3,3.2,88,2,69,49,government
71,13,18.3,58,0,0,50,government
34,34,100.0,0,0,0,51,government
72,60,83.3,4,8,4,52,government
46,0,0.0,46,0,46,53,government
62,62,100.0,0,0,0,54,government
77,76,98.7,0,1,0,55,government
53,28,52.8,25,0,8,56,government
28,4,14.3,5,19,3,57,government
33,5,15.2,28,0,28,58,government
46,2,4.3,44,0,44,59,government
34,0,0.0,34,0,12,60,government
48,0,0.0,48,0,48,61,government
47,0,0.0,47,0,40,62,government
63,33,52.4,30,0,27,63,government
25,0,0.0,25,0,7,64,government
46,14,30.4,32,0,32,65,government
58,4,6.9,54,0,9,66,government
54,22,40.7,32,0,28,67,government
31,0,0.0,31,0,28,68,government
49,43,87.8,6,0,6,69,government
8,0,0.0,8,0,8,70,government
42,13,31.0,29,0,27,71,government
56,0,0.0,56,0,56,72,government
70,0,0.0,70,0,70,73,government
60,0,0.0,60,0,0,74,government
61,0,0.0,44,17,3,75,government
65,31,47.7,34,0,34,76,government
27,0,0.0,27,0,27,77,government
17,9,52.9,7,1,5,78,government
47,2,4.3,44,1,44,79,government
50,11,22.0,35,4,31,80,government
26,4,15.4,11,11,3,81,government
58,49,84.5,9,0,8,82,government
39,30,76.9,9,0,8,83,government
60,22,36.7,38,0,6,84,government
28,0,0.0,28,0,6,85,government
61,0,0.0,61,0,39,86,religious
57,0,0.0,57,0,21,87,religious
23,0,0.0,23,0,14,88,religious
20,0,0.0,20,0,9,89,religious
21,0,0.0,21,0,11,90,religious
17,0,0.0,17,0,0,91,religious
23,0,0.0,23,0,7,92,religious
16,0,0.0,16,0,16,93,religious
19,0,0.0,19,0,18,94,religious
43,0,0.0,42,1,27,95,religious
23,4,17.4,19,0,3,96,religious
85,29,34.1,48,8,42,97,religious
53,30,56.6,20,3,1,98,other
36,25,69.4,10,1,10,99,other
43,24,55.8,17,2,16,100,other
54,0,0.0,54,0,3,101,other
39,1,2.6,37,1,29,102,other
8,0,0.0,7,1,7,103,other
18,12,66.7,6,0,6,104,other
2,1,50.0,1,0,1,105,other
1,0,0.0,1,0,1,106,other
1,0,0.0,1,0,1,107,other
74,52,70.3,17,5,14,108,professionisti
107,71,66.4,29,7,28,109,professionisti
123,79,64.2,40,4,40,110,professionisti
128,76,59.4,43,9,43,111,professionisti
115,79,68.7,29,7,28,112,professionisti
121,70,57.9,37,14,32,113,professionisti
114,53,46.5,60,1,56,114,professionisti
114,36,31.6,76,2,75,115,professionisti
94,62,66.0,23,9,20,116,professionisti
66,33,50.0,32,1,25,117,professionisti
110,60,54.5,47,3,42,118,professionisti
110,75,68.2,29,6,26,119,professionisti
85,55,64.7,26,4,21,120,professionisti
122,122,100.0,0,0,0,121,professionisti
31,12,38.7,19,0,16,122,professionisti
115,94,81.7,9,12,9,123,professionisti
41,24,58.5,12,5,10,124,professionisti
15,13,86.7,0,2,0,125,professionisti
18,17,94.4,1,0,1,126,professionisti
27,20,74.1,3,4,3,127,professionisti
77,59,76.6,16,2,15,128,professionisti
2,1,50.0,1,0,1,129,other
2,0,0.0,2,0,2,130,other
1,0,0.0,1,0,1,131,other
30,17,56.7,12,1,9,132,industria
42,26,61.9,15,1,15,133,industria
23,15,65.2,6,2,6,134,industria
16,10,62.5,5,1,5,135,industria
33,28,84.8,4,1,3,136,industria
50,26,52.0,23,1,18,137,industria
54,6,11.1,47,1,44,138,industria
61,29,47.5,32,0,32,139,industria
74,51,68.9,19,4,19,140,industria
109,80,73.4,20,9,18,141,industria
116,90,77.6,11,15,11,142,industria
97,31,32.0,62,4,58,143,industria
53,38,71.7,13,2,11,144,industria
39,25,64.1,12,2,10,145,industria
76,45,59.2,5,26,2,146,industria
60,35,58.3,22,3,22,147,industria
30,19,63.3,8,3,6,148,industria
60,27,45.0,32,1,31,149,industria
37,4,10.8,33,0,33,150,industria
40,19,47.5,20,1,18,151,industria
56,4,7.1,52,0,52,152,industria
22,1,4.5,21,0,20,153,industria
73,16,21.9,48,9,41,154,industria
100,84,84.0,9,7,8,155,industria
104,60,57.7,35,9,31,156,industria
100,66,66.0,28,6,28,157,industria
19,8,42.1,11,0,11,158,industria
99,78,78.8,14,7,14,159,industria
3,3,100.0,0,0,0,160,industria
86,69,80.2,9,8,9,162,industria
96,71,74.0,18,7,16,163,industria
55,29,52.7,18,8,16,164,industria
67,40,59.7,24,3,24,165,industria
77,44,57.1,19,14,19,166,industria
21,13,61.9,5,3,3,167,industria
14,11,78.6,3,0,1,168,industria
27,19,70.4,4,4,1,169,industria
1,1,100.0,0,0,0,170,industria
1,1,100.0,0,0,0,171,industria
47,28,59.6,12,7,11,172,industria
59,42,71.2,14,3,14,173,industria
99,91,91.9,8,0,8,174,industria
49,26,53.1,20,3,20,175,industria
26,19,73.1,6,1,5,176,industria
52,34,65.4,17,1,17,177,industria
73,48,65.8,25,0,24,178,industria
50,28,56.0,20,2,19,179,industria
18,14,77.8,3,1,3,180,industria
15,15,100.0,0,0,0,181,industria
55,22,40.0,23,10,23,182,industria
101,50,49.5,41,10,38,183,industria
56,0,0.0,56,0,54,184,industria
51,17,33.3,32,2,30,185,industria
26,16,61.5,6,4,6,186,industria
48,35,72.9,10,3,10,187,industria
41,33,80.5,7,1,6,188,industria
28,10,35.7,12,6,11,189,industria
25,14,56.0,8,3,5,190,industria
44,28,63.6,15,1,15,191,industria
20,9,45.0,10,1,6,192,industria
20,11,55.0,7,2,7,193,industria
61,35,57.4,20,6,19,194,industria
55,42,76.4,10,3,10,195,industria
68,48,70.6,16,4,16,196,industria
41,24,58.5,16,1,16,197,industria
29,23,79.3,5,1,5,198,industria
64,34,53.1,16,14,13,199,industria
35,22,62.9,10,3,8,200,industria
66,37,56.1,24,5,24,201,industria
81,55,67.9,20,6,19,202,industria
118,71,60.2,41,6,39,203,industria
88,40,45.5,43,5,42,204,industria
58,38,65.5,16,4,16,205,industria
61,44,72.1,11,6,8,206,industria
30,16,53.3,10,4,10,207,industria
26,16,61.5,10,0,10,208,industria
51,33,64.7,13,5,13,209,industria
37,26,70.3,10,1,7,210,industria
80,59,73.8,15,6,9,211,industria
34,12,35.3,21,1,18,212,industria
75,44,58.7,29,2,28,213,industria
76,35,46.1,40,1,27,214,industria
34,14,41.2,18,2,18,215,industria
17,7,41.2,10,0,10,216,industria
23,13,56.5,8,2,8,217,industria
1,1,100.0,0,0,0,218,industria
43,26,60.5,12,5,11,219,industria
36,24,66.7,10,2,10,220,industria
65,46,70.8,16,3,16,221,industria
57,28,49.1,28,1,28,222,industria
71,25,35.2,36,10,35,223,industria
21,12,57.1,8,1,8,224,industria
32,17,53.1,15,0,14,225,industria
23,7,30.4,15,1,15,226,industria
37,3,8.1,34,0,34,227,industria
5,0,0.0,5,0,3,228,industria
38,18,47.4,20,0,20,229,industria
29,17,58.6,12,0,9,230,industria
33,19,57.6,12,2,12,231,industria
105,87,82.9,12,6,12,232,industria
58,41,70.7,13,4,13,233,industria
60,37,61.7,17,6,17,234,industria
24,11,45.8,8,5,8,235,industria
63,38,60.3,17,8,15,236,industria
68,43,63.2,20,5,18,237,industria
30,15,50.0,12,3,11,238,industria
14,6,42.9,8,0,6,239,industria
77,51,66.2,18,8,18,240,industria
104,63,60.6,23,18,22,241,industria
78,61,78.2,16,1,15,242,industria
44,28,63.6,16,0,14,243,industria
53,28,52.8,22,3,21,244,industria
25,14,56.0,8,3,7,245,industria
59,26,44.1,26,7,26,246,industria
45,40,88.9,2,3,1,247,industria
102,60,58.8,29,13,28,248,industria
50,36,72.0,11,3,11,249,industria
25,10,40.0,14,1,13,250,industria
43,24,55.8,18,1,18,251,industria
47,27,57.4,17,3,17,252,industria
63,34,54.0,25,4,22,253,industria
24,10,41.7,14,0,14,254,industria
35,21,60.0,12,2,12,255,industria
62,38,61.3,20,4,20,256,industria
36,13,36.1,20,3,19,257,industria
60,42,70.0,15,3,15,258,industria
36,23,63.9,8,5,8,259,industria
74,62,83.8,8,4,8,260,industria
85,71,83.5,6,8,1,261,industria
86,58,67.4,14,14,10,262,industria
90,62,68.9,18,10,17,263,industria
34,12,35.3,19,3,19,264,industria
97,45,46.4,41,11,38,265,industria
59,40,67.8,10,9,8,266,industria
100,78,78.0,18,4,16,267,industria
53,41,77.4,9,3,9,268,industria
71,43,60.6,20,8,18,269,industria
45,32,71.1,13,0,13,270,industria
77,50,64.9,23,4,23,271,industria
64,38,59.4,21,5,20,272,industria
71,52,73.2,12,7,12,273,industria
54,38,70.4,11,5,9,274,industria
30,20,66.7,7,3,6,275,industria
64,40,62.5,22,2,22,276,industria
83,70,84.3,7,6,6,277,industria
93,67,72.0,20,6,16,278,industria
71,49,69.0,19,3,17,279,industria
81,70,86.4,9,2,4,280,industria
48,30,62.5,12,6,4,281,industria
45,27,60.0,17,1,15,282,industria
29,21,72.4,7,1,5,283,industria
49,31,63.3,15,3,14,284,industria
110,85,77.3,14,11,13,285,industria
122,88,72.1,21,13,17,286,industria
115,63,54.8,47,5,42,287,industria
101,58,57.4,34,9,34,288,industria
46,26,56.5,20,0,20,289,industria
32,19,59.4,13,0,13,290,industria
59,48,81.4,8,3,8,291,industria
44,28,63.6,15,1,12,292,industria
98,74,75.5,16,8,14,293,industria
77,56,72.7,15,6,14,294,industria
57,36,63.2,16,5,16,295,industria
59,34,57.6,18,7,18,296,industria
101,30,29.7,68,3,60,297,industria
94,46,48.9,44,4,42,298,industria
44,30,68.2,9,5,9,299,industria
68,51,75.0,12,5,11,300,industria
41,21,51.2,18,2,17,301,industria
48,30,62.5,14,4,14,302,industria
18,11,61.1,6,1,5,303,industria
14,9,64.3,4,1,4,304,industria
34,21,61.8,12,1,11,305,industria
20,10,50.0,7,3,7,306,industria
86,62,72.1,18,6,17,307,industria
80,66,82.5,7,7,6,308,industria
88,24,27.3,64,0,14,309,industria
29,15,51.7,11,3,11,310,industria
36,15,41.7,21,0,20,311,industria
31,18,58.1,11,2,11,312,industria
58,22,37.9,33,3,32,313,industria
26,8,30.8,18,0,18,314,industria
53,17,32.1,35,1,35,315,industria
38,26,68.4,10,2,9,316,industria
85,39,45.9,37,9,35,317,industria
14,9,64.3,5,0,4,318,industria
1,0,0.0,1,0,1,319,other
1,0,0.0,1,0,1,320,other
7,0,0.0,7,0,7,321,other
3,1,33.3,2,0,2,322,other
6,0,0.0,6,0,6,323,other
6,0,0.0,6,0,6,324,other
3,0,0.0,3,0,3,325,other
3,0,0.0,3,0,3,326,other
4,0,0.0,4,0,4,327,other
8,0,0.0,8,0,8,328,other
3,0,0.0,3,0,3,329,other
1,1,100.0,0,0,0,331,other
43,39,90.7,3,1,2,332,indice_generale
56,31,55.4,23,2,21,333,indice_generale
65,34,52.3,23,8,19,334,indice_generale
64,36,56.2,23,5,22,335,indice_generale
70,46,65.7,14,10,13,336,indice_generale
56,27,48.2,26,3,26,337,indice_generale
61,34,55.7,25,2,23,338,indice_generale
66,45,68.2,10,11,10,339,indice_generale
14,14,100.0,0,0,0,340,indice_generale
48,29,60.4,14,5,14,342,indice_generale
68,41,60.3,23,4,22,343,indice_generale
70,39,55.7,19,12,18,344,indice_generale
71,41,57.7,22,8,20,345,indice_generale
69,47,68.1,16,6,16,346,indice_generale
71,50,70.4,17,4,17,347,indice_generale
1,1,100.0,0,0,0,348,indice_generale
73,43,58.9,19,11,19,350,indice_generale
72,47,65.3,19,6,19,351,indice_generale
64,39,60.9,16,9,14,352,indice_generale
72,60,83.3,0,12,0,353,indice_generale
69,54,78.3,8,7,0,354,indice_generale
69,48,69.6,12,9,7,355,indice_generale
69,48,69.6,20,1,19,356,indice_generale
62,49,79.0,8,5,4,357,indice_generale
76,61,80.3,9,6,0,358,indice_generale
61,31,50.8,23,7,21,359,indice_generale
68,41,60.3,25,2,25,360,indice_generale
66,34,51.5,30,2,27,361,indice_generale
64,41,64.1,20,3,18,362,indice_generale
68,36,52.9,28,4,26,363,indice_generale
63,52,82.5,5,6,3,364,indice_generale
62,40,64.5,20,2,15,365,indice_generale
72,43,59.7,26,3,24,366,indice_generale
69,48,69.6,19,2,18,367,indice_generale
76,53,69.7,20,3,19,368,indice_generale
72,53,73.6,17,2,17,369,indice_generale
64,23,35.9,35,6,30,370,indice_generale
67,47,70.1,16,4,13,371,indice_generale
55,55,100.0,0,0,0,372,indice_generale
59,35,59.3,18,6,18,373,indice_generale
63,47,74.6,12,4,11,374,indice_generale
68,48,70.6,14,6,13,375,indice_generale
64,38,59.4,20,6,19,376,indice_generale
66,36,54.5,21,9,21,377,indice_generale
69,39,56.5,27,3,27,378,indice_generale
75,49,65.3,20,6,19,379,indice_generale
68,45,66.2,10,13,10,380,indice_generale
67,45,67.2,18,4,17,381,indice_generale
74,46,62.2,23,5,23,382,indice_generale
73,53,72.6,13,7,11,383,indice_generale
66,63,95.5,3,0,3,384,indice_generale
42,26,61.9,15,1,13,385,indice_generale
67,39,58.2,11,17,11,386,indice_generale
55,28,50.9,25,2,24,387,indice_generale
70,45,64.3,20,5,16,388,indice_generale
72,52,72.2,16,4,13,389,indice_generale
61,36,59.0,22,3,21,390,indice_generale
69,45,65.2,20,4,20,391,indice_generale
61,36,59.0,18,7,16,392,indice_generale
69,69,100.0,0,0,0,393,indice_generale
68,35,51.5,30,3,25,394,indice_generale
61,40,65.6,21,0,21,395,indice_generale
66,37,56.1,25,4,23,396,indice_generale
58,35,60.3,20,3,16,397,indice_generale
68,31,45.6,33,4,33,398,indice_generale
72,46,63.9,25,1,25,399,indice_generale
71,44,62.0,23,4,22,400,indice_generale
75,52,69.3,13,10,10,401,indice_generale
80,50,62.5,17,13,17,402,indice_generale
67,36,53.7,21,10,19,403,indice_generale
68,50,73.5,16,2,14,404,indice_generale
55,34,61.8,14,7,9,405,indice_generale
56,39,69.6,12,5,12,406,indice_generale
54,35,64.8,15,4,14,407,indice_generale
63,40,63.5,15,8,14,408,indice_generale
67,46,68.7,17,4,15,409,indice_generale
71,42,59.2,28,1,26,410,indice_generale
68,40,58.8,26,2,24,411,indice_generale
69,40,58.0,23,6,20,412,indice_generale
40,18,45.0,16,6,14,413,indice_generale
73,50,68.5,12,11,12,414,indice_generale
69,40,58.0,24,5,24,415,indice_generale
74,39,52.7,23,12,23,416,indice_generale
71,51,71.8,20,0,19,417,indice_generale
69,44,63.8,20,5,20,418,indice_generale
65,36,55.4,25,4,21,419,indice_generale
64,37,57.8,23,4,23,420,indice_generale
62,44,71.0,15,3,11,421,indice_generale
66,46,69.7,18,2,17,422,indice_generale
67,37,55.2,28,2,22,423,indice_generale
56,24,42.9,26,6,26,424,indice_generale
71,40,56.3,24,7,24,425,indice_generale
68,31,45.6,31,6,30,426,indice_generale
64,32,50.0,25,7,23,427,indice_generale
62,41,66.1,13,8,13,428,indice_generale
74,61,82.4,11,2,11,429,indice_generale
67,49,73.1,14,4,14,430,indice_generale
64,35,54.7,26,3,24,431,indice_generale
73,45,61.6,20,8,19,432,indice_generale
66,50,75.8,12,4,12,433,indice_generale
70,43,61.4,17,10,16,434,indice_generale
75,51,68.0,17,7,15,435,indice_generale
66,46,69.7,15,5,15,436,indice_generale
68,44,64.7,19,5,19,437,indice_generale
73,46,63.0,21,6,20,438,indice_generale
73,50,68.5,17,6,16,439,indice_generale
60,38,63.3,16,6,15,440,indice_generale
56,27,48.2,23,6,23,441,indice_generale
65,40,61.5,18,7,17,442,indice_generale
61,31,50.8,26,4,20,443,indice_generale
63,32,50.8,30,1,29,444,indice_generale
76,51,67.1,21,4,19,445,indice_generale
69,49,71.0,18,2,16,446,indice_generale
71,44,62.0,20,7,19,447,indice_generale
60,49,81.7,9,2,9,448,indice_generale
58,34,58.6,5,19,5,449,indice_generale
65,43,66.2,16,6,12,450,indice_generale
75,37,49.3,30,8,29,451,indice_generale
65,33,50.8,22,10,18,452,indice_generale
71,38,53.5,19,14,17,453,indice_generale
60,48,80.0,8,4,8,454,indice_generale
72,37,51.4,30,5,30,455,indice_generale
65,37,56.9,20,8,19,456,indice_generale
59,38,64.4,15,6,14,457,indice_generale
47,26,55.3,16,5,16,458,indice_generale
52,34,65.4,18,0,15,459,indice_generale
50,23,46.0,24,3,23,460,indice_generale
53,31,58.5,18,4,18,461,indice_generale
54,39,72.2,11,4,11,462,indice_generale
58,38,65.5,16,4,13,463,indice_generale
47,35,74.5,9,3,8,464,indice_generale
50,32,64.0,11,7,8,465,indice_generale
45,27,60.0,10,8,7,466,indice_generale
62,30,48.4,23,9,19,467,indice_generale
57,39,68.4,12,6,11,468,indice_generale
63,24,38.1,23,16,21,469,indice_generale
68,44,64.7,17,7,16,470,indice_generale
71,36,50.7,27,8,25,471,indice_generale
68,44,64.7,20,4,20,472,indice_generale
76,37,48.7,35,4,34,473,indice_generale
68,38,55.9,18,12,16,474,indice_generale
63,35,55.6,25,3,25,475,indice_generale
65,39,60.0,22,4,17,476,indice_generale
60,37,61.7,14,9,13,477,indice_generale
65,45,69.2,12,8,12,478,indice_generale
66,40,60.6,24,2,22,479,indice_generale
74,51,68.9,15,8,13,480,indice_generale
73,52,71.2,13,8,12,481,indice_generale
67,42,62.7,22,3,22,482,indice_generale
64,37,57.8,21,6,16,483,indice_generale
68,41,60.3,25,2,24,484,indice_generale
67,39,58.2,25,3,25,485,indice_generale
73,50,68.5,16,7,16,486,indice_generale
66,55,83.3,7,4,7,487,indice_generale
1,1,100.0,0,0,0,488,other
8,8,100.0,0,0,0,489,other
1,1,100.0,0,0,0,572,other
1,0,0.0,1,0,1,573,other
3,0,0.0,3,0,3,574,other
3,0,0.0,2,1,2,575,other
