page,page_num,score_winner,score_winner_score,llm_winner,llm_winner_score,agree,score_gap,scores_tied,selection_method
page_1,1,page_1_semantic_3.csv,0.0,page_1_semantic_3.csv,0.0,True,0.0,True,SCORE_TIED_RECENCY
page_2,2,page_2_semantic_3.csv,0.0,page_2_semantic_3.csv,0.0,True,0.0,True,SCORE_TIED_RECENCY
page_3,3,page_3_semantic_3.csv,75.85,page_3_semantic_2.csv,51.8,False,24.05,True,SCORE_TIED_RECENCY
page_4,4,page_4_semantic_3.csv,80.04,page_4_semantic_1.csv,53.3,False,26.74,False,SCORE_CLEAR
page_5,5,page_5_semantic_2.csv,75.5,page_5_semantic_3.csv,51.21,False,24.29,True,SCORE_TIED_RECENCY
page_6,6,page_6_semantic_3.csv,0.0,page_6_semantic_2.csv,0.0,False,0.0,True,SCORE_TIED_RECENCY
page_7,7,page_7_semantic_3.csv,0.0,page_7_semantic_2.csv,0.0,False,0.0,True,SCORE_TIED_RECENCY
page_8,8,page_8_semantic_3.csv,0.0,page_8_semantic_3.csv,0.0,True,0.0,True,SCORE_TIED_RECENCY
page_9,9,page_9_semantic_3.csv,0.0,page_9_semantic_1.csv,0.0,False,0.0,True,SCORE_TIED_RECENCY
page_10,10,page_10_semantic_2.csv,80.84,page_10_semantic_3.csv,69.07,False,11.77,False,SCORE_CLEAR
page_11,11,page_11_semantic_3.csv,74.44,page_11_semantic_1.csv,51.32,False,23.12,True,SCORE_TIED_RECENCY
page_12,12,page_12_semantic_3.csv,70.24,page_12_semantic_3.csv,50.1,True,20.14,False,SCORE_CLEAR
page_13,13,page_13_semantic_2.csv,72.54,page_13_semantic_2.csv,45.1,True,27.44,True,SCORE_TIED_RECENCY
page_14,14,page_14_semantic_4.csv,79.74,page_14_semantic_3.csv,73.41,False,6.33,True,SCORE_TIED_RECENCY
page_15,15,page_15_semantic_2.csv,70.76,page_15_semantic_3.csv,58.03,False,12.73,True,SCORE_TIED_RECENCY
page_16,16,page_16_semantic_2.csv,71.01,page_16_semantic_4.csv,49.07,False,21.94,False,SCORE_CLEAR
page_17,17,page_17_semantic_2.csv,72.37,page_17_semantic_1.csv,56.15,False,16.22,False,SCORE_CLEAR
page_18,18,page_18_semantic_3.csv,71.18,page_18_semantic_3.csv,60.1,True,11.08,True,SCORE_TIED_RECENCY
page_19,19,page_19_semantic_3.csv,66.97,page_19_semantic_3.csv,51.29,True,15.68,True,SCORE_TIED_RECENCY
page_20,20,page_20_semantic_3.csv,76.29,page_20_semantic_1.csv,52.6,False,23.69,True,SCORE_TIED_RECENCY
page_21,21,page_21_semantic_3.csv,76.29,page_21_semantic_1.csv,52.6,False,23.69,True,SCORE_TIED_RECENCY
page_22,22,page_22_semantic_4.csv,78.48,page_22_semantic_3.csv,61.84,False,16.64,False,SCORE_CLEAR
page_23,23,page_23_semantic_4.csv,73.93,page_23_semantic_1.csv,47.88,False,26.05,True,SCORE_TIED_RECENCY
page_24,24,page_24_semantic_2.csv,70.75,page_24_semantic_4.csv,52.13,False,18.62,False,SCORE_CLEAR
page_25,25,page_25_semantic_4.csv,72.83,page_25_semantic_4.csv,63.94,True,8.89,True,SCORE_TIED_RECENCY
page_26,26,page_26_semantic_3.csv,70.8,page_26_semantic_2.csv,59.12,False,11.68,True,SCORE_TIED_RECENCY
page_27,27,page_27_semantic_5.csv,70.97,page_27_semantic_2.csv,46.76,False,24.21,True,SCORE_TIED_RECENCY
page_28,28,page_28_semantic_4.csv,67.6,page_28_semantic_4.csv,52.6,True,15.0,True,SCORE_TIED_RECENCY
page_29,29,page_29_semantic_2.csv,72.63,page_29_semantic_3.csv,53.48,False,19.15,False,SCORE_CLEAR
page_30,30,page_30_semantic_4.csv,75.12,page_30_semantic_1.csv,50.27,False,24.85,True,SCORE_TIED_RECENCY
page_31,31,page_31_semantic_4.csv,64.75,page_31_semantic_4.csv,50.32,True,14.43,True,SCORE_TIED_RECENCY
page_32,32,page_32_semantic_4.csv,74.58,page_32_semantic_1.csv,60.18,False,14.4,False,SCORE_CLEAR
page_33,33,page_33_semantic_3.csv,70.43,page_33_semantic_3.csv,58.47,True,11.96,False,SCORE_CLEAR
page_34,34,page_34_semantic_3.csv,68.21,page_34_semantic_1.csv,54.33,False,13.88,True,SCORE_TIED_RECENCY
page_35,35,page_35_semantic_4.csv,67.05,page_35_semantic_1.csv,51.3,False,15.75,True,SCORE_TIED_RECENCY
page_36,36,page_36_semantic_2.csv,78.7,page_36_semantic_2.csv,66.51,True,12.19,False,SCORE_CLEAR
page_37,37,page_37_semantic_3.csv,75.26,page_37_semantic_3.csv,55.1,True,20.16,True,SCORE_TIED_RECENCY
page_38,38,page_38_semantic_1.csv,39.92,page_38_semantic_1.csv,30.24,True,9.68,False,EXCLUDED_FALLBACK
page_39,39,page_39_semantic_3.csv,80.65,page_39_semantic_1.csv,61.78,False,18.87,True,SCORE_TIED_RECENCY
page_40,40,page_40_semantic_3.csv,66.33,page_40_semantic_2.csv,48.68,False,17.65,True,SCORE_TIED_RECENCY
page_41,41,page_41_semantic_2.csv,73.41,page_41_semantic_1.csv,50.1,False,23.31,False,SCORE_CLEAR
page_42,42,page_42_semantic_2.csv,84.29,page_42_semantic_1.csv,71.1,False,13.19,True,SCORE_TIED_RECENCY
page_43,43,page_43_semantic_2.csv,76.79,page_43_semantic_2.csv,57.75,True,19.04,True,SCORE_TIED_RECENCY
page_44,44,page_44_semantic_3.csv,74.86,page_44_semantic_2.csv,34.22,False,40.64,True,SCORE_TIED_RECENCY
page_45,45,page_45_semantic_3.csv,79.78,page_45_semantic_2.csv,59.75,False,20.03,False,SCORE_CLEAR
page_46,46,page_46_semantic_3.csv,63.38,page_46_semantic_1.csv,56.77,False,6.61,True,SCORE_TIED_RECENCY
page_47,47,page_47_semantic_3.csv,61.29,page_47_semantic_2.csv,52.6,False,8.69,True,SCORE_TIED_RECENCY
page_48,48,page_48_semantic_3.csv,75.1,page_48_semantic_3.csv,52.16,True,22.94,True,SCORE_TIED_RECENCY
page_49,49,page_49_semantic_3.csv,75.16,page_49_semantic_2.csv,56.54,False,18.62,True,SCORE_TIED_RECENCY
page_50,50,page_50_semantic_3.csv,78.76,page_50_semantic_2.csv,59.64,False,19.12,True,SCORE_TIED_RECENCY
page_51,51,page_51_semantic_3.csv,72.03,page_51_semantic_2.csv,45.86,False,26.17,True,SCORE_TIED_RECENCY
page_52,52,page_52_semantic_2.csv,80.31,page_52_semantic_3.csv,62.45,False,17.86,True,SCORE_TIED_RECENCY
page_53,53,page_53_semantic_3.csv,78.22,page_53_semantic_3.csv,57.35,True,20.87,False,SCORE_CLEAR
page_54,54,page_54_semantic_2.csv,77.87,page_54_semantic_2.csv,57.76,True,20.11,False,SCORE_CLEAR
page_55,55,page_55_semantic_3.csv,75.01,page_55_semantic_2.csv,54.06,False,20.95,True,SCORE_TIED_RECENCY
page_56,56,page_56_semantic_2.csv,78.01,page_56_semantic_1.csv,60.81,False,17.2,True,SCORE_TIED_RECENCY
page_57,57,page_57_semantic_3.csv,76.85,page_57_semantic_3.csv,56.68,True,20.17,False,SCORE_CLEAR
page_58,58,page_58_semantic_2.csv,85.01,page_58_semantic_1.csv,57.91,False,27.1,False,SCORE_CLEAR
page_59,59,page_59_semantic_3.csv,61.07,page_59_semantic_2.csv,24.18,False,36.89,True,SCORE_TIED_RECENCY
page_60,60,page_60_semantic_3.csv,79.95,page_60_semantic_3.csv,65.82,True,14.13,False,SCORE_CLEAR
page_61,61,page_61_semantic_2.csv,78.27,page_61_semantic_1.csv,58.08,False,20.19,True,SCORE_TIED_RECENCY
page_62,62,page_62_semantic_3.csv,61.58,page_62_semantic_2.csv,40.02,False,21.56,True,SCORE_TIED_RECENCY
page_63,63,page_63_semantic_2.csv,84.95,page_63_semantic_3.csv,65.72,False,19.23,False,SCORE_CLEAR
page_64,64,page_64_semantic_2.csv,77.63,page_64_semantic_3.csv,57.42,False,20.21,True,SCORE_TIED_RECENCY
page_65,65,page_65_semantic_2.csv,78.64,page_65_semantic_3.csv,60.83,False,17.81,True,SCORE_TIED_RECENCY
page_66,66,page_66_semantic_3.csv,75.96,page_66_semantic_2.csv,55.04,False,20.92,True,SCORE_TIED_RECENCY
page_67,67,page_67_semantic_3.csv,72.49,page_67_semantic_1.csv,49.42,False,23.07,True,SCORE_TIED_RECENCY
page_68,68,page_68_semantic_3.csv,77.79,page_68_semantic_2.csv,57.49,False,20.3,False,SCORE_CLEAR
page_69,69,page_69_semantic_3.csv,78.34,page_69_semantic_1.csv,60.32,False,18.02,False,SCORE_CLEAR
page_70,70,page_70_semantic_3.csv,75.45,page_70_semantic_3.csv,51.06,True,24.39,False,SCORE_CLEAR
page_71,71,page_71_semantic_3.csv,74.65,page_71_semantic_3.csv,56.6,True,18.05,False,SCORE_CLEAR
page_72,72,page_72_semantic_2.csv,74.54,page_72_semantic_1.csv,54.2,False,20.34,False,SCORE_CLEAR
page_73,73,page_73_semantic_2.csv,72.76,page_73_semantic_2.csv,50.92,True,21.84,False,SCORE_CLEAR
page_74,74,page_74_semantic_3.csv,77.66,page_74_semantic_3.csv,58.32,True,19.34,False,SCORE_CLEAR
page_75,75,page_75_semantic_3.csv,78.65,page_75_semantic_3.csv,60.15,True,18.5,False,SCORE_CLEAR
page_76,76,page_76_semantic_3.csv,73.79,page_76_semantic_1.csv,52.78,False,21.01,True,SCORE_TIED_RECENCY
page_77,77,page_77_semantic_2.csv,76.22,page_77_semantic_1.csv,53.58,False,22.64,False,SCORE_CLEAR
page_78,78,page_78_semantic_2.csv,76.44,page_78_semantic_2.csv,55.65,True,20.79,True,SCORE_TIED_RECENCY
page_79,79,page_79_semantic_3.csv,78.62,page_79_semantic_3.csv,59.18,True,19.44,False,SCORE_CLEAR
page_80,80,page_80_semantic_3.csv,77.19,page_80_semantic_1.csv,54.88,False,22.31,False,SCORE_CLEAR
page_81,81,page_81_semantic_3.csv,78.14,page_81_semantic_1.csv,57.41,False,20.73,False,SCORE_CLEAR
page_82,82,page_82_semantic_3.csv,74.93,page_82_semantic_3.csv,52.74,True,22.19,True,SCORE_TIED_RECENCY
page_83,83,page_83_semantic_3.csv,75.36,page_83_semantic_3.csv,51.5,True,23.86,True,SCORE_TIED_RECENCY
page_84,84,page_84_semantic_2.csv,75.91,page_84_semantic_1.csv,58.61,False,17.3,True,SCORE_TIED_RECENCY
page_85,85,page_85_semantic_3.csv,73.75,page_85_semantic_3.csv,53.81,True,19.94,True,SCORE_TIED_RECENCY
page_86,86,page_86_semantic_2.csv,87.22,page_86_semantic_1.csv,67.89,False,19.33,False,SCORE_CLEAR
page_87,87,page_87_semantic_2.csv,79.05,page_87_semantic_2.csv,58.55,True,20.5,False,SCORE_CLEAR
page_88,88,page_88_semantic_3.csv,77.72,page_88_semantic_1.csv,55.91,False,21.81,False,SCORE_CLEAR
page_89,89,page_89_semantic_3.csv,76.28,page_89_semantic_1.csv,52.97,False,23.31,False,SCORE_CLEAR
page_90,90,page_90_semantic_3.csv,78.66,page_90_semantic_1.csv,57.86,False,20.8,False,SCORE_CLEAR
page_91,91,page_91_semantic_2.csv,77.94,page_91_semantic_1.csv,56.21,False,21.73,True,SCORE_TIED_RECENCY
page_92,92,page_92_semantic_3.csv,77.53,page_92_semantic_1.csv,55.52,False,22.01,True,SCORE_TIED_RECENCY
page_93,93,page_93_semantic_3.csv,73.81,page_93_semantic_1.csv,47.94,False,25.87,True,SCORE_TIED_RECENCY
page_94,94,page_94_semantic_3.csv,77.49,page_94_semantic_3.csv,55.36,True,22.13,False,SCORE_CLEAR
page_95,95,page_95_semantic_3.csv,76.77,page_95_semantic_3.csv,55.88,True,20.89,False,SCORE_CLEAR
page_96,96,page_96_semantic_2.csv,72.9,page_96_semantic_1.csv,48.24,False,24.66,False,SCORE_CLEAR
page_97,97,page_97_semantic_3.csv,77.08,page_97_semantic_1.csv,56.52,False,20.56,True,SCORE_TIED_RECENCY
page_98,98,page_98_semantic_2.csv,78.12,page_98_semantic_1.csv,58.14,False,19.98,True,SCORE_TIED_RECENCY
page_99,99,page_99_semantic_2.csv,76.67,page_99_semantic_1.csv,56.8,False,19.87,True,SCORE_TIED_RECENCY
page_100,100,page_100_semantic_2.csv,73.79,page_100_semantic_3.csv,53.68,False,20.11,False,SCORE_CLEAR
page_101,101,page_101_semantic_2.csv,73.25,page_101_semantic_2.csv,54.92,True,18.33,False,SCORE_CLEAR
page_102,102,page_102_semantic_3.csv,75.25,page_102_semantic_3.csv,54.48,True,20.77,False,SCORE_CLEAR
page_103,103,page_103_semantic_3.csv,72.16,page_103_semantic_1.csv,53.71,False,18.45,False,SCORE_CLEAR
page_104,104,page_104_semantic_2.csv,73.59,page_104_semantic_1.csv,48.04,False,25.55,False,SCORE_CLEAR
page_105,105,page_105_semantic_3.csv,70.42,page_105_semantic_3.csv,43.28,True,27.14,True,SCORE_TIED_RECENCY
page_106,106,page_106_semantic_3.csv,74.31,page_106_semantic_1.csv,23.43,False,50.88,True,SCORE_TIED_RECENCY
page_107,107,page_107_semantic_3.csv,69.19,page_107_semantic_1.csv,54.39,False,14.8,True,SCORE_TIED_RECENCY
page_108,108,page_108_semantic_2.csv,78.6,page_108_semantic_3.csv,62.6,False,16.0,False,SCORE_CLEAR
page_109,109,page_109_semantic_2.csv,74.71,page_109_semantic_1.csv,59.3,False,15.41,False,SCORE_CLEAR
page_110,110,page_110_semantic_2.csv,85.97,page_110_semantic_3.csv,74.05,False,11.92,False,SCORE_CLEAR
page_111,111,page_111_semantic_2.csv,76.96,page_111_semantic_1.csv,60.36,False,16.6,True,SCORE_TIED_RECENCY
page_112,112,page_112_semantic_2.csv,80.39,page_112_semantic_3.csv,67.04,False,13.35,True,SCORE_TIED_RECENCY
page_113,113,page_113_semantic_2.csv,81.35,page_113_semantic_3.csv,65.68,False,15.67,True,SCORE_TIED_RECENCY
page_114,114,page_114_semantic_3.csv,78.69,page_114_semantic_3.csv,59.66,True,19.03,True,SCORE_TIED_RECENCY
page_115,115,page_115_semantic_2.csv,78.63,page_115_semantic_3.csv,59.9,False,18.73,False,SCORE_CLEAR
page_116,116,page_116_semantic_3.csv,80.92,page_116_semantic_3.csv,65.37,True,15.55,False,SCORE_CLEAR
page_117,117,page_117_semantic_3.csv,80.15,page_117_semantic_3.csv,61.62,True,18.53,True,SCORE_TIED_RECENCY
page_118,118,page_118_semantic_3.csv,78.97,page_118_semantic_2.csv,60.04,False,18.93,True,SCORE_TIED_RECENCY
page_119,119,page_119_semantic_3.csv,80.83,page_119_semantic_2.csv,63.86,False,16.97,True,SCORE_TIED_RECENCY
page_120,120,page_120_semantic_2.csv,80.41,page_120_semantic_3.csv,62.53,False,17.88,True,SCORE_TIED_RECENCY
page_121,121,page_121_semantic_3.csv,81.82,page_121_semantic_3.csv,66.08,True,15.74,True,SCORE_TIED_RECENCY
page_122,122,page_122_semantic_3.csv,76.13,page_122_semantic_2.csv,53.2,False,22.93,True,SCORE_TIED_RECENCY
page_123,123,page_123_semantic_2.csv,79.18,page_123_semantic_1.csv,63.38,False,15.8,True,SCORE_TIED_RECENCY
page_124,124,page_124_semantic_3.csv,76.18,page_124_semantic_3.csv,56.79,True,19.39,False,SCORE_CLEAR
page_125,125,page_125_semantic_2.csv,74.75,page_125_semantic_1.csv,53.79,False,20.96,True,SCORE_TIED_RECENCY
page_126,126,page_126_semantic_2.csv,75.53,page_126_semantic_3.csv,51.42,False,24.11,False,SCORE_CLEAR
page_127,127,page_127_semantic_2.csv,72.47,page_127_semantic_1.csv,49.54,False,22.93,False,SCORE_CLEAR
page_128,128,page_128_semantic_3.csv,79.51,page_128_semantic_3.csv,62.59,True,16.92,True,SCORE_TIED_RECENCY
page_129,129,page_129_semantic_3.csv,76.38,page_129_semantic_1.csv,45.4,False,30.98,False,SCORE_CLEAR
page_130,130,page_130_semantic_1.csv,75.08,page_130_semantic_1.csv,50.2,True,24.88,False,SINGLE
page_131,131,page_131_semantic_3.csv,67.64,page_131_semantic_1.csv,26.1,False,41.54,True,SCORE_TIED_RECENCY
page_132,132,page_132_semantic_2.csv,71.35,page_132_semantic_2.csv,49.84,True,21.51,False,SCORE_CLEAR
page_133,133,page_133_semantic_2.csv,73.86,page_133_semantic_3.csv,51.98,False,21.88,True,SCORE_TIED_RECENCY
page_134,134,page_134_semantic_3.csv,76.27,page_134_semantic_2.csv,54.2,False,22.07,False,SCORE_CLEAR
page_135,135,page_135_semantic_3.csv,77.58,page_135_semantic_1.csv,55.17,False,22.41,False,SCORE_CLEAR
page_136,136,page_136_semantic_2.csv,76.0,page_136_semantic_3.csv,54.12,False,21.88,False,SCORE_CLEAR
page_137,137,page_137_semantic_2.csv,74.22,page_137_semantic_3.csv,52.0,False,22.22,False,SCORE_CLEAR
page_138,138,page_138_semantic_3.csv,77.27,page_138_semantic_1.csv,62.34,False,14.93,False,SCORE_CLEAR
page_139,139,page_139_semantic_3.csv,76.78,page_139_semantic_3.csv,62.38,True,14.4,False,SCORE_CLEAR
page_140,140,page_140_semantic_2.csv,74.8,page_140_semantic_1.csv,52.42,False,22.38,True,SCORE_TIED_RECENCY
page_141,141,page_141_semantic_3.csv,76.94,page_141_semantic_2.csv,56.46,False,20.48,True,SCORE_TIED_RECENCY
page_142,142,page_142_semantic_3.csv,81.21,page_142_semantic_1.csv,65.06,False,16.15,True,SCORE_TIED_RECENCY
page_143,143,page_143_semantic_2.csv,80.97,page_143_semantic_3.csv,60.89,False,20.08,True,SCORE_TIED_RECENCY
page_144,144,page_144_semantic_3.csv,75.62,page_144_semantic_1.csv,53.2,False,22.42,True,SCORE_TIED_RECENCY
page_145,145,page_145_semantic_3.csv,74.57,page_145_semantic_1.csv,50.34,False,24.23,True,SCORE_TIED_RECENCY
page_146,146,page_146_semantic_3.csv,78.78,page_146_semantic_3.csv,59.3,True,19.48,True,SCORE_TIED_RECENCY
page_147,147,page_147_semantic_3.csv,79.24,page_147_semantic_1.csv,60.49,False,18.75,True,SCORE_TIED_RECENCY
page_148,148,page_148_semantic_3.csv,74.89,page_148_semantic_3.csv,50.92,True,23.97,True,SCORE_TIED_RECENCY
page_149,149,page_149_semantic_3.csv,77.05,page_149_semantic_3.csv,56.1,True,20.95,True,SCORE_TIED_RECENCY
page_150,150,page_150_semantic_3.csv,75.36,page_150_semantic_3.csv,51.46,True,23.9,True,SCORE_TIED_RECENCY
page_151,151,page_151_semantic_2.csv,75.68,page_151_semantic_1.csv,48.16,False,27.52,False,SCORE_CLEAR
page_152,152,page_152_semantic_3.csv,79.0,page_152_semantic_3.csv,59.12,True,19.88,False,SCORE_CLEAR
page_153,153,page_153_semantic_2.csv,76.05,page_153_semantic_3.csv,54.85,False,21.2,True,SCORE_TIED_RECENCY
page_154,154,page_154_semantic_2.csv,76.74,page_154_semantic_1.csv,57.04,False,19.7,True,SCORE_TIED_RECENCY
page_155,155,page_155_semantic_2.csv,78.58,page_155_semantic_2.csv,59.16,True,19.42,True,SCORE_TIED_RECENCY
page_156,156,page_156_semantic_3.csv,81.78,page_156_semantic_1.csv,65.64,False,16.14,True,SCORE_TIED_RECENCY
page_157,157,page_157_semantic_2.csv,79.74,page_157_semantic_3.csv,54.69,False,25.05,True,SCORE_TIED_RECENCY
page_158,158,page_158_semantic_3.csv,72.76,page_158_semantic_3.csv,47.58,True,25.18,True,SCORE_TIED_RECENCY
page_159,159,page_159_semantic_2.csv,79.31,page_159_semantic_3.csv,60.56,False,18.75,True,SCORE_TIED_RECENCY
page_160,160,page_160_semantic_2.csv,76.51,page_160_semantic_1.csv,53.08,False,23.43,True,SCORE_TIED_RECENCY
page_161,161,page_161_semantic_1.csv,65.0,page_161_semantic_1.csv,50.0,True,15.0,False,SINGLE
page_162,162,page_162_semantic_3.csv,77.18,page_162_semantic_3.csv,56.18,True,21.0,True,SCORE_TIED_RECENCY
page_163,163,page_163_semantic_2.csv,75.55,page_163_semantic_1.csv,53.08,False,22.47,False,SCORE_CLEAR
page_164,164,page_164_semantic_3.csv,78.99,page_164_semantic_3.csv,59.96,True,19.03,True,SCORE_TIED_RECENCY
page_165,165,page_165_semantic_3.csv,80.17,page_165_semantic_1.csv,61.5,False,18.67,True,SCORE_TIED_RECENCY
page_166,166,page_166_semantic_3.csv,77.06,page_166_semantic_2.csv,55.86,False,21.2,True,SCORE_TIED_RECENCY
page_167,167,page_167_semantic_1.csv,81.56,page_167_semantic_3.csv,60.38,False,21.18,False,SCORE_CLEAR
page_168,168,page_168_semantic_2.csv,77.44,page_168_semantic_1.csv,55.17,False,22.27,True,SCORE_TIED_RECENCY
page_169,169,page_169_semantic_2.csv,77.21,page_169_semantic_1.csv,56.14,False,21.07,True,SCORE_TIED_RECENCY
page_170,170,page_170_semantic_1.csv,67.04,page_170_semantic_1.csv,50.1,True,16.94,False,SCORE_CLEAR
page_171,171,page_171_semantic_3.csv,76.04,page_171_semantic_1.csv,52.1,False,23.94,True,SCORE_TIED_RECENCY
page_172,172,page_172_semantic_2.csv,76.07,page_172_semantic_3.csv,53.08,False,22.99,False,SCORE_CLEAR
page_173,173,page_173_semantic_3.csv,74.76,page_173_semantic_1.csv,50.98,False,23.78,True,SCORE_TIED_RECENCY
page_174,174,page_174_semantic_2.csv,79.01,page_174_semantic_1.csv,60.16,False,18.85,True,SCORE_TIED_RECENCY
page_175,175,page_175_semantic_2.csv,78.59,page_175_semantic_3.csv,56.79,False,21.8,True,SCORE_TIED_RECENCY
page_176,176,page_176_semantic_3.csv,76.99,page_176_semantic_3.csv,55.74,True,21.25,True,SCORE_TIED_RECENCY
page_177,177,page_177_semantic_3.csv,75.26,page_177_semantic_3.csv,51.86,True,23.4,True,SCORE_TIED_RECENCY
page_178,178,page_178_semantic_2.csv,80.02,page_178_semantic_1.csv,61.49,False,18.53,True,SCORE_TIED_RECENCY
page_179,179,page_179_semantic_3.csv,78.91,page_179_semantic_1.csv,58.82,False,20.09,True,SCORE_TIED_RECENCY
page_180,180,page_180_semantic_3.csv,79.35,page_180_semantic_1.csv,59.07,False,20.28,True,SCORE_TIED_RECENCY
page_181,181,page_181_semantic_3.csv,75.91,page_181_semantic_1.csv,53.38,False,22.53,False,SCORE_CLEAR
page_182,182,page_182_semantic_3.csv,74.59,page_182_semantic_3.csv,51.16,True,23.43,True,SCORE_TIED_RECENCY
page_183,183,page_183_semantic_2.csv,76.6,page_183_semantic_3.csv,55.38,False,21.22,True,SCORE_TIED_RECENCY
page_184,184,page_184_semantic_2.csv,79.19,page_184_semantic_3.csv,58.97,False,20.22,True,SCORE_TIED_RECENCY
page_185,185,page_185_semantic_2.csv,77.7,page_185_semantic_3.csv,57.17,False,20.53,True,SCORE_TIED_RECENCY
page_186,186,page_186_semantic_3.csv,74.07,page_186_semantic_3.csv,48.66,True,25.41,True,SCORE_TIED_RECENCY
page_187,187,page_187_semantic_3.csv,76.85,page_187_semantic_1.csv,54.66,False,22.19,True,SCORE_TIED_RECENCY
page_188,188,page_188_semantic_3.csv,79.0,page_188_semantic_3.csv,58.82,True,20.18,True,SCORE_TIED_RECENCY
page_189,189,page_189_semantic_3.csv,76.68,page_189_semantic_3.csv,55.63,True,21.05,True,SCORE_TIED_RECENCY
page_190,190,page_190_semantic_2.csv,77.75,page_190_semantic_3.csv,56.79,False,20.96,True,SCORE_TIED_RECENCY
page_191,191,page_191_semantic_2.csv,78.3,page_191_semantic_3.csv,58.68,False,19.62,True,SCORE_TIED_RECENCY
page_192,192,page_192_semantic_3.csv,73.59,page_192_semantic_3.csv,48.38,True,25.21,True,SCORE_TIED_RECENCY
page_193,193,page_193_semantic_3.csv,73.92,page_193_semantic_3.csv,49.04,True,24.88,True,SCORE_TIED_RECENCY
page_194,194,page_194_semantic_3.csv,79.02,page_194_semantic_1.csv,60.05,False,18.97,True,SCORE_TIED_RECENCY
page_195,195,page_195_semantic_2.csv,78.42,page_195_semantic_3.csv,55.14,False,23.28,True,SCORE_TIED_RECENCY
page_196,196,page_196_semantic_3.csv,74.86,page_196_semantic_2.csv,52.7,False,22.16,True,SCORE_TIED_RECENCY
page_197,197,page_197_semantic_3.csv,74.29,page_197_semantic_2.csv,49.8,False,24.49,True,SCORE_TIED_RECENCY
page_198,198,page_198_semantic_2.csv,78.04,page_198_semantic_1.csv,56.67,False,21.37,True,SCORE_TIED_RECENCY
page_199,199,page_199_semantic_2.csv,79.2,page_199_semantic_1.csv,60.18,False,19.02,True,SCORE_TIED_RECENCY
page_200,200,page_200_semantic_3.csv,76.69,page_200_semantic_3.csv,55.6,True,21.09,False,SCORE_CLEAR
page_201,201,page_201_semantic_2.csv,79.32,page_201_semantic_3.csv,60.58,False,18.74,True,SCORE_TIED_RECENCY
page_202,202,page_202_semantic_2.csv,75.9,page_202_semantic_3.csv,49.72,False,26.18,False,SCORE_CLEAR
page_203,203,page_203_semantic_2.csv,79.61,page_203_semantic_3.csv,61.76,False,17.85,True,SCORE_TIED_RECENCY
page_204,204,page_204_semantic_3.csv,79.25,page_204_semantic_1.csv,62.67,False,16.58,False,SCORE_CLEAR
page_205,205,page_205_semantic_2.csv,79.34,page_205_semantic_3.csv,60.3,False,19.04,True,SCORE_TIED_RECENCY
page_206,206,page_206_semantic_2.csv,76.46,page_206_semantic_1.csv,55.38,False,21.08,True,SCORE_TIED_RECENCY
page_207,207,page_207_semantic_2.csv,74.83,page_207_semantic_2.csv,50.26,True,24.57,False,SCORE_CLEAR
page_208,208,page_208_semantic_3.csv,77.67,page_208_semantic_1.csv,56.18,False,21.49,False,SCORE_CLEAR
page_209,209,page_209_semantic_2.csv,77.47,page_209_semantic_3.csv,53.08,False,24.39,True,SCORE_TIED_RECENCY
page_210,210,page_210_semantic_2.csv,76.81,page_210_semantic_1.csv,55.94,False,20.87,True,SCORE_TIED_RECENCY
page_211,211,page_211_semantic_2.csv,80.36,page_211_semantic_1.csv,62.32,False,18.04,True,SCORE_TIED_RECENCY
page_212,212,page_212_semantic_2.csv,75.08,page_212_semantic_2.csv,51.32,True,23.76,False,SCORE_CLEAR
page_213,213,page_213_semantic_2.csv,75.62,page_213_semantic_1.csv,53.2,False,22.42,False,SCORE_CLEAR
page_214,214,page_214_semantic_3.csv,79.24,page_214_semantic_1.csv,60.85,False,18.39,True,SCORE_TIED_RECENCY
page_215,215,page_215_semantic_3.csv,76.7,page_215_semantic_3.csv,55.49,True,21.21,False,SCORE_CLEAR
page_216,216,page_216_semantic_3.csv,73.41,page_216_semantic_3.csv,49.04,True,24.37,True,SCORE_TIED_RECENCY
page_217,217,page_217_semantic_2.csv,72.65,page_217_semantic_3.csv,46.06,False,26.59,False,SCORE_CLEAR
page_218,218,page_218_semantic_3.csv,76.04,page_218_semantic_3.csv,52.1,True,23.94,True,SCORE_TIED_RECENCY
page_219,219,page_219_semantic_2.csv,76.74,page_219_semantic_1.csv,55.46,False,21.28,True,SCORE_TIED_RECENCY
page_220,220,page_220_semantic_2.csv,75.96,page_220_semantic_2.csv,53.52,True,22.44,False,SCORE_CLEAR
page_221,221,page_221_semantic_3.csv,73.65,page_221_semantic_2.csv,44.94,False,28.71,True,SCORE_TIED_RECENCY
page_222,222,page_222_semantic_3.csv,78.84,page_222_semantic_1.csv,58.4,False,20.44,False,SCORE_CLEAR
page_223,223,page_223_semantic_3.csv,80.07,page_223_semantic_3.csv,61.78,True,18.29,True,SCORE_TIED_RECENCY
page_224,224,page_224_semantic_3.csv,74.87,page_224_semantic_1.csv,50.92,False,23.95,True,SCORE_TIED_RECENCY
page_225,225,page_225_semantic_3.csv,75.28,page_225_semantic_2.csv,52.6,False,22.68,True,SCORE_TIED_RECENCY
page_226,226,page_226_semantic_3.csv,76.67,page_226_semantic_3.csv,55.42,True,21.25,False,SCORE_CLEAR
page_227,227,page_227_semantic_3.csv,77.04,page_227_semantic_3.csv,54.83,True,22.21,False,SCORE_CLEAR
page_228,228,page_228_semantic_3.csv,74.96,page_228_semantic_2.csv,50.02,False,24.94,True,SCORE_TIED_RECENCY
page_229,229,page_229_semantic_2.csv,75.17,page_229_semantic_2.csv,51.64,True,23.53,True,SCORE_TIED_RECENCY
page_230,230,page_230_semantic_3.csv,74.39,page_230_semantic_2.csv,48.86,False,25.53,True,SCORE_TIED_RECENCY
page_231,231,page_231_semantic_2.csv,76.18,page_231_semantic_1.csv,52.52,False,23.66,False,SCORE_CLEAR
page_232,232,page_232_semantic_3.csv,81.34,page_232_semantic_3.csv,64.94,True,16.4,True,SCORE_TIED_RECENCY
page_233,233,page_233_semantic_3.csv,79.26,page_233_semantic_3.csv,59.95,True,19.31,True,SCORE_TIED_RECENCY
page_234,234,page_234_semantic_2.csv,75.55,page_234_semantic_3.csv,52.94,False,22.61,True,SCORE_TIED_RECENCY
page_235,235,page_235_semantic_3.csv,75.13,page_235_semantic_1.csv,50.74,False,24.39,True,SCORE_TIED_RECENCY
page_236,236,page_236_semantic_3.csv,79.37,page_236_semantic_1.csv,59.31,False,20.06,False,SCORE_CLEAR
page_237,237,page_237_semantic_2.csv,80.44,page_237_semantic_1.csv,62.48,False,17.96,True,SCORE_TIED_RECENCY
page_238,238,page_238_semantic_3.csv,75.0,page_238_semantic_3.csv,51.14,True,23.86,True,SCORE_TIED_RECENCY
page_239,239,page_239_semantic_3.csv,74.32,page_239_semantic_2.csv,50.82,False,23.5,True,SCORE_TIED_RECENCY
page_240,240,page_240_semantic_3.csv,80.81,page_240_semantic_1.csv,63.15,False,17.66,True,SCORE_TIED_RECENCY
page_241,241,page_241_semantic_3.csv,79.52,page_241_semantic_3.csv,61.47,True,18.05,False,SCORE_CLEAR
page_242,242,page_242_semantic_3.csv,78.72,page_242_semantic_1.csv,59.62,False,19.1,True,SCORE_TIED_RECENCY
page_243,243,page_243_semantic_2.csv,75.4,page_243_semantic_3.csv,51.48,False,23.92,True,SCORE_TIED_RECENCY
page_244,244,page_244_semantic_2.csv,77.59,page_244_semantic_3.csv,55.14,False,22.45,True,SCORE_TIED_RECENCY
page_245,245,page_245_semantic_3.csv,76.75,page_245_semantic_3.csv,55.28,True,21.47,True,SCORE_TIED_RECENCY
page_246,246,page_246_semantic_3.csv,76.55,page_246_semantic_3.csv,54.56,True,21.99,True,SCORE_TIED_RECENCY
page_247,247,page_247_semantic_3.csv,76.62,page_247_semantic_3.csv,54.5,True,22.12,True,SCORE_TIED_RECENCY
page_248,248,page_248_semantic_2.csv,79.96,page_248_semantic_1.csv,62.12,False,17.84,True,SCORE_TIED_RECENCY
page_249,249,page_249_semantic_3.csv,78.56,page_249_semantic_3.csv,58.77,True,19.79,False,SCORE_CLEAR
page_250,250,page_250_semantic_2.csv,77.53,page_250_semantic_3.csv,56.31,False,21.22,True,SCORE_TIED_RECENCY
page_251,251,page_251_semantic_3.csv,78.64,page_251_semantic_3.csv,59.26,True,19.38,False,SCORE_CLEAR
page_252,252,page_252_semantic_2.csv,76.02,page_252_semantic_3.csv,52.88,False,23.14,True,SCORE_TIED_RECENCY
page_253,253,page_253_semantic_2.csv,76.91,page_253_semantic_3.csv,54.88,False,22.03,True,SCORE_TIED_RECENCY
page_254,254,page_254_semantic_3.csv,77.86,page_254_semantic_3.csv,56.19,True,21.67,False,SCORE_CLEAR
page_255,255,page_255_semantic_2.csv,77.24,page_255_semantic_3.csv,57.25,False,19.99,True,SCORE_TIED_RECENCY
page_256,256,page_256_semantic_2.csv,76.51,page_256_semantic_2.csv,54.78,True,21.73,True,SCORE_TIED_RECENCY
page_257,257,page_257_semantic_3.csv,74.95,page_257_semantic_3.csv,50.62,True,24.33,True,SCORE_TIED_RECENCY
page_258,258,page_258_semantic_3.csv,78.98,page_258_semantic_1.csv,59.64,False,19.34,False,SCORE_CLEAR
page_259,259,page_259_semantic_3.csv,78.75,page_259_semantic_1.csv,59.08,False,19.67,True,SCORE_TIED_RECENCY
page_260,260,page_260_semantic_3.csv,78.17,page_260_semantic_2.csv,58.26,False,19.91,True,SCORE_TIED_RECENCY
page_261,261,page_261_semantic_2.csv,76.62,page_261_semantic_1.csv,52.04,False,24.58,False,SCORE_CLEAR
page_262,262,page_262_semantic_3.csv,80.97,page_262_semantic_3.csv,63.85,True,17.12,True,SCORE_TIED_RECENCY
page_263,263,page_263_semantic_3.csv,79.45,page_263_semantic_3.csv,60.7,True,18.75,True,SCORE_TIED_RECENCY
page_264,264,page_264_semantic_3.csv,74.01,page_264_semantic_3.csv,49.64,True,24.37,True,SCORE_TIED_RECENCY
page_265,265,page_265_semantic_3.csv,78.23,page_265_semantic_1.csv,58.56,False,19.67,True,SCORE_TIED_RECENCY
page_266,266,page_266_semantic_3.csv,79.04,page_266_semantic_1.csv,59.98,False,19.06,True,SCORE_TIED_RECENCY
page_267,267,page_267_semantic_3.csv,81.07,page_267_semantic_1.csv,64.19,False,16.88,True,SCORE_TIED_RECENCY
page_268,268,page_268_semantic_2.csv,74.21,page_268_semantic_2.csv,50.08,True,24.13,False,SCORE_CLEAR
page_269,269,page_269_semantic_3.csv,75.86,page_269_semantic_3.csv,53.82,True,22.04,True,SCORE_TIED_RECENCY
page_270,270,page_270_semantic_2.csv,74.71,page_270_semantic_3.csv,50.22,False,24.49,False,SCORE_CLEAR
page_271,271,page_271_semantic_2.csv,73.46,page_271_semantic_2.csv,49.08,True,24.38,False,SCORE_CLEAR
page_272,272,page_272_semantic_2.csv,77.94,page_272_semantic_1.csv,59.17,False,18.77,True,SCORE_TIED_RECENCY
page_273,273,page_273_semantic_3.csv,80.42,page_273_semantic_3.csv,62.48,True,17.94,False,SCORE_CLEAR
page_274,274,page_274_semantic_3.csv,77.72,page_274_semantic_3.csv,57.12,True,20.6,True,SCORE_TIED_RECENCY
page_275,275,page_275_semantic_3.csv,74.65,page_275_semantic_2.csv,50.54,False,24.11,True,SCORE_TIED_RECENCY
page_276,276,page_276_semantic_2.csv,79.23,page_276_semantic_3.csv,59.09,False,20.14,True,SCORE_TIED_RECENCY
page_277,277,page_277_semantic_2.csv,80.26,page_277_semantic_3.csv,62.86,False,17.4,True,SCORE_TIED_RECENCY
page_278,278,page_278_semantic_3.csv,77.78,page_278_semantic_1.csv,57.42,False,20.36,True,SCORE_TIED_RECENCY
page_279,279,page_279_semantic_3.csv,76.73,page_279_semantic_2.csv,55.74,False,20.99,True,SCORE_TIED_RECENCY
page_280,280,page_280_semantic_2.csv,76.9,page_280_semantic_1.csv,55.92,False,20.98,False,SCORE_CLEAR
page_281,281,page_281_semantic_3.csv,75.08,page_281_semantic_3.csv,52.12,True,22.96,True,SCORE_TIED_RECENCY
page_282,282,page_282_semantic_2.csv,79.4,page_282_semantic_3.csv,60.16,False,19.24,True,SCORE_TIED_RECENCY
page_283,283,page_283_semantic_2.csv,78.45,page_283_semantic_3.csv,57.49,False,20.96,True,SCORE_TIED_RECENCY
page_284,284,page_284_semantic_3.csv,77.42,page_284_semantic_1.csv,57.12,False,20.3,True,SCORE_TIED_RECENCY
page_285,285,page_285_semantic_2.csv,79.54,page_285_semantic_1.csv,61.32,False,18.22,False,SCORE_CLEAR
page_286,286,page_286_semantic_3.csv,82.95,page_286_semantic_1.csv,68.33,False,14.62,True,SCORE_TIED_RECENCY
page_287,287,page_287_semantic_3.csv,81.76,page_287_semantic_1.csv,66.05,False,15.71,False,SCORE_CLEAR
page_288,288,page_288_semantic_3.csv,79.1,page_288_semantic_2.csv,60.16,False,18.94,True,SCORE_TIED_RECENCY
page_289,289,page_289_semantic_2.csv,75.67,page_289_semantic_3.csv,53.76,False,21.91,False,SCORE_CLEAR
page_290,290,page_290_semantic_2.csv,74.83,page_290_semantic_1.csv,50.3,False,24.53,False,SCORE_CLEAR
page_291,291,page_291_semantic_2.csv,74.77,page_291_semantic_1.csv,50.64,False,24.13,False,SCORE_CLEAR
page_292,292,page_292_semantic_3.csv,77.03,page_292_semantic_3.csv,57.12,True,19.91,False,SCORE_CLEAR
page_293,293,page_293_semantic_2.csv,80.4,page_293_semantic_1.csv,62.93,False,17.47,True,SCORE_TIED_RECENCY
page_294,294,page_294_semantic_3.csv,76.78,page_294_semantic_2.csv,55.82,False,20.96,True,SCORE_TIED_RECENCY
page_295,295,page_295_semantic_3.csv,73.24,page_295_semantic_3.csv,48.42,True,24.82,True,SCORE_TIED_RECENCY
page_296,296,page_296_semantic_3.csv,79.22,page_296_semantic_1.csv,59.4,False,19.82,False,SCORE_CLEAR
page_297,297,page_297_semantic_3.csv,80.88,page_297_semantic_1.csv,63.77,False,17.11,True,SCORE_TIED_RECENCY
page_298,298,page_298_semantic_3.csv,76.81,page_298_semantic_1.csv,55.68,False,21.13,True,SCORE_TIED_RECENCY
page_299,299,page_299_semantic_3.csv,75.11,page_299_semantic_2.csv,51.4,False,23.71,True,SCORE_TIED_RECENCY
page_300,300,page_300_semantic_2.csv,76.87,page_300_semantic_3.csv,54.84,False,22.03,False,SCORE_CLEAR
page_301,301,page_301_semantic_2.csv,73.96,page_301_semantic_2.csv,49.14,True,24.82,False,SCORE_CLEAR
page_302,302,page_302_semantic_2.csv,79.32,page_302_semantic_1.csv,59.6,False,19.72,True,SCORE_TIED_RECENCY
page_303,303,page_303_semantic_3.csv,76.36,page_303_semantic_3.csv,54.86,True,21.5,True,SCORE_TIED_RECENCY
page_304,304,page_304_semantic_3.csv,72.87,page_304_semantic_1.csv,51.22,False,21.65,True,SCORE_TIED_RECENCY
page_305,305,page_305_semantic_2.csv,73.47,page_305_semantic_3.csv,50.1,False,23.37,False,SCORE_CLEAR
page_306,306,page_306_semantic_3.csv,76.92,page_306_semantic_1.csv,53.74,False,23.18,False,SCORE_CLEAR
page_307,307,page_307_semantic_2.csv,80.93,page_307_semantic_3.csv,63.66,False,17.27,True,SCORE_TIED_RECENCY
page_308,308,page_308_semantic_2.csv,78.2,page_308_semantic_1.csv,57.9,False,20.3,False,SCORE_CLEAR
page_309,309,page_309_semantic_2.csv,76.41,page_309_semantic_2.csv,54.58,True,21.83,True,SCORE_TIED_RECENCY
page_310,310,page_310_semantic_2.csv,71.94,page_310_semantic_2.csv,45.02,True,26.92,False,SCORE_CLEAR
page_311,311,page_311_semantic_2.csv,75.28,page_311_semantic_2.csv,51.72,True,23.56,False,SCORE_CLEAR
page_312,312,page_312_semantic_3.csv,79.12,page_312_semantic_3.csv,58.86,True,20.26,True,SCORE_TIED_RECENCY
page_313,313,page_313_semantic_2.csv,77.9,page_313_semantic_2.csv,57.79,True,20.11,True,SCORE_TIED_RECENCY
page_314,314,page_314_semantic_3.csv,73.21,page_314_semantic_3.csv,48.18,True,25.03,True,SCORE_TIED_RECENCY
page_315,315,page_315_semantic_3.csv,74.46,page_315_semantic_2.csv,52.7,False,21.76,True,SCORE_TIED_RECENCY
page_316,316,page_316_semantic_3.csv,77.92,page_316_semantic_3.csv,57.44,True,20.48,False,SCORE_CLEAR
page_317,317,page_317_semantic_2.csv,79.64,page_317_semantic_3.csv,59.79,False,19.85,True,SCORE_TIED_RECENCY
page_318,318,page_318_semantic_3.csv,75.11,page_318_semantic_2.csv,50.8,False,24.31,True,SCORE_TIED_RECENCY
page_319,319,page_319_semantic_3.csv,70.97,page_319_semantic_1.csv,16.76,False,54.21,True,SCORE_TIED_RECENCY
page_320,320,page_320_semantic_2.csv,73.64,page_320_semantic_1.csv,20.1,False,53.54,True,SCORE_TIED_RECENCY
page_321,321,page_321_semantic_2.csv,74.57,page_321_semantic_3.csv,28.3,False,46.27,True,SCORE_TIED_RECENCY
page_322,322,page_322_semantic_3.csv,71.94,page_322_semantic_1.csv,43.94,False,28.0,True,SCORE_TIED_RECENCY
page_323,323,page_323_semantic_3.csv,77.74,page_323_semantic_2.csv,55.6,False,22.14,True,SCORE_TIED_RECENCY
page_324,324,page_324_semantic_3.csv,76.16,page_324_semantic_3.csv,53.23,True,22.93,False,SCORE_CLEAR
page_325,325,page_325_semantic_3.csv,76.62,page_325_semantic_1.csv,53.3,False,23.32,True,SCORE_TIED_RECENCY
page_326,326,page_326_semantic_2.csv,68.97,page_326_semantic_2.csv,31.3,True,37.67,False,SCORE_CLEAR
page_327,327,page_327_semantic_3.csv,73.97,page_327_semantic_1.csv,48.02,False,25.95,True,SCORE_TIED_RECENCY
page_328,328,page_328_semantic_2.csv,76.3,page_328_semantic_3.csv,52.76,False,23.54,True,SCORE_TIED_RECENCY
page_329,329,page_329_semantic_3.csv,77.34,page_329_semantic_1.csv,54.74,False,22.6,True,SCORE_TIED_RECENCY
page_331,331,page_331_semantic_3.csv,73.75,page_331_semantic_1.csv,52.42,False,21.33,False,SCORE_CLEAR
page_332,332,page_332_semantic_3.csv,72.29,page_332_semantic_2.csv,51.78,False,20.51,True,SCORE_TIED_RECENCY
page_333,333,page_333_semantic_2.csv,74.69,page_333_semantic_1.csv,52.3,False,22.39,False,SCORE_CLEAR
page_334,334,page_334_semantic_2.csv,78.25,page_334_semantic_1.csv,58.79,False,19.46,True,SCORE_TIED_RECENCY
page_335,335,page_335_semantic_2.csv,77.68,page_335_semantic_1.csv,59.19,False,18.49,True,SCORE_TIED_RECENCY
page_336,336,page_336_semantic_3.csv,73.85,page_336_semantic_2.csv,52.52,False,21.33,True,SCORE_TIED_RECENCY
page_337,337,page_337_semantic_3.csv,72.31,page_337_semantic_1.csv,51.26,False,21.05,True,SCORE_TIED_RECENCY
page_338,338,page_338_semantic_2.csv,77.58,page_338_semantic_1.csv,58.7,False,18.88,True,SCORE_TIED_RECENCY
page_339,339,page_339_semantic_2.csv,77.84,page_339_semantic_3.csv,59.92,False,17.92,True,SCORE_TIED_RECENCY
page_340,340,page_340_semantic_3.csv,74.06,page_340_semantic_3.csv,51.4,True,22.66,True,SCORE_TIED_RECENCY
page_342,342,page_342_semantic_2.csv,77.56,page_342_semantic_3.csv,58.57,False,18.99,True,SCORE_TIED_RECENCY
page_343,343,page_343_semantic_2.csv,79.42,page_343_semantic_3.csv,60.34,False,19.08,True,SCORE_TIED_RECENCY
page_344,344,page_344_semantic_3.csv,76.19,page_344_semantic_3.csv,53.78,True,22.41,True,SCORE_TIED_RECENCY
page_345,345,page_345_semantic_3.csv,76.62,page_345_semantic_3.csv,54.88,True,21.74,True,SCORE_TIED_RECENCY
page_346,346,page_346_semantic_2.csv,79.24,page_346_semantic_3.csv,60.43,False,18.81,True,SCORE_TIED_RECENCY
page_347,347,page_347_semantic_2.csv,79.05,page_347_semantic_3.csv,59.84,False,19.21,True,SCORE_TIED_RECENCY
page_348,348,page_348_semantic_3.csv,70.04,page_348_semantic_3.csv,40.1,True,29.94,True,SCORE_TIED_RECENCY
page_350,350,page_350_semantic_3.csv,75.87,page_350_semantic_2.csv,53.3,False,22.57,True,SCORE_TIED_RECENCY
page_351,351,page_351_semantic_3.csv,75.43,page_351_semantic_2.csv,52.82,False,22.61,True,SCORE_TIED_RECENCY
page_352,352,page_352_semantic_2.csv,77.27,page_352_semantic_1.csv,58.89,False,18.38,True,SCORE_TIED_RECENCY
page_353,353,page_353_semantic_3.csv,78.54,page_353_semantic_1.csv,61.34,False,17.2,True,SCORE_TIED_RECENCY
page_354,354,page_354_semantic_2.csv,74.53,page_354_semantic_1.csv,53.24,False,21.29,False,SCORE_CLEAR
page_355,355,page_355_semantic_2.csv,75.62,page_355_semantic_2.csv,55.2,True,20.42,False,SCORE_CLEAR
page_356,356,page_356_semantic_2.csv,78.46,page_356_semantic_3.csv,60.99,False,17.47,True,SCORE_TIED_RECENCY
page_357,357,page_357_semantic_3.csv,77.35,page_357_semantic_3.csv,59.27,True,18.08,True,SCORE_TIED_RECENCY
page_358,358,page_358_semantic_2.csv,77.5,page_358_semantic_1.csv,58.84,False,18.66,False,SCORE_CLEAR
page_359,359,page_359_semantic_3.csv,75.03,page_359_semantic_2.csv,53.26,False,21.77,True,SCORE_TIED_RECENCY
page_360,360,page_360_semantic_2.csv,77.93,page_360_semantic_3.csv,60.14,False,17.79,True,SCORE_TIED_RECENCY
page_361,361,page_361_semantic_2.csv,79.96,page_361_semantic_3.csv,61.24,False,18.72,True,SCORE_TIED_RECENCY
page_362,362,page_362_semantic_3.csv,74.9,page_362_semantic_2.csv,53.42,False,21.48,True,SCORE_TIED_RECENCY
page_363,363,page_363_semantic_3.csv,74.87,page_363_semantic_2.csv,53.72,False,21.15,True,SCORE_TIED_RECENCY
page_364,364,page_364_semantic_3.csv,79.27,page_364_semantic_3.csv,59.79,True,19.48,False,SCORE_CLEAR
page_365,365,page_365_semantic_3.csv,78.92,page_365_semantic_3.csv,59.08,True,19.84,False,SCORE_CLEAR
page_366,366,page_366_semantic_3.csv,75.31,page_366_semantic_2.csv,52.18,False,23.13,True,SCORE_TIED_RECENCY
page_367,367,page_367_semantic_1.csv,74.73,page_367_semantic_1.csv,56.9,True,17.83,False,SCORE_CLEAR
page_368,368,page_368_semantic_3.csv,79.56,page_368_semantic_3.csv,60.86,True,18.7,True,SCORE_TIED_RECENCY
page_369,369,page_369_semantic_2.csv,79.0,page_369_semantic_1.csv,59.66,False,19.34,True,SCORE_TIED_RECENCY
page_370,370,page_370_semantic_2.csv,78.44,page_370_semantic_3.csv,56.56,False,21.88,True,SCORE_TIED_RECENCY
page_371,371,page_371_semantic_3.csv,78.51,page_371_semantic_1.csv,61.07,False,17.44,True,SCORE_TIED_RECENCY
page_372,372,page_372_semantic_2.csv,74.96,page_372_semantic_1.csv,51.42,False,23.54,False,SCORE_CLEAR
page_373,373,page_373_semantic_1.csv,76.95,page_373_semantic_1.csv,55.9,True,21.05,False,SINGLE
page_374,374,page_374_semantic_3.csv,79.31,page_374_semantic_1.csv,59.73,False,19.58,False,SCORE_CLEAR
page_375,375,page_375_semantic_3.csv,79.58,page_375_semantic_1.csv,61.0,False,18.58,False,SCORE_CLEAR
page_376,376,page_376_semantic_2.csv,74.66,page_376_semantic_1.csv,50.84,False,23.82,False,SCORE_CLEAR
page_377,377,page_377_semantic_2.csv,75.91,page_377_semantic_1.csv,53.04,False,22.87,False,SCORE_CLEAR
page_378,378,page_378_semantic_3.csv,79.56,page_378_semantic_1.csv,60.51,False,19.05,False,SCORE_CLEAR
page_379,379,page_379_semantic_3.csv,79.81,page_379_semantic_1.csv,61.54,False,18.27,False,SCORE_CLEAR
page_380,380,page_380_semantic_3.csv,79.49,page_380_semantic_1.csv,60.58,False,18.91,False,SCORE_CLEAR
page_381,381,page_381_semantic_3.csv,79.15,page_381_semantic_1.csv,59.97,False,19.18,False,SCORE_CLEAR
page_382,382,page_382_semantic_2.csv,76.11,page_382_semantic_1.csv,53.7,False,22.41,False,SCORE_CLEAR
page_383,383,page_383_semantic_1.csv,75.76,page_383_semantic_1.csv,57.3,True,18.46,False,SCORE_CLEAR
page_384,384,page_384_semantic_3.csv,78.56,page_384_semantic_1.csv,59.17,False,19.39,False,SCORE_CLEAR
page_385,385,page_385_semantic_3.csv,77.49,page_385_semantic_1.csv,57.9,False,19.59,False,SCORE_CLEAR
page_386,386,page_386_semantic_2.csv,74.57,page_386_semantic_1.csv,51.1,False,23.47,False,SCORE_CLEAR
page_387,387,page_387_semantic_2.csv,73.62,page_387_semantic_1.csv,49.7,False,23.92,False,SCORE_CLEAR
page_388,388,page_388_semantic_3.csv,79.63,page_388_semantic_1.csv,60.98,False,18.65,False,SCORE_CLEAR
page_389,389,page_389_semantic_2.csv,79.39,page_389_semantic_1.csv,60.67,False,18.72,True,SCORE_TIED_RECENCY
page_390,390,page_390_semantic_3.csv,78.12,page_390_semantic_1.csv,59.33,False,18.79,False,SCORE_CLEAR
page_391,391,page_391_semantic_2.csv,78.32,page_391_semantic_3.csv,60.39,False,17.93,True,SCORE_TIED_RECENCY
page_392,392,page_392_semantic_3.csv,74.71,page_392_semantic_1.csv,52.6,False,22.11,True,SCORE_TIED_RECENCY
page_393,393,page_393_semantic_2.csv,74.47,page_393_semantic_1.csv,53.18,False,21.29,False,SCORE_CLEAR
page_394,394,page_394_semantic_3.csv,78.19,page_394_semantic_3.csv,60.47,True,17.72,False,SCORE_CLEAR
page_395,395,page_395_semantic_2.csv,78.16,page_395_semantic_1.csv,59.51,False,18.65,True,SCORE_TIED_RECENCY
page_396,396,page_396_semantic_3.csv,76.52,page_396_semantic_2.csv,56.6,False,19.92,True,SCORE_TIED_RECENCY
page_397,397,page_397_semantic_2.csv,73.42,page_397_semantic_3.csv,50.76,False,22.66,False,SCORE_CLEAR
page_398,398,page_398_semantic_3.csv,77.8,page_398_semantic_1.csv,59.92,False,17.88,False,SCORE_CLEAR
page_399,399,page_399_semantic_2.csv,78.53,page_399_semantic_1.csv,61.37,False,17.16,True,SCORE_TIED_RECENCY
page_400,400,page_400_semantic_2.csv,74.86,page_400_semantic_3.csv,53.24,False,21.62,False,SCORE_CLEAR
page_401,401,page_401_semantic_3.csv,74.82,page_401_semantic_2.csv,53.04,False,21.78,True,SCORE_TIED_RECENCY
page_402,402,page_402_semantic_3.csv,78.17,page_402_semantic_1.csv,61.07,False,17.1,False,SCORE_CLEAR
page_403,403,page_403_semantic_3.csv,78.59,page_403_semantic_1.csv,59.0,False,19.59,False,SCORE_CLEAR
page_404,404,page_404_semantic_2.csv,75.52,page_404_semantic_1.csv,52.74,False,22.78,False,SCORE_CLEAR
page_405,405,page_405_semantic_2.csv,75.03,page_405_semantic_3.csv,50.94,False,24.09,False,SCORE_CLEAR
page_406,406,page_406_semantic_3.csv,76.75,page_406_semantic_1.csv,57.7,False,19.05,True,SCORE_TIED_RECENCY
page_407,407,page_407_semantic_2.csv,77.11,page_407_semantic_1.csv,57.97,False,19.14,True,SCORE_TIED_RECENCY
page_408,408,page_408_semantic_3.csv,74.21,page_408_semantic_2.csv,52.9,False,21.31,True,SCORE_TIED_RECENCY
page_409,409,page_409_semantic_2.csv,74.21,page_409_semantic_2.csv,53.44,True,20.77,False,SCORE_CLEAR
page_410,410,page_410_semantic_2.csv,73.64,page_410_semantic_2.csv,51.54,True,22.1,False,SCORE_CLEAR
page_411,411,page_411_semantic_2.csv,75.89,page_411_semantic_2.csv,53.72,True,22.17,False,SCORE_CLEAR
page_412,412,page_412_semantic_3.csv,79.41,page_412_semantic_2.csv,60.67,False,18.74,False,SCORE_CLEAR
page_413,413,page_413_semantic_3.csv,77.95,page_413_semantic_1.csv,59.11,False,18.84,False,SCORE_CLEAR
page_414,414,page_414_semantic_2.csv,75.55,page_414_semantic_3.csv,52.92,False,22.63,False,SCORE_CLEAR
page_415,415,page_415_semantic_2.csv,76.18,page_415_semantic_3.csv,53.24,False,22.94,False,SCORE_CLEAR
page_416,416,page_416_semantic_2.csv,79.69,page_416_semantic_1.csv,61.08,False,18.61,True,SCORE_TIED_RECENCY
page_417,417,page_417_semantic_2.csv,79.86,page_417_semantic_1.csv,61.13,False,18.73,True,SCORE_TIED_RECENCY
page_418,418,page_418_semantic_3.csv,76.9,page_418_semantic_1.csv,55.18,False,21.72,True,SCORE_TIED_RECENCY
page_419,419,page_419_semantic_3.csv,75.24,page_419_semantic_3.csv,51.78,True,23.46,True,SCORE_TIED_RECENCY
page_420,420,page_420_semantic_2.csv,79.03,page_420_semantic_1.csv,60.1,False,18.93,True,SCORE_TIED_RECENCY
page_421,421,page_421_semantic_2.csv,79.1,page_421_semantic_1.csv,59.7,False,19.4,True,SCORE_TIED_RECENCY
page_422,422,page_422_semantic_3.csv,76.27,page_422_semantic_2.csv,54.58,False,21.69,True,SCORE_TIED_RECENCY
page_423,423,page_423_semantic_2.csv,76.48,page_423_semantic_2.csv,54.78,True,21.7,True,SCORE_TIED_RECENCY
page_424,424,page_424_semantic_3.csv,77.68,page_424_semantic_1.csv,59.82,False,17.86,False,SCORE_CLEAR
page_425,425,page_425_semantic_3.csv,78.37,page_425_semantic_1.csv,60.83,False,17.54,True,SCORE_TIED_RECENCY
page_426,426,page_426_semantic_3.csv,74.64,page_426_semantic_3.csv,53.28,True,21.36,True,SCORE_TIED_RECENCY
page_427,427,page_427_semantic_2.csv,73.15,page_427_semantic_1.csv,50.52,False,22.63,False,SCORE_CLEAR
page_428,428,page_428_semantic_3.csv,77.57,page_428_semantic_1.csv,58.18,False,19.39,False,SCORE_CLEAR
page_429,429,page_429_semantic_2.csv,78.26,page_429_semantic_1.csv,61.54,False,16.72,True,SCORE_TIED_RECENCY
page_430,430,page_430_semantic_3.csv,80.33,page_430_semantic_3.csv,62.48,True,17.85,False,SCORE_CLEAR
page_431,431,page_431_semantic_3.csv,78.43,page_431_semantic_1.csv,58.38,False,20.05,False,SCORE_CLEAR
page_432,432,page_432_semantic_3.csv,76.42,page_432_semantic_1.csv,54.96,False,21.46,True,SCORE_TIED_RECENCY
page_433,433,page_433_semantic_3.csv,76.77,page_433_semantic_2.csv,55.1,False,21.67,True,SCORE_TIED_RECENCY
page_434,434,page_434_semantic_2.csv,79.36,page_434_semantic_1.csv,60.35,False,19.01,True,SCORE_TIED_RECENCY
page_435,435,page_435_semantic_3.csv,79.84,page_435_semantic_1.csv,61.51,False,18.33,False,SCORE_CLEAR
page_436,436,page_436_semantic_2.csv,75.68,page_436_semantic_1.csv,52.68,False,23.0,False,SCORE_CLEAR
page_437,437,page_437_semantic_2.csv,76.73,page_437_semantic_3.csv,54.86,False,21.87,False,SCORE_CLEAR
page_438,438,page_438_semantic_3.csv,78.97,page_438_semantic_1.csv,60.06,False,18.91,False,SCORE_CLEAR
page_439,439,page_439_semantic_3.csv,79.66,page_439_semantic_1.csv,61.0,False,18.66,False,SCORE_CLEAR
page_440,440,page_440_semantic_3.csv,74.55,page_440_semantic_1.csv,50.84,False,23.71,True,SCORE_TIED_RECENCY
page_441,441,page_441_semantic_3.csv,73.81,page_441_semantic_2.csv,50.16,False,23.65,True,SCORE_TIED_RECENCY
page_442,442,page_442_semantic_2.csv,79.13,page_442_semantic_1.csv,59.81,False,19.32,True,SCORE_TIED_RECENCY
page_443,443,page_443_semantic_3.csv,78.92,page_443_semantic_1.csv,59.59,False,19.33,True,SCORE_TIED_RECENCY
page_444,444,page_444_semantic_3.csv,75.17,page_444_semantic_1.csv,52.1,False,23.07,True,SCORE_TIED_RECENCY
page_445,445,page_445_semantic_2.csv,77.6,page_445_semantic_2.csv,56.94,True,20.66,True,SCORE_TIED_RECENCY
page_446,446,page_446_semantic_3.csv,79.98,page_446_semantic_1.csv,61.35,False,18.63,True,SCORE_TIED_RECENCY
page_447,447,page_447_semantic_3.csv,80.24,page_447_semantic_1.csv,62.12,False,18.12,True,SCORE_TIED_RECENCY
page_448,448,page_448_semantic_3.csv,74.37,page_448_semantic_1.csv,51.0,False,23.37,True,SCORE_TIED_RECENCY
page_449,449,page_449_semantic_3.csv,72.41,page_449_semantic_3.csv,47.92,True,24.49,True,SCORE_TIED_RECENCY
page_450,450,page_450_semantic_2.csv,75.76,page_450_semantic_2.csv,53.32,True,22.44,False,SCORE_CLEAR
page_451,451,page_451_semantic_2.csv,75.11,page_451_semantic_1.csv,52.4,False,22.71,False,SCORE_CLEAR
page_452,452,page_452_semantic_3.csv,76.75,page_452_semantic_3.csv,58.0,True,18.75,False,SCORE_CLEAR
page_453,453,page_453_semantic_3.csv,79.78,page_453_semantic_3.csv,60.98,True,18.8,False,SCORE_CLEAR
page_454,454,page_454_semantic_2.csv,74.05,page_454_semantic_1.csv,50.2,False,23.85,False,SCORE_CLEAR
page_455,455,page_455_semantic_2.csv,75.68,page_455_semantic_1.csv,53.46,False,22.22,False,SCORE_CLEAR
page_456,456,page_456_semantic_3.csv,77.99,page_456_semantic_1.csv,58.27,False,19.72,False,SCORE_CLEAR
page_457,457,page_457_semantic_3.csv,78.29,page_457_semantic_1.csv,58.85,False,19.44,False,SCORE_CLEAR
page_458,458,page_458_semantic_1.csv,71.39,page_458_semantic_1.csv,54.7,True,16.69,False,SCORE_CLEAR
page_459,459,page_459_semantic_3.csv,73.77,page_459_semantic_1.csv,48.58,False,25.19,True,SCORE_TIED_RECENCY
page_460,460,page_460_semantic_2.csv,76.59,page_460_semantic_3.csv,56.31,False,20.28,True,SCORE_TIED_RECENCY
page_461,461,page_461_semantic_3.csv,78.03,page_461_semantic_3.csv,58.07,True,19.96,False,SCORE_CLEAR
page_462,462,page_462_semantic_2.csv,73.42,page_462_semantic_3.csv,47.92,False,25.5,False,SCORE_CLEAR
page_463,463,page_463_semantic_2.csv,74.27,page_463_semantic_2.csv,49.7,True,24.57,False,SCORE_CLEAR
page_464,464,page_464_semantic_3.csv,78.24,page_464_semantic_3.csv,57.77,True,20.47,False,SCORE_CLEAR
page_465,465,page_465_semantic_3.csv,77.56,page_465_semantic_3.csv,57.61,True,19.95,False,SCORE_CLEAR
page_466,466,page_466_semantic_2.csv,72.98,page_466_semantic_1.csv,49.58,False,23.4,False,SCORE_CLEAR
page_467,467,page_467_semantic_1.csv,76.12,page_467_semantic_1.csv,56.2,True,19.92,False,SINGLE
page_468,468,page_468_semantic_3.csv,78.06,page_468_semantic_3.csv,58.11,True,19.95,False,SCORE_CLEAR
page_469,469,page_469_semantic_3.csv,78.78,page_469_semantic_1.csv,57.13,False,21.65,False,SCORE_CLEAR
page_470,470,page_470_semantic_3.csv,78.51,page_470_semantic_1.csv,58.72,False,19.79,False,SCORE_CLEAR
page_471,471,page_471_semantic_3.csv,79.83,page_471_semantic_1.csv,61.18,False,18.65,False,SCORE_CLEAR
page_472,472,page_472_semantic_2.csv,76.88,page_472_semantic_1.csv,55.06,False,21.82,False,SCORE_CLEAR
page_473,473,page_473_semantic_2.csv,76.41,page_473_semantic_1.csv,54.66,False,21.75,False,SCORE_CLEAR
page_474,474,page_474_semantic_3.csv,79.16,page_474_semantic_1.csv,59.81,False,19.35,False,SCORE_CLEAR
page_475,475,page_475_semantic_3.csv,77.92,page_475_semantic_1.csv,58.06,False,19.86,False,SCORE_CLEAR
page_476,476,page_476_semantic_2.csv,76.45,page_476_semantic_2.csv,54.2,True,22.25,False,SCORE_CLEAR
page_477,477,page_477_semantic_2.csv,75.38,page_477_semantic_1.csv,52.22,False,23.16,False,SCORE_CLEAR
page_478,478,page_478_semantic_3.csv,78.95,page_478_semantic_1.csv,59.31,False,19.64,False,SCORE_CLEAR
page_479,479,page_479_semantic_3.csv,78.72,page_479_semantic_3.csv,59.0,True,19.72,False,SCORE_CLEAR
page_480,480,page_480_semantic_3.csv,78.53,page_480_semantic_3.csv,59.18,True,19.35,False,SCORE_CLEAR
page_481,481,page_481_semantic_3.csv,79.36,page_481_semantic_1.csv,60.61,False,18.75,False,SCORE_CLEAR
page_482,482,page_482_semantic_2.csv,76.54,page_482_semantic_1.csv,55.92,False,20.62,False,SCORE_CLEAR
page_483,483,page_483_semantic_2.csv,73.67,page_483_semantic_3.csv,48.62,False,25.05,False,SCORE_CLEAR
page_484,484,page_484_semantic_3.csv,79.17,page_484_semantic_1.csv,59.83,False,19.34,False,SCORE_CLEAR
page_485,485,page_485_semantic_3.csv,78.85,page_485_semantic_2.csv,59.47,False,19.38,False,SCORE_CLEAR
page_486,486,page_486_semantic_2.csv,75.52,page_486_semantic_1.csv,53.06,False,22.46,False,SCORE_CLEAR
page_487,487,page_487_semantic_3.csv,73.82,page_487_semantic_2.csv,51.84,False,21.98,True,SCORE_TIED_RECENCY
page_488,488,page_488_semantic_2.csv,65.95,page_488_semantic_1.csv,50.93,False,15.02,True,SCORE_TIED_RECENCY
page_489,489,page_489_semantic_3.csv,72.51,page_489_semantic_3.csv,50.8,True,21.71,False,SCORE_CLEAR
page_491,491,page_491_semantic_2.csv,70.0,page_491_semantic_3.csv,57.04,False,12.96,True,SCORE_TIED_RECENCY
page_492,492,page_492_semantic_3.csv,71.38,page_492_semantic_2.csv,58.48,False,12.9,True,SCORE_TIED_RECENCY
page_493,493,page_493_semantic_2.csv,70.29,page_493_semantic_1.csv,47.2,False,23.09,False,SCORE_CLEAR
page_494,494,page_494_semantic_1.csv,74.66,page_494_semantic_1.csv,58.2,True,16.46,False,SCORE_CLEAR
page_495,495,page_495_semantic_1.csv,76.39,page_495_semantic_1.csv,61.7,True,14.69,True,SCORE_TIED_RECENCY
page_496,496,page_496_semantic_5.csv,80.53,page_496_semantic_1.csv,63.9,False,16.63,True,SCORE_TIED_RECENCY
page_497,497,page_497_semantic_5.csv,75.93,page_497_semantic_1.csv,60.2,False,15.73,True,SCORE_TIED_RECENCY
page_498,498,page_498_semantic_5.csv,71.76,page_498_semantic_1.csv,51.7,False,20.06,False,SCORE_CLEAR
page_499,499,page_499_semantic_1.csv,76.1,page_499_semantic_1.csv,61.7,True,14.4,False,SCORE_CLEAR
page_500,500,page_500_semantic_5.csv,77.15,page_500_semantic_1.csv,56.0,False,21.15,False,SCORE_CLEAR
page_501,501,page_501_semantic_5.csv,73.05,page_501_semantic_1.csv,54.5,False,18.55,False,SCORE_CLEAR
page_502,502,page_502_semantic_5.csv,79.33,page_502_semantic_1.csv,39.7,False,39.63,False,SCORE_CLEAR
page_503,503,page_503_semantic_5.csv,77.74,page_503_semantic_1.csv,40.0,False,37.74,False,SCORE_CLEAR
page_504,504,page_504_semantic_1.csv,77.04,page_504_semantic_1.csv,63.7,True,13.34,True,SCORE_TIED_RECENCY
page_505,505,page_505_semantic_5.csv,75.51,page_505_semantic_1.csv,60.3,False,15.21,False,SCORE_CLEAR
page_506,506,page_506_semantic_1.csv,77.86,page_506_semantic_1.csv,61.2,True,16.66,False,SCORE_CLEAR
page_507,507,page_507_semantic_1.csv,76.0,page_507_semantic_1.csv,55.2,True,20.8,True,SCORE_TIED_RECENCY
page_508,508,page_508_semantic_5.csv,78.96,page_508_semantic_1.csv,55.5,False,23.46,True,SCORE_TIED_RECENCY
page_509,509,page_509_semantic_5.csv,77.87,page_509_semantic_1.csv,63.7,False,14.17,False,SCORE_CLEAR
page_510,510,page_510_semantic_2.csv,76.31,nan,,False,,False,SINGLE
page_511,511,page_511_semantic_1.csv,80.18,page_511_semantic_1.csv,63.1,True,17.08,False,SINGLE
page_512,512,page_512_semantic_1.csv,76.01,page_512_semantic_1.csv,59.8,True,16.21,False,SCORE_CLEAR
page_513,513,page_513_semantic_5.csv,76.34,page_513_semantic_1.csv,55.1,False,21.24,False,SCORE_CLEAR
page_514,514,page_514_semantic_1.csv,76.85,page_514_semantic_1.csv,63.6,True,13.25,False,SCORE_CLEAR
page_515,515,page_515_semantic_1.csv,69.27,page_515_semantic_1.csv,52.6,True,16.67,False,SCORE_CLEAR
page_516,516,page_516_semantic_1.csv,77.18,page_516_semantic_1.csv,61.4,True,15.78,False,SCORE_CLEAR
page_517,517,page_517_semantic_1.csv,77.52,page_517_semantic_1.csv,64.2,True,13.32,False,SCORE_CLEAR
page_518,518,page_518_semantic_1.csv,77.47,page_518_semantic_1.csv,62.2,True,15.27,False,SCORE_CLEAR
page_519,519,page_519_semantic_1.csv,75.39,page_519_semantic_1.csv,63.1,True,12.29,False,SCORE_CLEAR
page_520,520,page_520_semantic_5.csv,59.89,page_520_semantic_1.csv,64.9,False,-5.01,True,SCORE_TIED_RECENCY
page_521,521,page_521_semantic_1.csv,75.12,page_521_semantic_1.csv,62.6,True,12.52,False,SCORE_CLEAR
page_522,522,page_522_semantic_5.csv,75.6,page_522_semantic_1.csv,59.7,False,15.9,False,SCORE_CLEAR
page_523,523,page_523_semantic_1.csv,77.49,page_523_semantic_1.csv,66.6,True,10.89,False,SCORE_CLEAR
page_524,524,page_524_semantic_1.csv,75.87,page_524_semantic_1.csv,62.0,True,13.87,False,SCORE_CLEAR
page_525,525,page_525_semantic_5.csv,73.51,page_525_semantic_1.csv,58.2,False,15.31,False,SCORE_CLEAR
page_526,526,page_526_semantic_1.csv,75.4,page_526_semantic_1.csv,62.3,True,13.1,False,SCORE_CLEAR
page_527,527,page_527_semantic_5.csv,76.98,page_527_semantic_1.csv,28.9,False,48.08,False,SCORE_CLEAR
page_528,528,page_528_semantic_1.csv,74.72,page_528_semantic_1.csv,59.8,True,14.92,False,SCORE_CLEAR
page_529,529,page_529_semantic_5.csv,78.26,page_529_semantic_1.csv,37.0,False,41.26,False,SCORE_CLEAR
page_530,530,page_530_semantic_1.csv,76.47,page_530_semantic_1.csv,59.2,True,17.27,False,SCORE_CLEAR
page_531,531,page_531_semantic_5.csv,73.4,page_531_semantic_1.csv,51.3,False,22.1,False,SCORE_CLEAR
page_532,532,page_532_semantic_5.csv,74.36,page_532_semantic_1.csv,57.3,False,17.06,False,SCORE_CLEAR
page_533,533,page_533_semantic_5.csv,76.33,page_533_semantic_1.csv,37.3,False,39.03,False,SCORE_CLEAR
page_534,534,page_534_semantic_5.csv,55.17,page_534_semantic_1.csv,28.6,False,26.57,False,SCORE_CLEAR
page_535,535,page_535_semantic_1.csv,76.93,page_535_semantic_1.csv,69.3,True,7.63,True,SCORE_TIED_RECENCY
page_536,536,page_536_semantic_5.csv,76.44,page_536_semantic_1.csv,64.0,False,12.44,False,SCORE_CLEAR
page_537,537,page_537_semantic_1.csv,76.25,page_537_semantic_1.csv,64.0,True,12.25,False,SCORE_CLEAR
page_538,538,page_538_semantic_3.csv,77.05,page_538_semantic_1.csv,35.8,False,41.25,False,SCORE_CLEAR
page_539,539,page_539_semantic_1.csv,73.71,page_539_semantic_1.csv,60.0,True,13.71,False,SCORE_CLEAR
page_540,540,page_540_semantic_1.csv,76.11,page_540_semantic_1.csv,61.1,True,15.01,True,SCORE_TIED_RECENCY
page_541,541,page_541_semantic_5.csv,75.11,page_541_semantic_1.csv,28.4,False,46.71,False,SCORE_CLEAR
page_542,542,page_542_semantic_5.csv,75.67,page_542_semantic_1.csv,35.8,False,39.87,False,SCORE_CLEAR
page_543,543,page_543_semantic_5.csv,77.21,page_543_semantic_1.csv,40.1,False,37.11,False,SCORE_CLEAR
page_544,544,page_544_semantic_5.csv,77.78,page_544_semantic_1.csv,63.8,False,13.98,True,SCORE_TIED_RECENCY
page_545,545,page_545_semantic_1.csv,74.45,page_545_semantic_1.csv,59.8,True,14.65,False,SCORE_CLEAR
page_546,546,page_546_semantic_5.csv,76.47,page_546_semantic_1.csv,38.2,False,38.27,False,SCORE_CLEAR
page_547,547,page_547_semantic_5.csv,75.74,page_547_semantic_1.csv,57.9,False,17.84,False,SCORE_CLEAR
page_548,548,page_548_semantic_5.csv,75.6,page_548_semantic_1.csv,62.4,False,13.2,False,SCORE_CLEAR
page_549,549,page_549_semantic_1.csv,74.5,page_549_semantic_1.csv,55.7,True,18.8,True,SCORE_TIED_RECENCY
page_550,550,page_550_semantic_1.csv,77.63,page_550_semantic_1.csv,64.6,True,13.03,False,SCORE_CLEAR
page_551,551,page_551_semantic_5.csv,73.72,page_551_semantic_1.csv,53.8,False,19.92,False,SCORE_CLEAR
page_552,552,page_552_semantic_5.csv,73.82,page_552_semantic_1.csv,53.1,False,20.72,False,SCORE_CLEAR
page_553,553,page_553_semantic_1.csv,76.73,page_553_semantic_1.csv,60.5,True,16.23,True,SCORE_TIED_RECENCY
page_554,554,page_554_semantic_5.csv,72.25,page_554_semantic_1.csv,63.8,False,8.45,False,SCORE_CLEAR
page_555,555,page_555_semantic_5.csv,75.95,page_555_semantic_1.csv,63.8,False,12.15,True,SCORE_TIED_RECENCY
page_556,556,page_556_semantic_5.csv,74.73,page_556_semantic_1.csv,59.7,False,15.03,False,SCORE_CLEAR
page_557,557,page_557_semantic_5.csv,75.08,page_557_semantic_1.csv,60.1,False,14.98,False,SCORE_CLEAR
page_558,558,page_558_semantic_5.csv,74.78,page_558_semantic_1.csv,52.4,False,22.38,False,SCORE_CLEAR
page_559,559,page_559_semantic_5.csv,75.41,page_559_semantic_1.csv,41.0,False,34.41,False,SCORE_CLEAR
page_560,560,page_560_semantic_5.csv,78.38,page_560_semantic_1.csv,68.3,False,10.08,False,SCORE_CLEAR
page_561,561,page_561_semantic_1.csv,75.16,page_561_semantic_1.csv,60.1,True,15.06,False,SCORE_CLEAR
page_562,562,page_562_semantic_5.csv,73.28,page_562_semantic_1.csv,55.9,False,17.38,False,SCORE_CLEAR
page_563,563,page_563_semantic_5.csv,76.65,page_563_semantic_1.csv,33.7,False,42.95,False,SCORE_CLEAR
page_564,564,page_564_semantic_5.csv,76.11,page_564_semantic_1.csv,58.5,False,17.61,False,SCORE_CLEAR
page_565,565,page_565_semantic_5.csv,76.19,page_565_semantic_1.csv,60.1,False,16.09,True,SCORE_TIED_RECENCY
page_566,566,page_566_semantic_1.csv,77.81,page_566_semantic_1.csv,64.9,True,12.91,False,SCORE_CLEAR
page_567,567,page_567_semantic_1.csv,74.46,page_567_semantic_1.csv,57.7,True,16.76,False,SCORE_CLEAR
page_568,568,page_568_semantic_5.csv,77.25,page_568_semantic_1.csv,60.0,False,17.25,False,SCORE_CLEAR
page_569,569,page_569_semantic_5.csv,76.97,page_569_semantic_1.csv,59.4,False,17.57,False,SCORE_CLEAR
page_570,570,page_570_semantic_1.csv,76.39,page_570_semantic_1.csv,58.3,True,18.09,False,SCORE_CLEAR
page_572,572,page_572_semantic_3.csv,76.29,page_572_semantic_2.csv,52.6,False,23.69,True,SCORE_TIED_RECENCY
page_573,573,page_573_semantic_3.csv,73.35,page_573_semantic_1.csv,21.53,False,51.82,True,SCORE_TIED_RECENCY
page_574,574,page_574_semantic_2.csv,69.72,page_574_semantic_2.csv,14.3,True,55.42,True,SCORE_TIED_RECENCY
page_575,575,page_575_semantic_3.csv,73.45,page_575_semantic_2.csv,46.96,False,26.49,True,SCORE_TIED_RECENCY
