canonical_label,frequency,cluster_id
General medicine,323,0
legal profession,142,0
Municipal cemeteries,139,0
Unknown,56,0
pharmacy,49,0
unknown,45,0
watchmaking,37,0
boxes,36,0
veterinary,30,0
midwifery,28,0
Various Representations,27,0
nursing homes,25,0
Legal profession,25,0
Patriarchal Basilica of St. Mark,24,0
Labor,23,0
Educational Institution,21,0
Dental Offices,21,0
Pest control,21,0
Jewish community,20,0
Cinema,20,0
Clergy,18,0
Engineering,18,0
various representations,18,0
Newspapers,18,0
active members,17,0
pensions,17,0
Pharmacy,17,0
Hotel,15,0
Medical profession,15,0
agriculture,14,0
paper,14,0
inns,13,0
Religious institution/clergy,12,0
Scientific and Educational,12,0
Education/language instruction,12,0
newspaper,11,0
Educational institution,10,0
elementary schools,10,0
parishes and branches,10,0
Umbrellas,9,0
religious institution,9,0
Watchmaking,9,0
Inn,9,0
Hotels,8,0
Phonographs and records,8,0
Religious institution,8,0
utilities,8,0
various activities,7,0
component,7,0
municipality,7,0
Education,6,0
Philatelic section,6,0
Language and literature,6,0
Address/Location,6,0
rowing club,5,0
Midwifery,5,0
disinfection services,5,0
medical profession,5,0
Solesin (location),5,0
(unclear),5,0
pulmonary diseases,4,0
religious institution/clergy,4,0
Terraces,4,0
chemistry,4,0
newspapers,4,0
Mill,4,0
library,4,0
Tar,4,0
Olympic sports,4,0
civil hospital,4,0
heritage preservation,3,0
Not clear,3,0
Modern,3,0
physical education,3,0
scientific and teaching,3,0
English language,3,0
Surgery,3,0
Address,3,0
Doctor,3,0
Unknown/Corrupted term,3,0
collection,3,0
Education/Languages,3,0
Urban sanitation,3,0
curios,3,0
French language,3,0
fishing,3,0
applied,3,0
academic profession,3,0
Religious Institution,3,0
Archive profession,2,0
Archive protocol,2,0
Typing schools,2,0
Publication,2,0
assistance,2,0
Medical Profession,2,0
Mathematics,2,0
Veterinary profession,2,0
Philology,2,0
Restoration,2,0
Philosophy,2,0
Philately,2,0
Pediatrician,2,0
Personal name,2,0
dental practice,2,0
Residential Canons,2,0
general medicine,2,0
(Individual Name),2,0
Architecture,2,0
Newsstand,2,0
cinema,2,0
church,2,0
industry,2,0
Alpine Colony,2,0
Paper,2,0
Statistics,2,0
Individual,2,0
optics,2,0
optometry,2,0
overpass,2,0
neurology,2,0
newsstand,2,0
not applicable,2,0
"(unclear, possibly a trade)",2,0
History,2,0
pianos,2,0
police station,2,0
public health services,2,0
Decorator,2,0
Guesthouse,2,0
theater,2,0
Laboratory,2,0
Local Address,2,0
(not specified),2,0
schools,2,0
Butchery,2,0
Library,2,0
Language,2,0
Jams,2,0
Film production,2,0
Italian literature,2,0
teachers' association,1,0
clergy,1,0
clinic,1,0
Aquaculture,1,0
Actress,1,0
vocational training institute,1,0
war veterans association,1,0
bar,1,0
choir,1,0
(details),1,0
(Unclear),1,0
aqueducts,1,0
(formerly Pardo and Bassani),1,0
usher,1,0
category XXII,1,0
category VII,1,0
category IX,1,0
Archival profession,1,0
Archive,1,0
timekeeping,1,0
terraces,1,0
turner,1,0
university,1,0
university architecture institute,1,0
university institute of architecture,1,0
university library,1,0
Academic Institution,1,0
unspecified,1,0
unspecified individual,1,0
unspecified location,1,0
canal,1,0
calculator,1,0
hospitality,1,0
horse racing,1,0
heirs,1,0
hur,1,0
nobility,1,0
noble service,1,0
individual name,1,0
nursing school,1,0
nursing (Red Cross),1,0
Alberoni,1,0
Alpine Club,1,0
orthopedic,1,0
Alpine club,1,0
paper representative,1,0
injected palli,1,0
neuro-medicine,1,0
medical institution,1,0
lead,1,0
locality,1,0
marine hospice,1,0
municipal cemetery,1,0
interpreter Basilica of San Marco,1,0
modifier,1,0
nephew,1,0
mining research,1,0
miscellaneous,1,0
Address/location,1,0
public housing institute,1,0
public square,1,0
radiology,1,0
dermatologist,1,0
saintly man,1,0
school,1,0
dermatology,1,0
region,1,0
education,1,0
Animal housing,1,0
driving school,1,0
divers,1,0
provincial exhibition institute,1,0
garage,1,0
planning,1,0
police,1,0
philatelic,1,0
general medicine hospital,1,0
prison,1,0
preschools,1,0
preservation,1,0
framing,1,0
St. Zaccaria,1,0
Giovanni Indri,1,0
Geriatric institution,1,0
Geography,1,0
Geographic location,1,0
General Medicine - Civil Hospital,1,0
Gazzera Alta,1,0
Funeral Articles,1,0
Heritage,1,0
Heritage Preservation,1,0
Heritage Preservation Division,1,0
Latin Literature,1,0
Bacteriology Lab,1,0
Knight,1,0
Juvenile court,1,0
Literature,1,0
Library management,1,0
Hotel Management,1,0
Home Nursing Assistance,1,0
Historical research,1,0
Italian Literature,1,0
Internal Pharmacy,1,0
Internal Medicine,1,0
Infirmary,1,0
Civil Procedure,1,0
Civil Hospital,1,0
Civic Hospital Management,1,0
Circular Reclamation,1,0
Cast. 3133,1,0
Category VIII,1,0
Chemistry,1,0
Cecchetti Pradel Company,1,0
Educational shows,1,0
Education/Pedagogy,1,0
Education/Mathematics,1,0
Education/Literature,1,0
Eye specialists,1,0
External Pharmacy,1,0
Elementary education,1,0
ENT specialist,1,0
Custodial services,1,0
Criminal Procedure,1,0
Criminal Law,1,0
Court,1,0
Dermatologist,1,0
Divination,1,0
Divers,1,0
Dermatology,1,0
Demography,1,0
Deli,1,0
Stamps,1,0
Special application,1,0
Spa/Resort,1,0
Society,1,0
Social prevention,1,0
Surrogates,1,0
Student,1,0
Shooting Sports Union,1,0
Seafront,1,0
Scientific services,1,0
Scientific institution,1,0
Science education,1,0
San Marco (likely a reference to a location or institution),1,0
Saint Lucis direction,1,0
Russian Language,1,0
Rowing club,1,0
Semiotics,1,0
Water basin,1,0
Watches,1,0
Veterinary science,1,0
Veterans Association,1,0
Venice,1,0
address (location),1,0
address,1,0
Zincography,1,0
Venereal Disease Specialist,1,0
Theological Canons,1,0
Theaters,1,0
Unknown/Geographical location,1,0
Various representations,1,0
Usher,1,0
Unknown/Unclear,1,0
Unknown profession,1,0
University institute,1,0
Typing School,1,0
Romanian Language,1,0
Obstetrics,1,0
Obstetric Clinic,1,0
Nursing home,1,0
Newspapers and Magazines,1,0
New (or New establishment),1,0
Neon Signage,1,0
Natural sciences,1,0
Panels,1,0
Orthopedic institute,1,0
Ophthalmologist,1,0
Marine Hospital,1,0
Modern Trunks,1,0
Mining research,1,0
Mineralogy and Geology,1,0
Mercer,1,0
Military profession,1,0
Romance Linguistics,1,0
Radiology Lab,1,0
Radio Broadcasting,1,0
Racehorses,1,0
Punta Sabbioni,1,0
Pulmonologist,1,0
Public square,1,0
Rare books,1,0
Rhodium,1,0
Religious Foundation,1,0
Religion,1,0
Recycling,1,0
Physics,1,0
Phonola radio,1,0
Pest Control,1,0
Pension/Boarding house,1,0
Pens,1,0
Pediatric Specialist,1,0
Plaques,1,0
Playing Cards,1,0
Police station,1,0
Trattorias,184,1
Grocery store,148,1
butcher,115,1
Bar,112,1
Venetian specialties,104,1
Trattoria,102,1
café,99,1
bakery,78,1
tavern,77,1
tobacco shop,75,1
Grocery store (detailed),72,1
Bottler,70,1
Taverns,65,1
barber,64,1
Barbers,60,1
hardware store,58,1
jewelry store,47,1
grocery,42,1
wholesale produce,39,1
wholesale wine,38,1
liquor store,36,1
delicatessen,33,1
Restaurant,31,1
Bakery,29,1
Café,28,1
Pastry Shop,23,1
Bookstore,22,1
Grocery Stores,21,1
printing establishment,17,1
pharmacies,16,1
grocery store,16,1
shoe factory,15,1
coffee roasting,14,1
Deli (store),13,1
pastry shop,12,1
Fishmonger,12,1
Butcher,12,1
Wholesale fruits and vegetables,12,1
wholesaler,12,1
restaurant,11,1
Retail,10,1
Rotisserie,10,1
Ice cream shop,10,1
restaurants,10,1
Tobacco shop,9,1
Newspaper retailer,9,1
Hotel and restaurant,9,1
Fruit vendor,8,1
Furniture store,8,1
Grocery,7,1
Stationery store,7,1
Wine wholesaler,7,1
pastry shops,7,1
Bazaar,6,1
trattoria,6,1
wine wholesaler,5,1
poultry shop,5,1
liquor manufacturer,5,1
breweries,5,1
food retail,4,1
Wine trade,4,1
bakers' association,4,1
brewery,4,1
Coffee Importers,4,1
ice cream shop,4,1
Perfume Shop,3,1
hairdresser,3,1
hat shop,3,1
Grocer,3,1
merchant,3,1
furniture store,3,1
Wholesale Fish,3,1
Coffee roasting,3,1
Dairy wholesaler,3,1
Wholesale,3,1
commerce casino,3,1
butcher shop,3,1
confectionery,3,1
Shoe Factory,3,1
Coffee Roasting,3,1
printing house,3,1
Retail trade,3,1
café-pastry shop,2,1
cashier,2,1
bottling company,2,1
Wholesale trade,2,1
Wholesale cured meats,2,1
Retail store,2,1
fish wholesaler,2,1
farm,2,1
food retailers,2,1
Notions Store,2,1
Street name,2,1
Party Supplies,2,1
Soft Drink Manufacturer,2,1
optical commerce,2,1
newspaper retail,2,1
Grocery Retail,2,1
Hardware Store,2,1
Grocery Wholesale,2,1
Liquor (factory and storage),2,1
Liquor retailer,2,1
Café Bar,2,1
merchants' association,2,1
wineries,2,1
Beauty salons,2,1
cutlery shop,1,1
street name,1,1
cloth merchant,1,1
stationery and bookstore,1,1
soda factory,1,1
shipping store,1,1
cooperative grocery,1,1
shirt shop,1,1
shop,1,1
confectioner,1,1
shoe and boot supply,1,1
coffee importers,1,1
coffee and colonial goods,1,1
coffee shop,1,1
carpet store,1,1
wholesale,1,1
vegetable seller,1,1
barber shop,1,1
warehouse,1,1
wholesale charcuterie,1,1
wholesale confectionery,1,1
wholesale food,1,1
wholesale wines,1,1
wine shop,1,1
wholesalers,1,1
articles retailer,1,1
wine cellars,1,1
wine merchant,1,1
bookstore,1,1
cereals wholesaler,1,1
university bookstore,1,1
hotel-restaurant,1,1
hotel and restaurant,1,1
pastry shop and bar,1,1
pearl merchant,1,1
pastry chef,1,1
paper wholesaler,1,1
oyster seller,1,1
grocery wholesaler,1,1
grocery trade,1,1
grocery (doctor),1,1
paper wholesale,1,1
grain wholesaler,1,1
newspaper retailer,1,1
local specialties,1,1
livestock dealer,1,1
liquor wholesaler,1,1
liquor factory,1,1
electronics store,1,1
luggage retailer,1,1
retail stores,1,1
restaurant and café,1,1
fruit preserves wholesaler,1,1
printing office,1,1
florist,1,1
food wholesaler,1,1
antiques and bookstore,1,1
Gift Shop,1,1
General store,1,1
General Merchandise,1,1
Hat Shop,1,1
Hardware store,1,1
Hairdresser,1,1
"Grocery, Pastry",1,1
Grocery supplies,1,1
Bar/Café,1,1
Grocery and Dairy,1,1
Barber,1,1
Grocery Store,1,1
Grocery (detailed),1,1
Barber | Fishmonger,1,1
Food Cooperative,1,1
Florist,1,1
Fruit Seller,1,1
Fried food shop,1,1
Bakery and bar,1,1
Jewelry Store,1,1
Lumber wholesaler,1,1
Lottery Stands,1,1
Lighting shop,1,1
Hotel/Restaurant,1,1
Hotel and Restaurant,1,1
Innkeeper,1,1
Boat Shop,1,1
Coffee Management,1,1
Coffee Services,1,1
Coffee Shop,1,1
Coffee and Restaurant Trade,1,1
Coffee company,1,1
Café/Circle,1,1
Café management,1,1
Café and bar,1,1
Brewery,1,1
Catering service,1,1
Exclusive distributors,1,1
Favaro Veneto,1,1
Dairy Wholesaler,1,1
Curiosities Dealer,1,1
Distributor,1,1
Bicycle sales,1,1
Tavern,1,1
Sugar Factory,1,1
Salons,1,1
Rubber Warehouse,1,1
Wine Wholesaler,1,1
Wine Tavern,1,1
Wholesale produce,1,1
Wholesale food,1,1
Wholesale Grocer,1,1
Wine and liquor wholesaler,1,1
Wine and food distribution,1,1
Wine commerce,1,1
Trattoria (Restaurant),1,1
Vegetarian restaurants,1,1
Pastry and Liquor,1,1
Optical shop,1,1
Marelli dealer,1,1
Mills and Pasta Factory,1,1
Merchants,1,1
Merchandise Laboratory,1,1
Pastry shop,1,1
Pawn Shop,1,1
Retail Stores,1,1
Restaurant/Catering,1,1
Restaurant group,1,1
Restaurant and Hotel,1,1
Plant nursery,1,1
Perfume shop,1,1
Men's shirt shop,239,2
Men's clothing,102,2
Seamstress,83,2
footwear,71,2
household goods,70,2
Seamstresses,63,2
haberdashery,52,2
lingerie and knitwear,43,2
leather and footwear manufacturing,41,2
tailor,41,2
textiles,39,2
toys,34,2
women's hairdressers,28,2
textiles and yarns,25,2
Stationery,24,2
Clothing,23,2
Second-Hand Goods,23,2
Knitwear,20,2
stationery,20,2
Textiles,19,2
Millinery,19,2
men's tailor,18,2
women's tailoring,17,2
yarns and related,17,2
laundry and ironing,16,2
upholstery,15,2
shoe manufacturing,14,2
Fabrics,14,2
Fashion,14,2
Men's Tailoring,14,2
Tailoring,14,2
hosiery,13,2
Linen and textiles,13,2
Women's Hairdresser,13,2
Laundries,13,2
Furniture,12,2
Hat shops,12,2
Used Furniture,11,2
upholsterer,11,2
ready-made clothing,11,2
Women's tailoring,10,2
Lace and embroidery,9,2
carpets,8,2
Bookbinding,8,2
Children's clothing,8,2
leather goods,8,2
Lingerie and knitwear,8,2
Household Goods,7,2
Various clothing,7,2
laundries,7,2
Textile manufacturing,7,2
Fur Trade,6,2
Leather Trade,6,2
Beads and Trimmings,6,2
fabrics and textiles,6,2
Silk Trade,6,2
Sewing Machines and Accessories,6,2
haberdashery and yarn,5,2
Second-hand goods,5,2
yarn and fibers,5,2
Tailor,5,2
bookbinding,5,2
Leather goods,5,2
Leather Goods,5,2
Mattress makers,5,2
furniture,4,2
Haberdashery,4,2
Sack manufacturing,4,2
Rags,4,2
Men's tailoring,4,2
Venetian hat factory,4,2
millinery,4,2
Tailoring for men,4,2
Dyeing and dry cleaning,4,2
Silk Factories,4,2
Paper Mills,4,2
Bridal Accessories,4,2
Slippers,4,2
tailoring,4,2
clothing,4,2
Luggage and leather goods,4,2
linens,3,2
Hemp and Linen,3,2
Hosiery,3,2
knitwear shop,3,2
furrier,3,2
Men's Clothing,3,2
upholstery fabrics,3,2
second-hand furniture,3,2
Wholesale Yarns,3,2
Ropes and Twines,3,2
Silk weaving,3,2
sporting goods,3,2
shoemaker,3,2
Shoe and hat repairs,3,2
Furniture manufacturing,3,2
textile representative,3,2
yarn,3,2
Textiles and fabrics,2,2
lace and embroidery,2,2
Merchandise,2,2
laundry services,2,2
Women's Clothing,2,2
Wool and hair,2,2
luggage,2,2
Upholsterer,2,2
leather and hides,2,2
Textile Art,2,2
dry cleaning,2,2
Printed Fabrics,2,2
furniture manufacturing,2,2
Tailoring (civil and military),2,2
children's clothing,2,2
"haberdashery, yarns",2,2
Shoe polish manufacturing,2,2
Silk and wool trades,2,2
textile industry,2,2
Furrier,2,2
Complete furnishings,2,2
Leather Belts,2,2
luxury gift items,2,2
Luxury goods,2,2
Luxury and common furniture,2,2
shoe and hair repairs,2,2
sewing supplies,1,2
clothing manufacturer,1,2
clothing manufacturing,1,2
cutlery and sharpening,1,2
silk fabrics,1,2
silk and wool,1,2
curtains and carpets,1,2
shoe polish,1,2
weavers,1,2
women's clothing,1,2
wool and silk,1,2
yarn and textiles,1,2
yarn representative,1,2
timber and haberdashery,1,2
textiles and lingerie,1,2
textile trade,1,2
textile and upholstery,1,2
textile fabrics,1,2
textile manufacturing,1,2
trousseau,1,2
hunting supplies,1,2
household items,1,2
"household goods, stationery",1,2
household articles,1,2
novelty goods,1,2
gloves and embroidery,1,2
mattress maker,1,2
men's clothing,1,2
leather trade,1,2
leather representative,1,2
men's clothing and lingerie,1,2
men's clothing tailor,1,2
merchandise,1,2
laundry and dry cleaning,1,2
laundress,1,2
lace making,1,2
milliner,1,2
second-hand goods,1,2
fabric and clothing representative,1,2
sack and religious items,1,2
saddlery,1,2
ropes and threads,1,2
dressmaking,1,2
furniture storage,1,2
fur goods,1,2
fur and textiles,1,2
perfumery and hairdressing,1,2
printing and paper,1,2
Handicrafts,1,2
Hand embroidery,1,2
Haberdashery and Yarns,1,2
Bead Manufacturing,1,2
Fishing supplies,1,2
Fishing Gear,1,2
Footwear,1,2
Footwear manufacturing,1,2
Fur Clothing,1,2
Furriers,1,2
Furniture trade,1,2
Furniture factory,1,2
Furniture and Stationery,1,2
Furnishings,1,2
Fur and women's clothing,1,2
Fur and Leather Goods,1,2
Leather trade,1,2
Leather goods store,1,2
Laundry services,1,2
Laundry and ironing,1,2
Laundry and Ironing,1,2
Lampshades,1,2
Lace and Embroidery,1,2
Knitwear shop,1,2
Knitwear Store,1,2
Lingerie and Knitwear,1,2
Luxury Goods,1,2
Lingerie,1,2
Linen production,1,2
Linen and knitwear,1,2
Italian collars,1,2
Hides and leather,1,2
Household goods,1,2
High fabrics,1,2
Clothing retail,1,2
Clothing Repairs,1,2
Colonial Goods,1,2
Cingalese goods,1,2
Broom makers,1,2
Children's Clothing,1,2
Fashion and Fur,1,2
Fabrics and textiles,1,2
Fabric store,1,2
Cutlery,1,2
Cotton and Waste,1,2
Smoking Accessories,1,2
Silk processing trade,1,2
Silk and Velvet Factory,1,2
Silk and Lace,1,2
Stationery and Paper Products,1,2
Stationery and Perfume,1,2
Tannery,1,2
Tailoring for women,1,2
Tailoring and lingerie,1,2
Tailoring and clothing,1,2
Stationery and tobacco,1,2
Store furnishings,1,2
Silk Factory,1,2
Sanitary articles,1,2
Artistic Sewing,1,2
Shoemaker,1,2
Shoe polish,1,2
Shoe factory,1,2
Shoe Repair,1,2
Artistic Leather Goods,1,2
Sewing machines,1,2
Sewing Machines,1,2
"Venetian specialties, leather goods",1,2
Yarn Manufacturer,1,2
Wool and silk,1,2
Wool,1,2
Women's hairdresser,1,2
Women's clothing models,1,2
Women's clothing,1,2
Women's Tailoring and Dressmaking,1,2
Women's Lingerie,1,2
Timber and leather,1,2
Textile products,1,2
Textile processing,1,2
Textile Business,1,2
Used furniture,1,2
Upholstery Fabrics,1,2
Upholstery,1,2
Uniforms,1,2
Rope Manufacturing,1,2
Paper Goods,1,2
Packaging and Yarns,1,2
Autarchic fibers,1,2
Men's Shirts,1,2
Printing and Stationery,1,2
Printed Fabrics and Arts,1,2
Government/civic institution,107,3
civic institution,53,3
rental agency,52,3
real estate,36,3
real estate company,34,3
accounting profession,33,3
civic organization,30,3
commercial,25,3
Industry,24,3
government/civic institution,24,3
Insurance Company,23,3
Credit Institutions,22,3
Real estate company,21,3
company,18,3
Insurance,18,3
publishing house,18,3
state archive,18,3
insurance,15,3
partnership,15,3
Apartment rentals,14,3
Real estate,13,3
Signs and advertising,12,3
boarding house,12,3
Consulates,11,3
Bank,10,3
individual business,10,3
Real estate and agriculture,9,3
Real estate agency,9,3
Sports Federation,8,3
national press agency,8,3
Broker,8,3
Central offices,8,3
unspecified business,8,3
Cooperator,7,3
industrial company,7,3
purchasing and management,7,3
brokers,7,3
agency,7,3
Purchasing society,7,3
Banking institution,6,3
Agencies and business,6,3
agricultural association,6,3
Advertising,6,3
property owners association,5,3
contracting and enterprises,5,3
Corporation,5,3
Government institution,4,3
provincial federation,4,3
Commercial Directory,4,3
Chamber of Commerce,4,3
Banking,4,3
labor chamber,4,3
Agricultural company,4,3
Economic profession,4,3
Sports organization,4,3
Management company,4,3
government inspection,3,3
government office,3,3
land reclamation consortium,3,3
economic geography,3,3
bank,3,3
Social services,3,3
Real Estate and Agricultural Purchases,3,3
accounting,3,3
Real Estate Brokerage,3,3
Publishing Houses,3,3
Accounting profession,3,3
Commerce,3,3
car rental company,2,3
insurance company,2,3
internal communications,2,3
Mining Company,2,3
Mining companies,2,3
lottery administration,2,3
advertising agency,2,3
businesses,2,3
Unknown (possibly a company name),2,3
business,2,3
banking institution,2,3
Real Estate,2,3
Real Estate Company,2,3
government building,2,3
National Labor Bank,2,3
purchasing,2,3
Hospitality industry,2,3
travel agency,2,3
Financial institution,2,3
real estate development,2,3
real estate brokerage,2,3
Information and investigation services,2,3
press office,2,3
Government/Civic Institution,2,3
Gas company,2,3
Banking profession,2,3
Copyright organization,2,3
resale,2,3
Business Agency,2,3
Joint Stock Company,2,3
Business Name,2,3
Entertainment industry,2,3
Business/company,2,3
Business owner,2,3
Business association,2,3
management,2,3
Economic policy,2,3
management company,2,3
Apartment Rentals,1,3
stock company,1,3
civil and criminal court,1,3
Accounting and Tax Consulting,1,3
succession and property office,1,3
tax office,1,3
civil registry office,1,3
cooperative,1,3
cinema rental agency,1,3
commercial information,1,3
commercial representation,1,3
company management,1,3
company name,1,3
cultural organization,1,3
sports federation,1,3
aviation company,1,3
automobile dealership,1,3
automobile club,1,3
warehouse office,1,3
banking,1,3
association,1,3
casino management,1,3
Accounting,1,3
tenants' association,1,3
trading company,1,3
business agency,1,3
business association,1,3
capital investment,1,3
health insurance office,1,3
hydrogen company,1,3
industrial and commercial representation,1,3
Agent for lighting,1,3
organization,1,3
government finance,1,3
Agricultural Enterprises,1,3
member association,1,3
Agricultural economics,1,3
Agricultural consulate,1,3
joint-stock company,1,3
moving agency,1,3
land and commercial investments,1,3
labor organization,1,3
real estate agency,1,3
real estate and agricultural company,1,3
real estate transactions,1,3
public relations,1,3
publishing and representation,1,3
American oil company,1,3
finance guard association,1,3
Agent for Venetti,1,3
Agency,1,3
generation (possibly a business name),1,3
general representation,1,3
fishing authority,1,3
Administrative section,1,3
Government Agency,1,3
General income tax office,1,3
General Office,1,3
Government Institution,1,3
Government Office Management,1,3
"Health, stay, tourism office",1,3
Government Services,1,3
Government office,1,3
General Brokers,1,3
General Accounting,1,3
Financial law,1,3
Finance/legal profession,1,3
Finance office,1,3
Football Federation,1,3
Garden City,1,3
Gaming Houses,1,3
Foreign Trade Institute,1,3
Legal and government documents,1,3
Labor Union,1,3
Joint stock company,1,3
Italian representation agency,1,3
Automotive company,1,3
Legion Recovery Office,1,3
Italian insurance company,1,3
Lottery Administration,1,3
Limited liability company,1,3
Limited company,1,3
Limited Liability Company,1,3
Hotel Purchase,1,3
Housing authority,1,3
Insurance company,1,3
Investigation agency,1,3
Investigation Agency,1,3
International Company,1,3
Insurance agency,1,3
Industry and craft office,1,3
Finance Science,1,3
Finance Department,1,3
Finance,1,3
Coal Representatives,1,3
Club Commission,1,3
Civil and criminal court,1,3
Civil Law,1,3
Civic authority,1,3
Civic Consultation,1,3
City section,1,3
City agency,1,3
Commercial executive,1,3
Commercial representation,1,3
Commercial law,1,3
Commercial information,1,3
Commercial Banking,1,3
Collective partnership,1,3
Buy-sell,1,3
Campesan Company,1,3
Business/Enterprise,1,3
Business management,1,3
Business Partnership,1,3
Charity organization,1,3
Chamber of commerce,1,3
Central Office,1,3
Economies,1,3
Economics/statistics,1,3
Economic history,1,3
Economic assistance office,1,3
Economic Policy,1,3
Economic Doctrines,1,3
Film company,1,3
Film Rental Agency,1,3
Enterprises and Contracts,1,3
Economic Geography,1,3
Credit section for small industries,1,3
Corporate governance,1,3
Cooperative organization,1,3
Cooperative Society,1,3
Director Agricultural Consortium,1,3
Management ICSA,1,3
Management SPES,1,3
Management/Consulting,1,3
State Accounting,1,3
Branch office,1,3
Social club,1,3
Taxation,1,3
Tax Inspection Office,1,3
Tax Administration,1,3
Savings institution,1,3
Secretariat of University Institute Economics and Commerce Ca' Foscari,1,3
advertising,1,3
administrative office,1,3
accounting division,1,3
Testing agency,1,3
Telephone Directory Service,1,3
Urban District,1,3
Travel agency,1,3
Unknown (possibly a company),1,3
University of Economics and Commerce,1,3
University of Economics,1,3
University Institute of Economics and Commerce,1,3
Rossi Company,1,3
National interest bank,1,3
National Institute for Workplace Safety,1,3
Office division,1,3
Association of Commercial Employees,1,3
Oil company,1,3
Offices,1,3
Office/Headquarters,1,3
Municipal government,1,3
"Mayor, Banking institution",1,3
Moving Agency,1,3
Real Estate Services,1,3
Purchase of Buildings and Farms,1,3
Publishing house,1,3
Publishing Industry,1,3
Publishing Agency Agent,1,3
Provincial government,1,3
Real Estate Trade,1,3
Regional Office,1,3
Regional League,1,3
Regional Coordination Office,1,3
Real estate sales,1,3
Property owners association,1,3
Popular bank,1,3
Political Economy,1,3
Dairy products,86,4
perfumery,68,4
Food products,67,4
barrels,47,4
chemical products,45,4
paper products,34,4
edible oils,33,4
dairy,28,4
flowers and seeds,25,4
Fossil Fuels,24,4
Chemical products,22,4
Liquors,20,4
Food representative,19,4
pearls,17,4
wine,15,4
citrus fruits,15,4
Confectionery,15,4
dried fruit,15,4
flowers,14,4
Ice,13,4
Frying and cooked foods,13,4
Pasta manufacturers,13,4
Mineral oils,13,4
Oil,12,4
Beverage industry,12,4
Dairy,12,4
Various packaging,12,4
Rubber products,11,4
Pharmaceutical Products,11,4
Pharmaceuticals,9,4
Fuel supplier,9,4
Lubricants,8,4
fuel oils,7,4
Perfumes,7,4
Pearls,6,4
Canned Fish,6,4
Ice Suppliers,6,4
fruits and vegetables,6,4
Chemical Products Representative,6,4
Eggs,5,4
Wines,5,4
food representative,5,4
Fruit and Vegetable Drying,5,4
Cured meats,5,4
fuels,5,4
Cork,5,4
Natural gas,5,4
vegetable fibers,5,4
Soap manufacturing,5,4
Hygiene Products,5,4
candles,5,4
Minerals,5,4
Fuels and Oils,4,4
Agriculture,4,4
cereals,4,4
Cosmetics,4,4
carbonated water,4,4
packaging,4,4
Vegetables,4,4
Oilseeds,4,4
Sugar,4,4
fried foods,3,4
Packing Paper,3,4
Oils,3,4
Grains,3,4
detergents,3,4
Syrups,3,4
Antiseptic products,3,4
Edible oils,3,4
Soap,3,4
eggs,3,4
Food industry,3,4
threshing,3,4
Fish and seafood,3,4
chemical industry,2,4
candle making,2,4
liquid fuels,2,4
liquors,2,4
alcohol,2,4
Agricultural products,2,4
bottling,2,4
Agricultural materials,2,4
bitumen,2,4
detergents and soaps,2,4
Petroleum products,2,4
Pest control products,2,4
Seafood,2,4
Plant Fibers,2,4
Plastic materials,2,4
fried food and cooked goods,2,4
"flowers, plants, and seeds",2,4
ice,2,4
ice sales,2,4
Sulfur,2,4
coal (importers and producers),2,4
Seeds,2,4
Paper bags,2,4
coffee substitutes,2,4
liquor,2,4
Food Products,2,4
oil industry,2,4
oils,2,4
Import/Export Fruits and Vegetables,2,4
Chemical sales,2,4
Drug processing,2,4
vinegar,2,4
Insecticides,2,4
Fish farming,2,4
Coatings,2,4
pharmaceutical representation,2,4
pasta production,2,4
perfume representative,2,4
pharmaceutical products,2,4
Carbonated Water,2,4
Fertilizers,2,4
Caviar,2,4
sausage casings,2,4
meats,2,4
Lead products,2,4
Canned Fruits and Vegetables,2,4
Fertilizers and Pesticides,2,4
syrups and liqueurs,1,4
consumption tax,1,4
coal importers and producers,1,4
coffee,1,4
coffee industry,1,4
starch products,1,4
colonial detergents and soaps,1,4
various packaging,1,4
vegetarian food,1,4
bituminous lubricants,1,4
antiseptic products,1,4
wholesale grains and oils,1,4
wine and food representative,1,4
dairy products,1,4
tobacco manufacturing,1,4
chemical products trade,1,4
chemical products representative,1,4
candle and related products,1,4
dairy and cheese,1,4
olive oil press,1,4
herbal medicine,1,4
ice cream,1,4
import-export agricultural products,1,4
Agricultural Statistics,1,4
pearl production and trade,1,4
pearls (trade),1,4
pellet manufacturing,1,4
packaging materials,1,4
Agricultural Products,1,4
industrial products,1,4
meat processing,1,4
legumes,1,4
Agricultural Trade,1,4
lubricants,1,4
mineral water,1,4
mineral trade,1,4
minerals,1,4
Animal Feed,1,4
Ammunition,1,4
salami,1,4
salted pastries,1,4
sanitary products and pharmaceuticals,1,4
seafood,1,4
Animal feed,1,4
gasoline,1,4
gas industry,1,4
fuels and oils,1,4
fuel company,1,4
fryer and food,1,4
porcelain and cleaning products,1,4
perfumes and related,1,4
petroleum products,1,4
pharmaceuticals,1,4
flowers and plants,1,4
processed and raw nuts,1,4
products and commerce,1,4
food distribution,1,4
food preservation industry,1,4
fruit,1,4
preserved fish,1,4
food products (commerce),1,4
foodstuffs,1,4
food products representative,1,4
Barley,1,4
Bath Products,1,4
Herbal and Food Company,1,4
"Grocery, Chemical Products",1,4
Fish and shellfish,1,4
Food distribution,1,4
Food assistance,1,4
Food Exchange,1,4
Gasoline,1,4
Gas Industry,1,4
Fuels and Lubricants,1,4
Fruits and Vegetables,1,4
Fruit and Vegetables,1,4
Fossil fuels,1,4
Baking Aromas,1,4
Malt,1,4
Legumes,1,4
Lime,1,4
Italian products representation,1,4
Ice Trade,1,4
Horse meat,1,4
Horse Meat,1,4
Coloring products,1,4
Carbonated Water Industry,1,4
Chemical Products Representation,1,4
Edible oils (trade),1,4
Film materials,1,4
Dairy Production,1,4
Cured Meats,1,4
Corks,1,4
Cork Processing,1,4
Cooked Meats and Offal,1,4
Dry port,1,4
Dried Flax,1,4
Denatured Alcohol,1,4
Spirits,1,4
Solid and liquid fuels,1,4
Solid and Liquid Fuels,1,4
Soap Sales,1,4
Sweet flavors,1,4
Sugar factories,1,4
Stoves,1,4
Sausage,1,4
Wine and oil,1,4
Yeast,1,4
Toxic gases,1,4
Tobacco manufacturing,1,4
Varieties,1,4
Odorico Company,1,4
Nitrogen Fertilizers,1,4
Paraffin,1,4
Packaging,1,4
Olives,1,4
Olive pressing equipment,1,4
Meat processing,1,4
Medicinal Herbs,1,4
Mineral Oils,1,4
Mining and agriculture,1,4
Mineral water,1,4
Rice production,1,4
Refinery and storage,1,4
Pharmaceutical representation,1,4
Plants and seeds,1,4
Plants and Seeds,1,4
Pharmaceutical products,1,4
Perfumer,1,4
Perfume processing,1,4
Perfume,1,4
Pearl Production and Trade,1,4
Preserved Meats,1,4
Preserves,1,4
Poultry,1,4
Shipping company,352,5
Sales and mobilization,186,5
Port of Venice,119,5
shipping company,47,5
boat rental,31,5
postal office,31,5
State Railways,29,5
Shipping and Transport,26,5
Shipping agencies,20,5
Messengers,20,5
Naval recoveries,19,5
Maritime transport,18,5
Shipping Company,14,5
Raincoats,13,5
Printing Services,12,5
Transportation,11,5
transportation,11,5
Transportation services,11,5
Boat rental,11,5
sales,11,5
Shipping Agency,10,5
Shipping and transport,9,5
Maritime services,8,5
ships,7,5
Price commission,7,5
Ship Suppliers,6,5
River and Lagoon Transport,6,5
River transport,6,5
Maritime and Land Transport,6,5
Maritime brokers,5,5
funeral services,5,5
Porters,5,5
Import/export,5,5
Trade,5,5
maritime cooperative,4,5
Labor Services,4,5
shipping and transportation,4,5
Maritime Transport,3,5
Maritime recovery,3,5
unspecified trade,3,5
supplies,3,5
Exports,3,5
shipping agency,3,5
Shipping agency,3,5
Sewage Services,3,5
temporary workers,3,5
Funeral Supplies,3,5
Transport Agency,3,5
Transport services,2,5
Transport and Tourism,2,5
Maritime supplies,2,5
Maritime suppliers,2,5
automotive transport,2,5
Supplies for Various Entities,2,5
Sails and Flags,2,5
fuel supply,2,5
Port works,2,5
Temporary Workers,2,5
Naval and Industrial Supplies,2,5
Telecommunications,2,5
Shipping,2,5
commerce and processing,2,5
commerce,2,5
railway administration,2,5
newspaper distribution,2,5
porters,2,5
telecommunications,2,5
towing company,2,5
shipowners,2,5
military supply,2,5
Lagoon navigation,2,5
mobile unit,2,5
Luggage services,2,5
subscription,1,5
customs office,1,5
sewage exploration,1,5
shipping and landings,1,5
shipping and transport,1,5
customs,1,5
coal trade,1,5
coal trading company,1,5
shipping,1,5
ship recovery,1,5
telegram services,1,5
water magistrate,1,5
bicycle and motorcycle rentals,1,5
bicycle and motorcycle rental,1,5
utilities provider,1,5
telephone service,1,5
trading,1,5
train station,1,5
car rental,1,5
unknown trade,1,5
transportation services,1,5
transportation materials,1,5
translation services,1,5
transport and recovery union,1,5
transport and shipping,1,5
transport company,1,5
transport organization,1,5
transport services,1,5
transportation and shipping,1,5
transportation authority,1,5
transportation company,1,5
Air Transport,1,5
import/export,1,5
pearl trade,1,5
maritime supplier,1,5
maritime recovery,1,5
maritime enterprises,1,5
maintenance services,1,5
luggage handlers,1,5
maritime broker,1,5
maritime authority,1,5
naval supplies,1,5
labor services,1,5
mobilization department,1,5
embarkation and disembarkation,1,5
recruitment and mobilization,1,5
rafts,1,5
railway management,1,5
railway police,1,5
refrigeration and commerce,1,5
sails and flags,1,5
river transport,1,5
rentals and leasing,1,5
port commander,1,5
General company (carriage),1,5
Funeral services,1,5
Funeral Services,1,5
Fuel and naval supplies,1,5
Land transport,1,5
Land and naval installations,1,5
Mainland section,1,5
Importation,1,5
Import/Export,1,5
International transport cooperative,1,5
International trade technology,1,5
Industrial port,1,5
Industrial transport services,1,5
Complete Supplies,1,5
Commerce and Processing,1,5
Car rental and towing,1,5
Car Rentals,1,5
Car Rental and Garage,1,5
Boat supplies,1,5
Estuary and Marghera section,1,5
Embarkation and disembarkation,1,5
Drug Trade,1,5
Sports Facility Services,1,5
Sports Facilities Service,1,5
Supply Department,1,5
Supplies,1,5
Superior customs direction,1,5
Storage Facility,1,5
Sailing Federation,1,5
Shipbuilding and transport,1,5
Shipping and subletting,1,5
Shipping and landings,1,5
Shipping and Transport Agency,1,5
Shipping and Navigation,1,5
Shipping Cases,1,5
Ship brokerage,1,5
Services,1,5
Service,1,5
Waste management,1,5
Warehousing,1,5
Transportation organization,1,5
Transport and naval recovery,1,5
Train station,1,5
Timekeeping services,1,5
Travel Goods,1,5
Tugboat Services,1,5
Newspaper and Book Distribution,1,5
Naval supplies,1,5
Oil Merchant,1,5
Marriage Services,1,5
Maritime station agency,1,5
Maritime repair services,1,5
Maritime provisioning,1,5
Maritime agency management,1,5
Maritime Supply,1,5
Maritime Supplier,1,5
Maritime Services,1,5
Maritime Enterprises,1,5
Maritime Agency,1,5
Moving Services,1,5
Military Supplies,1,5
Railway records,1,5
Railway administration,1,5
Railway Entrances,1,5
River Navigation,1,5
Recovery services,1,5
Pilot services,1,5
Pest control services,1,5
Production and Distribution,1,5
Postal Transport,1,5
Postal Services,1,5
Port Services,1,5
Painter,125,6
professionals and artists,41,6
Photography,39,6
art and crafts,39,6
printing,32,6
antiques and fine arts,30,6
decorators and painters,27,6
decorator and painter,23,6
paints and varnishes,21,6
Artisan Business,21,6
Glass,18,6
Painter decorator,16,6
art objects,15,6
Art reproductions,15,6
optical engineering photography,15,6
Venetian specialists,13,6
Cutlers and sharpeners,13,6
Goldsmith,13,6
Photography articles,12,6
Female painter,12,6
Sculptor,11,6
Marble,11,6
art academy,10,6
Printing,10,6
artistic glass,10,6
Art academy teacher,9,6
photography,8,6
Picture frames,8,6
Glassware,8,6
Ceramics,8,6
artistic furniture,7,6
Art objects,6,6
Engravers and Sculptors,6,6
glassworks,6,6
applied arts,5,6
artistic circle,5,6
Photographer,5,6
glass and ceramics,5,6
silverware,5,6
jewelry,5,6
Glass Products,4,6
Enamels,4,6
floristry,4,6
Photography Supplies,4,6
Photographic Materials,4,6
photographic articles,4,6
mosaics,4,6
illustrated postcards,4,6
Artificial Flowers,4,6
Lacquered Furniture,4,6
Art profession,4,6
antiques,3,6
Marbles,3,6
Printing/graphic arts,3,6
Glass Company,3,6
Glass Flowers,3,6
Paints and varnishes,3,6
Painting services,3,6
glass and chandeliers,3,6
photographer,3,6
Iron Furniture,3,6
Glass products,3,6
Underwater Paints,3,6
Antiques and Fine Arts,3,6
Stained glass,3,6
cutler and sharpener,3,6
Artificial stone,3,6
art reproductions,3,6
Artistic ceramics,3,6
art teacher,2,6
Art institution,2,6
Art history,2,6
Venetian Mirrors,2,6
Murano Glass,2,6
Photography supplies,2,6
Rubber Stamps,2,6
"goldsmithing, jewelry",2,6
Artistic Portraits and Industrial Works,2,6
Artistic portraits,2,6
Porcelain,2,6
Artistic gift items,2,6
engraver,2,6
Artist,2,6
decorative design,2,6
Neutral Glass,2,6
Artistic Portraits,2,6
Paints and Varnishes,2,6
Paints and Coatings,2,6
Designer,2,6
painting,2,6
Earthenware,2,6
photography studio,2,6
photojournalism,2,6
Glassblowing,2,6
paper trade,2,6
Graphic Arts,2,6
Decorators and Painters,2,6
modeled figure and ornament,2,6
watercolor and photography,2,6
stucco,1,6
Architectural Styles,1,6
Architectural design,1,6
ship painting and varnishing,1,6
silverware and jewelry,1,6
silverware and gilding,1,6
costume jewelry,1,6
stationery and art,1,6
ship painting and finishing,1,6
Archaeological museum,1,6
stamp factory - engraving studio,1,6
stained glass,1,6
silverware and watchmaking,1,6
(photo studios),1,6
watchmaking and jewelry,1,6
watchmaking workshop,1,6
bathroom articles,1,6
wallpaper and related,1,6
Art History,1,6
Art Supplies,1,6
architectural designer,1,6
art dealer,1,6
Art dealer,1,6
Art archive,1,6
art gallery,1,6
artistic glass and prints,1,6
artistic society,1,6
artistic portraits,1,6
artistic objects,1,6
artistic mills,1,6
artistic gift items,1,6
ceramics,1,6
Academy of Fine Arts,1,6
ceramic articles,1,6
terracotta and metal,1,6
bronze works,1,6
cabinetmaker,1,6
decorative carpets,1,6
industrial painting,1,6
goldsmith and jewelry,1,6
goldsmith,1,6
glassworks and chandeliers,1,6
pearls and jewelry,1,6
glassware representative,1,6
glass products,1,6
painter decorator,1,6
paintings,1,6
marine stones,1,6
metalwork,1,6
jeweler,1,6
interiors,1,6
glass production,1,6
glass processing,1,6
engraving and stamping,1,6
engravings,1,6
glass manufacturing,1,6
rubber stamps and engravings,1,6
Antique Arts,1,6
decorator,1,6
decorative painters,1,6
earthenware,1,6
playing cards,1,6
photography supplies,1,6
glass,1,6
glass and mirrors,1,6
glass and mirror trade,1,6
photographic works,1,6
gift items,1,6
photoengraving,1,6
photographic materials,1,6
precious objects,1,6
frame and glass workshop,1,6
Goldsmiths,1,6
Glassworks,1,6
Glassware representative,1,6
Glassware and chandeliers,1,6
Glassware and Artistic Objects,1,6
Glassmakers,1,6
Glass and mirrors,1,6
Glass and ceramics,1,6
Glass Manufacturing,1,6
Glass Factory,1,6
Glass Beads and Chandeliers,1,6
Gilding,1,6
Handmade,1,6
Graphic arts,1,6
Flooring and mosaics,1,6
Fine Arts Antiques,1,6
Fine Arts Academy,1,6
Fine Arts,1,6
Frame Workshop,1,6
Jewelry production,1,6
Jewelry,1,6
Imitation jewelry,1,6
Home Decoration,1,6
Interior Design,1,6
Inks,1,6
Brushes,1,6
Bronze Works,1,6
Ceramics and mosaics,1,6
Engravings,1,6
Craft Institute,1,6
Decoration,1,6
Decorative arts,1,6
Costume Jewelry,1,6
Decorative Painter,1,6
Decorative modeling,1,6
Decorative painters,1,6
Dental Prosthetics,1,6
Marble processing,1,6
Artistic,1,6
Artistic Glass,1,6
Silversmith,1,6
Stationery and Chinaware,1,6
Stoneware,1,6
Sanitary glass,1,6
Sculpture,1,6
Scientific and pharmaceutical glassware,1,6
Artistic and Lacquered Furniture,1,6
Rubber stamps,1,6
Artistic Objects and Photography,1,6
Artistic Portraits - Industrial Works,1,6
Wallpaper and Related,1,6
"Venetian specialties, art reproductions",1,6
Venetian Art,1,6
Art gallery,1,6
Artisan consultation library,1,6
Terrarium Manufacturer,1,6
Artisan,1,6
Vehicle gems,1,6
Art techniques,1,6
Trinkets,1,6
Paint specialist,1,6
Painters,1,6
Mosaics,1,6
Mosaicist,1,6
Monumental art,1,6
Artistic glass and Murano glass,1,6
Resin materials,1,6
Artistic glass,1,6
Artistic mosaic work,1,6
Photography industry,1,6
Photography Studio,1,6
Artistic portraits and film materials,1,6
"Artistic portraits, Industrial works",1,6
Artistic retouching and industrial work,1,6
Pearl holes,1,6
Precious Objects,1,6
Portrait artists,1,6
engineering,66,7
manufacturing,53,7
electrical and plumbing,37,7
radio equipment,29,7
ironworks and mechanics,25,7
Hardware and Paints,22,7
Public Lighting,22,7
Electricity,22,7
Electricity and plumbing,19,7
electrical materials,17,7
machinery,16,7
blacksmith and mechanic,16,7
hardware and metals,15,7
Hardware,12,7
Manufacturing trade,12,7
Industrial Piping,12,7
Electrician and plumber,11,7
Medical supplies,10,7
factories,10,7
hardware and paint,10,7
Motorcycles,9,7
mechanics,9,7
mechanical workshop,8,7
Metalworkers,8,7
used iron and metals,7,7
technical articles,7,7
heating and plumbing,7,7
musical instruments,7,7
Automatic electrical equipment,6,7
Mechanical Foundries,6,7
Calculating Machines,6,7
radio repair,6,7
Tools,6,7
Electromechanical Workshops,6,7
Electricity and Gas,6,7
Radio equipment,5,7
Musical instruments,5,7
Mechanical Engineering,5,7
Refrigeration,4,7
Scrap Metals,4,7
Manufacturing,4,7
Hardware and metals,4,7
Arms and ammunition,4,7
Mechanical Workshops,4,7
bicycles and motorcycles,4,7
Metalworker,4,7
Adding Machines,4,7
Electrical Engineering,4,7
Electrical Goods,4,7
Heating systems,4,7
Accounting Machines,4,7
Optics Industry,4,7
office machines,4,7
Marine Engines,3,7
machinery representative,3,7
Machinery representative,3,7
piano tuners,3,7
blacksmith,3,7
Sheet Metal,3,7
factory,3,7
Tires,3,7
Raw and Processed Metals,3,7
Radio Equipment Sales,3,7
electromechanical workshop,3,7
Metal workshops,2,7
Agricultural machinery,2,7
Workshop,2,7
Materials,2,7
Mechanical Workshop,2,7
Pianos,2,7
electrical goods,2,7
electrical expert,2,7
electronics,2,7
Aluminum,2,7
Plumbing and Sanitation,2,7
cinematographic equipment,2,7
Technical profession,2,7
Manufacturing company,2,7
Boat and engine repairs,2,7
Fixtures,2,7
Fire Extinguishers,2,7
Development and Printing,2,7
Cinematographic equipment,2,7
Coverings and Tubing,2,7
Blacksmith and mechanic,2,7
Blacksmith,2,7
plumber and tinsmith,2,7
telephone installations,2,7
steel industry,2,7
Electrodes,2,7
Automotive representatives,2,7
Electrical engineering,2,7
Electrician,2,7
Machine tools,2,7
Electrical installations,2,7
Brushes and brooms,2,7
sheet metal worker,1,7
small metals,1,7
Accumulators,1,7
shipbuilding and mechanical workshop,1,7
automotive services,1,7
welding and gas distribution,1,7
auto repair,1,7
auto parts,1,7
wrought iron,1,7
windows and fixtures,1,7
used metals,1,7
refrigeration and metal workshop,1,7
optics and engineering,1,7
heating and plumbing systems,1,7
industrial piping,1,7
industrial machinery,1,7
industrial electricity and gas,1,7
industrial electrical company,1,7
mechanical foundry,1,7
metallurgical and railway office,1,7
machine tools and supplies,1,7
manufacturing workshop,1,7
Agricultural Tools and Supplies,1,7
motorcycle workshop,1,7
Air Compressors,1,7
municipal works,1,7
knives and sharpeners,1,7
electromechanics,1,7
electromechanical devices,1,7
electricity production and distribution,1,7
electricians and plumbers,1,7
electrician and plumber,1,7
electrician,1,7
electrical supply and construction,1,7
electrical services,1,7
factory and warehouse,1,7
radio mechanics,1,7
electrical installations,1,7
scrap metal,1,7
repair workshop,1,7
refrigeration systems,1,7
electrical and hydraulic,1,7
plumbing and gas,1,7
plumbing and sanitation,1,7
flame maker,1,7
Aluminum Industry,1,7
aluminum industry,1,7
Heating and plumbing,1,7
Heating and Plumbing,1,7
Gas Lighting,1,7
Gas Generators,1,7
Battery Workshops,1,7
Laboratory Equipment Representative,1,7
Machinery and accessories,1,7
Locksmith services,1,7
Lighting Equipment,1,7
Industrial and Civil Supplies,1,7
Industrial Management,1,7
Industrial,1,7
Hygiene engineer,1,7
Industrial and commercial technology,1,7
Home radio repairs,1,7
Home Appliances,1,7
Industrial and civil supplies,1,7
Industrial area,1,7
Iron and steel pipes,1,7
Iron and metals,1,7
Iron and derivatives,1,7
Insulating gaskets,1,7
Installation services,1,7
Installation Services,1,7
Industrial products,1,7
aluminum,1,7
Compressors and Power Tools,1,7
Car body shop,1,7
Brass workers,1,7
Electric water heaters,1,7
Electrical materials,1,7
Electrical engineering office,1,7
Electrical construction,1,7
Electrical and plumbing installations,1,7
Electrical and plumbing,1,7
Electrical and hydraulic,1,7
Electrical Shop,1,7
Electrical Material Representative,1,7
Electrical Lighting,1,7
Electrical Installations,1,7
Electrical Company,1,7
Electrical Cables and Accessories,1,7
Electric Tools,1,7
Electrical repairs,1,7
Electric Company,1,7
Bicycle and Motorcycle Sales,1,7
Electrical materials supplier,1,7
"Electricity, Plumbing, and Gas",1,7
Factory - Economical Kitchens,1,7
Factory,1,7
Electro-Mechanical Workshop,1,7
Engineering profession,1,7
Electroplating Workshop,1,7
Electroplating,1,7
Electronics,1,7
Electromechanical workshop,1,7
Electrogalvanization,1,7
Electrochemistry,1,7
Electroautomatic Applications,1,7
Bicycles and Motorcycles,1,7
Cutlery and Sharpening,1,7
Control panels,1,7
Drying Facilities,1,7
Diesel Engines,1,7
Technical Installations,1,7
Steel materials,1,7
Signal lights,1,7
Scrap metal,1,7
Rubber Stamp Manufacturing,1,7
Shipyard and Mechanical Workshops,1,7
Technical materials,1,7
Technical repairs,1,7
Waterworks,1,7
Vocational training courses,1,7
air conditioning,1,7
agricultural equipment,1,7
accounting machines,1,7
Wrought iron,1,7
Technical supplies,1,7
Tools and hardware,1,7
Telephone systems,1,7
Telecommunication Cable Installation,1,7
Technological division,1,7
Vacuum Cleaners,1,7
Utilities,1,7
Tubero (pipe maker),1,7
Nickel Plating,1,7
Office furniture and equipment,1,7
New machinery and song,1,7
Musical Instruments and Radio Equipment,1,7
Musical Instrument,1,7
Office supplies,1,7
Patent Generators,1,7
Medical Equipment,1,7
Mechanics,1,7
Mechanical workshop,1,7
Mechanical supplies,1,7
Mechanical and metallurgical workshop,1,7
Mechanical and Welding Workshop,1,7
Mechanical and Metallurgical Workshop,1,7
Measurement instruments,1,7
Automobiles,1,7
Auto repairs,1,7
Motors,1,7
Motor machinery,1,7
Motor Winding,1,7
Mills,1,7
Auto Accessories,1,7
Metal industry,1,7
Metal Oxides,1,7
Metal Furniture Factory,1,7
Auto body repair,1,7
Radio Equipment,1,7
Railway maintenance,1,7
Radio technician,1,7
Radio repairs,1,7
Radio mechanics,1,7
Radio materials,1,7
Radio and Electrical Studio,1,7
Repair workshop,1,7
Rental and Repairs,1,7
Plastic processing,1,7
Processed metals,1,7
Precision mechanics,1,7
(Factories),1,7
construction trade,99,8
carpentry,71,8
Refractory materials,64,8
carpenter,45,8
construction materials,33,8
Construction Materials,31,8
coal and wood,28,8
Shipyard,25,8
Building Construction,22,8
Coal and wood retailer,18,8
shipyard,18,8
Carpentry,15,8
Construction trade,13,8
Coal and wood,13,8
Carpenter,12,8
lime and brickworks,10,8
solid fuels,10,8
construction company,9,8
Construction company,9,8
coal,9,8
Construction Companies,7,8
Refractories and Bricks,6,8
Coal and wood (retail),6,8
Construction Trade,6,8
lumber and construction,5,8
paper and cardboard,5,8
waste paper,5,8
Waterproofing,5,8
fabric representative,4,8
Wooden Ships,4,8
Coal Handling,4,8
Coal and wood wholesaler,4,8
Building materials,4,8
civil engineering,4,8
Chimney Sweeps,3,8
Thermal and acoustic insulation,3,8
Foundry,3,8
timber and construction poles,3,8
Cast Iron,3,8
Refractory Materials,3,8
calcium carbide,2,8
Wood for pulp,2,8
brick industry,2,8
building plaster,2,8
building materials representative,2,8
Sawmills,2,8
forestry industry,2,8
flooring,2,8
Plywood,2,8
Ship demolition,2,8
Shipbuilding and Repairs,2,8
coal and wood wholesale,2,8
coal and wood (retail),2,8
Civil engineering,2,8
public works,2,8
Coal and Wood,2,8
Coal and Wood Retail,2,8
Civil Engineering,2,8
paper and cardboard industry,2,8
Construction and Timber Trade,2,8
Construction materials,2,8
Building construction,2,8
Lime and Brick Works,2,8
masonry,2,8
Brickmaking,2,8
Cement,2,8
Cement ships,2,8
civil and industrial construction,1,8
construction and heating,1,8
shipyard repairs,1,8
construction secretary,1,8
construction materials warehouse,1,8
concrete products,1,8
construction contracts,1,8
construction contractor,1,8
coal and timber retail,1,8
shipbuilding,1,8
crofting,1,8
wood processing,1,8
wood and coal wholesale,1,8
wood for cellulose,1,8
wooden packaging,1,8
timber,1,8
carpentry construction,1,8
timber trade,1,8
terrace builder,1,8
building materials,1,8
gravel factory,1,8
lime and brick,1,8
lumber supplier,1,8
ironworks,1,8
neon construction engineering,1,8
refractory materials,1,8
general construction,1,8
flooring and tiling,1,8
firewood,1,8
foundry,1,8
prefabricated structures,1,8
Gravel,1,8
Flooring and wall coverings,1,8
Flooring and coverings,1,8
Firewood wholesale,1,8
Firewood and charcoal,1,8
Fossil Fuels and Firewood,1,8
Lime and Bricks,1,8
Lime and Brick Kilns,1,8
Iron warehouse,1,8
Coal or Firewood,1,8
Coal handling,1,8
Coal and wood dealer,1,8
Coal and wood (cutting),1,8
Coal and Timber,1,8
Coal and Firewood Trade,1,8
Civil Engineering Archives,1,8
Construction and Contracts,1,8
Construction Technology,1,8
Construction Foreman,1,8
Construction Company,1,8
Concrete pipes,1,8
Boat construction and repair,1,8
Carpentry and Mechanics,1,8
Cabinetmaking,1,8
Building Materials,1,8
Building Contractor,1,8
Boatyard,1,8
Brickworks,1,8
Carpentry school,1,8
Cement products,1,8
Construction and carpentry,1,8
Construction and contracts,1,8
Construction companies,1,8
Construction contractor,1,8
Cooperative Society for Construction,1,8
Construction management,1,8
Construction debris,1,8
Steel,1,8
Scaffolding and Painting,1,8
Sawing,1,8
Shipbuilding and repairs,1,8
Shipbuilding,1,8
Ship Demolition,1,8
Wholesale coal and wood,1,8
Wholesale Coal and Wood,1,8
Wooden packaging,1,8
Wooden Packaging,1,8
Wood and timber,1,8
Wood Materials,1,8
Venetian construction,1,8
Timber and packaging,1,8
Timber and Construction,1,8
Timber,1,8
Naval construction,1,8
Paper recycling,1,8
Paper and Rags for Paper Mills,1,8
Mechanical Construction,1,8
Maritime construction company,1,8
Railway materials,1,8
Railway construction,1,8
Quarries,1,8
Public works,1,8
Road construction supplies,1,8
Road Paving,1,8
Reinforced Cement,1,8
Plant Fibers and Wood,1,8
Port construction,1,8
Pharmacist,125,9
Provincial doctors,120,9
administrative profession,69,9
surveyor,50,9
civic leader,44,9
pharmacist,32,9
Architect,32,9
accountant,30,9
members,26,9
Municipal Councilor,24,9
Parish Priest,24,9
Lawyer,20,9
expert,19,9
representative,19,9
advisors,17,9
government official,14,9
dentist,12,9
Assistant,12,9
vicar,12,9
vice president,11,9
Parish priest,10,9
Professor,10,9
deputy,10,9
Engineer,9,9
Rector,9,9
Executive board,9,9
Deputy director,9,9
Executive committee,8,9
Inspector,7,9
deputy director,7,9
actuaries,7,9
Notary,7,9
Surgeon,7,9
Vicar,7,9
war invalid assistance,7,9
Commissioner,6,9
Mayors,6,9
substitute members,6,9
Member,6,9
manager,5,9
archivist,5,9
active member,5,9
assistant,5,9
education administrator,5,9
treasurer,5,9
Chief inspector,5,9
commander,5,9
Provincial Administration,4,9
general representative,4,9
Government official,4,9
Mayor,4,9
inspectors,4,9
chief inspector,4,9
archpriest,4,9
Secretary,4,9
mediator,3,9
Medical Director,3,9
parish priest,3,9
general practitioner,3,9
office staff - foreign languages,3,9
chemist,3,9
department head,3,9
surgeon,3,9
Expert,3,9
Civil and Criminal Judge,3,9
Actuary,3,9
Archpriest,3,9
co-director,3,9
faculty council representation,3,9
administrator,3,9
professional journalist,3,9
Accountant,3,9
Teacher,3,9
Administrative Secretary,3,9
Military Command,2,9
actuary,2,9
advisor,2,9
University secretary,2,9
legal advisor,2,9
Vice President,2,9
Watchmaker,2,9
director,2,9
ex officio member,2,9
home goods representative,2,9
civil and criminal judge,2,9
chief inspectors,2,9
chief accountant,2,9
Superintendent,2,9
Manager,2,9
office manager,2,9
staff member,2,9
Administrative director,2,9
railway personnel office,2,9
shoe representative,2,9
rector,2,9
obstetrician,2,9
Civic advisor,2,9
surveying profession,2,9
Counselor,2,9
police captain,2,9
police chief,2,9
substitute prosecutor,2,9
Health Inspector,2,9
provincial doctor,2,9
provincial administration office,2,9
Administrative role,2,9
substitute mayors,2,9
substitute member,2,9
Chief Accountant,2,9
military command,2,9
representatives,2,9
customs inspectorate,1,9
"teacher, rector",1,9
security commander,1,9
customs secretary,1,9
superintendent,1,9
civil engineering assistant,1,9
tax inspector,1,9
secretary,1,9
teacher,1,9
civil hospital advisor,1,9
society president,1,9
Appointed manager,1,9
Appointed Assistants,1,9
commander of carabinieri,1,9
station master,1,9
state archivist,1,9
court clerk assistant,1,9
specialist,1,9
autonomous priest,1,9
bandmaster,1,9
watchmaker,1,9
bank director,1,9
auditor,1,9
bank secretary,1,9
veterans' assistance,1,9
appellate court prosecutor,1,9
Accounting Inspector,1,9
chief secretary,1,9
chief prosecutor,1,9
chief office inspector,1,9
chief division,1,9
Architecture Professor,1,9
university advisor,1,9
university professor,1,9
captain,1,9
housing authority inspector,1,9
office of antiquities,1,9
optician,1,9
notary,1,9
notary public,1,9
head of administration,1,9
patriarchal office,1,9
government commissioner,1,9
government inspector,1,9
organizer,1,9
Agricultural Office Chief,1,9
legal advocate,1,9
midwife,1,9
journalist,1,9
municipal tax inspector,1,9
inspector,1,9
judge,1,9
judicial registry office,1,9
military officer,1,9
lace school representative,1,9
juvenile court prosecutor,1,9
juvenile court secretary,1,9
rector of Italian institute,1,9
engineer,1,9
railway station master,1,9
Administrative inspector,1,9
provincial government official,1,9
public housing advisor,1,9
deputy zone inspector,1,9
deputy mayor,1,9
regional leader,1,9
educator,1,9
representative and deposits,1,9
finance guard assistant,1,9
finance guard office,1,9
gardener,1,9
pilots,1,9
"general inspector, charity institution",1,9
postal inspector,1,9
Administrative profession,1,9
"professor, architecture institute",1,9
provincial administrative council,1,9
financial guard,1,9
finance inspector,1,9
finance guard officer,1,9
president,1,9
president of cultural institution,1,9
"president, monument society",1,9
Finance Guard Command,1,9
General director,1,9
Government Official,1,9
Group Commander,1,9
Health services chief,1,9
Government employee,1,9
Food supply inspector,1,9
Firefighter,1,9
Fire department,1,9
Financial Guard Investigation,1,9
Financial Guard,1,9
Finance official,1,9
Labor Union Secretary,1,9
Legion Commander,1,9
Major Assistant,1,9
Local Director,1,9
Automotive Department Head,1,9
Library assistant,1,9
Honorary vice consul,1,9
Honorary consul,1,9
Honorary Inspector,1,9
Home Goods Representative,1,9
Insurance Representative,1,9
Insurance Association President,1,9
Banking advisor,1,9
Board of Directors,1,9
Coal Representative,1,9
Clerk Assistant,1,9
Civil service,1,9
Civil Service,1,9
Civic leader,1,9
Conservator,1,9
Committee member,1,9
Commercial Director,1,9
Commander of the Financial Guard,1,9
Commander of Venice Detachment,1,9
Commander of Venice Company,1,9
Commander of Portogruaro Detachment,1,9
Commander of Mestre Company,1,9
Commander of Chioggia Detachment,1,9
Business Manager,1,9
Church Procurator,1,9
Chief Engineer,1,9
Chief section secretary,1,9
Chief chancellor,1,9
Chief Writing Office,1,9
Chief Statistical Office,1,9
Chief Secretary,1,9
Chief Receiver,1,9
Chief Physician,1,9
Chief Office,1,9
Chief Medical Officer,1,9
Chief Inspector,1,9
Chief Inspection Office,1,9
Chief Director,1,9
Chief Clerk,1,9
Chief Cashier,1,9
Chief Archivist,1,9
"Central Offices, Technical Assistants",1,9
Executives,1,9
Director of S. Marco Commissariat,1,9
Director of Chronicles,1,9
Director of Accounts,1,9
Deputy food supply inspector,1,9
Deputy Treasurer,1,9
Deputy Secretary General,1,9
Deputy Provincial Secretary,1,9
Deputy Political Secretary,1,9
Deputy Economist,1,9
Deputy Director,1,9
Dentist,1,9
Station Master,1,9
State Telephone Inspector,1,9
Sports technical director,1,9
Sports delegate,1,9
Sports Directorate,1,9
Site Inspector,1,9
Surveyor,1,9
Technical Chief,1,9
Tax office director,1,9
School Principal,1,9
Sales representative,1,9
Rowing Club Vice President,1,9
Secretary Treasurer,1,9
Secretary-Treasurer,1,9
Service Office Manager,1,9
Senior Officer,1,9
Senior Architect,1,9
Section Doctor,1,9
Technical director FIGB,1,9
Warehouse Officer,1,9
Voluntary Assistant,1,9
Violations office,1,9
Vice Secretary,1,9
"Vice Director, Bank of Naples",1,9
Veterinary director,1,9
Veterans Association President,1,9
agricultural inspector,1,9
Worker,1,9
Tourist tax collector,1,9
Theatre Administration,1,9
Telegraph inspector,1,9
University Secretary,1,9
University Secretariat,1,9
Newspaper representative,1,9
Office director,1,9
Office Manager,1,9
Nurse,1,9
Notary public,1,9
Athletics secretary,1,9
Athletics technical director,1,9
Nautical technical director,1,9
Office of Violations,1,9
Attached Captain,1,9
Assistant director,1,9
Pastor,1,9
Assistant veterinarian,1,9
Paper representative,1,9
Optician,1,9
Officer Attached to P.T.I.,1,9
Medical inspector,1,9
Military command,1,9
Merchants Association President,1,9
Provincial Officer,1,9
Representative,1,9
Reporter,1,9
Registry office director,1,9
Referee association president,1,9
Provincial Federation Secretary,1,9
Payment Officer,1,9
Assigned Assistant,1,9
Provincial Administration Secretary,1,9
Professor Engineer,1,9
Private Investigator,1,9
President of Venetian Society,1,9
President of Society,1,9
President of League,1,9
President of ACCNl,1,9
Police Unit for Investigations,1,9
Port Workers' Welfare Commissioner,1,9
Political Secretary,1,9
