category_value,n_rows
Macchine per scrivere,144
Macchine per scrivere - Calcolatrici - Duplicatori,66
SCHEDARI - MOBILI PER UFFICIO - MACCHINE CONTABILI - MACCHINE PER SCRIVERE - DUPLICATORI - ACCESSORI,17
"Venezia - Via XXII Marzo, 2288, Telephone: 25-889",15
Macchine per scrivere - Calcolatrici - Duplicatori - OCCASIONI - CAMBI - RICOSTRUZIONI - NOLEGGI,1
Macchine per scrivere e accessori,1
2288 - Telefono 25-889,1
Macchine per scrivene - Calcilatrici - Duplicatori,1
SCHEDARI - MOBILI PER UFFICI - MACCHINE CONTABILI MACCHINE PER SCRIVERE DUPLICATORI - ACCESSORI,1
