category,frequency,cluster_id
Camicerie da uomo,238,0
Bottigliere,70,0
Chincaglierie ed affini,56,0
Macellerie,54,0
Profumerie,49,0
Tabaccherie,45,0
"Oreficerie, Gioiellerie",42,0
Manifattura pellami e calzature,40,0
Lingerie e maglierie,40,0
Tessuti,37,0
sarto da uomo,37,0
Scatole,36,0
Mercerie,36,0
Calzature,35,0
Orologerie,32,0
calzature,30,0
Parrucchieri per signora,28,0
bottiglieria,28,0
Giocattoli,28,0
"Fiori, piante e sementi",25,0
tessuti confezioni filati,25,0
latteria,24,0
cartoleria,22,0
Maglierie,19,0
Abbigliamento,18,0
Sartorie e confezioni per signora,17,0
profumeria,17,0
Calzaturifici,14,0
calzaturificio,14,0
lavanderia e stireria,13,0
Biancheria e affini,12,0
Cappellerie,12,0
Confezioni varie,12,0
Librerie,12,0
Sartorie e confezioni per uomo,12,0
Stoffe e Tessuti,12,0
Polliccerie,11,0
parrucchiere per signora,11,0
manifatture,11,0
Macelleria,10,0
Abiti confezionati,10,0
Pellett erie (fabbriche),10,0
tappezziere,10,0
Calze,9,0
sarta da uomo,9,0
giornali (rivendita),9,0
Merletti e ricami,8,0
tessuti,8,0
Articoli Sanitari e Affini,7,0
lingerie e maglierie,7,0
Lavanderie e stirerie,7,0
Cartoleria,7,0
sartoria e confezioni per signora,7,0
confezioni varie,7,0
Conterie e Perle,6,0
Macchine da cucire e accessori,6,0
Tappeti,6,0
Tessili,6,0
falegnameria,6,0
pellicceria,6,0
tessuti filati,6,0
rappresentante tessuti,6,0
Confezioni per Bambini,5,0
Utensili,5,0
Bottiglieria,5,0
giocattoli,5,0
Falegnamerie,4,0
Cartiere,4,0
profumi,4,0
Saccherie ed affini,4,0
Saponi comuni medicinali e profumati,4,0
Tintorie e pulliture a secco,4,0
"Valigerie, pelletterie articoli da viaggio",4,0
Falegnameria,4,0
sartoria,4,0
"mercerie, filati e affini",4,0
Sarto da uomo,4,0
sartoria e confezioni per uomo,3,0
Calzinerci,3,0
Canapa e Lino,3,0
Copertoni,3,0
Filati all'ingrosso,3,0
Pelle tterie ed affini (negozi),3,0
Prodotti antisettifughi,3,0
Profumi e affini,3,0
Riparazioni calzature e cappelli,3,0
Tessiture seriche per l'arredamento,3,0
Sartoria e confezioni per signora,3,0
chincaglierie,3,0
biancheria e affini,3,0
Profumeria,3,0
Calzaturificio,3,0
Cinghie di Cuoio,2,0
Confezioni per Uomo,2,0
Lucido de scarpe (fabbriche),2,0
Manifatture e tessuti,2,0
Pennelli e spazzole,2,0
Sacchetti di carta,2,0
Sartoria civile e militare,2,0
Segherie,2,0
Soffierie,2,0
Pellicceria,2,0
Sartoria e confezioni per uomo,2,0
merceria,2,0
cereria e prodotti affini,2,0
gioielleria,2,0
rappresentante calzature,2,0
"oreficeria, gioielleria",2,0
rappresentante tessuti confezioni,2,0
pelletterie,2,0
rappresentante profumi,2,0
Manifatture,2,0
sartoria da uomo,2,0
sartoria uomo,2,0
confezioni per bambini,2,0
merletti e ricami,2,0
Riparazioni calzature e capelli,2,0
maglieria (negozio),2,0
giornali rivendita,2,0
abbigliamento,2,0
"Mercerie, Filati e Affini",2,0
"Fiori, Piante e Sementi",2,0
bottigliera,2,0
Confezioni per Signora,2,0
Abbigliamento per bambini e ragazzi,1,0
Magazzini della Gomma,1,0
Biancheria per Signora,1,0
Calzoleria,1,0
Camicie da uomo,1,0
Carte e Stracci per Cartiere,1,0
CANCELLERIA CARTA E CARTONI,1,0
Copisterie,1,0
Cotoni e cascami,1,0
"Stabilimento Serico Velluti, Soprarizzi, Broccati, Damaschi per Arredamento e chiesa. Passamanterie.",1,0
Essiccatoi,1,0
Commercio Filande per la trattatura della seta,1,0
Lanerìe e seterie,1,0
"Ricami artisti a mano, Laboratorio proprio, Negozio di vendita",1,0
FABBRICA,1,0
Modelli abiti signora,1,0
Confezioni Pelliccerie,1,0
Lavorazione profumerie,1,0
Reti e articoli da pesca,1,0
"Biancheria fine per signora finita e su commissioni, Corredi, Ricami a mano, di fronte Hotel Bonvecchiati",1,0
Deposito stoffe,1,0
Targhe,1,0
Utensili e utensileria in genere,1,0
maglieria,1,0
Pellicce e Confezioni per Signora,1,0
carpenterie,1,0
cotoleria,1,0
linge rie e maglierie,1,0
Merceria,1,0
maglierie negozio,1,0
lingerie,1,0
parrucchiere per signora e berbiere,1,0
carta e stracci per cartiere,1,0
pelle (lavor.e commercio),1,0
capelliera,1,0
confezioni Varie,1,0
abiti confezioni,1,0
calzificio,1,0
macellaeria,1,0
calzaturaio,1,0
articoli da bagno,1,0
Uff. di Magazzino,1,0
Abbigliamento per Bambini e Ragazzi,1,0
Sarto Da Uomo,1,0
Parrucchiere per Signora,1,0
coltelleria e arrotini,1,0
drogherie,1,0
utensili,1,0
macchine da cucire e accessori,1,0
saponi coloniali modici il *-promata,1,0
calzaturifico,1,0
pizzi e ricami,1,0
"« Biasetto », mercerie, fliati e affini",1,0
mercegie pellicceria,1,0
profumeria e parrucchiere per signora,1,0
"orificeria, gioielleria",1,0
carrozzeria,1,0
"Mercerie, filati e affini",1,0
Lavanderia e Stireria,1,0
manifattura,1,0
Confezioni per signora,1,0
Lavori in Falegnameria,1,0
perle (lavorie i commercio),1,0
"Alla Città di Scbio, Tessuti",1,0
Abbigliamento uomo,1,0
rappresentanze tessuti,1,0
pelletterie (negozio),1,0
lucido da scarpe,1,0
Tipografia; Cartoleria,1,0
Confezioni,1,0
Mobili (negozio); Cartoleria,1,0
Cappelleria,1,0
Lingerie e maglie-ig.,1,0
Mod.; Pellicerie,1,0
coltelli e arrotini,1,0
tappezziere c.,1,0
lanerie e seterie,1,0
maniffatura e,1,0
tappeti,1,0
faiegrieria,1,0
Pelletterie,1,0
pellicceria tessuti,1,0
lavaderia e stierira,1,0
chincaglieria,1,0
"articoli casalinghi, cartoleria",1,0
manifature,1,0
"merceire, filati e affini",1,0
lingería e maglierie mercerie filati,1,0
"confezioni per uomo, impermanefili lingerie e maglierie",1,0
mercerie filati,1,0
cererie e prodotti affini,1,0
"Confezioni Pellicceria, Deposito Pelli",1,0
sartola confezioni per uomo,1,0
"Rappresentante tessuti, confezioni, liniti",1,0
"Specialità venoziane, pelletterie",1,0
"Legnime, mercerie, filat e affini",1,0
fatto da uomo,1,0
calzaturficio,1,0
"Magasin de Paris, Sartoria, Confezioni e Lingerie di Lusso",1,0
"fiori, piante e sementi",1,0
perle (produtt. e commercio),1,0
mercerie e filati,1,0
"mercerie, afiat e affini",1,0
Produzione e Lavorazione vetro per Soffierie,1,0
manifatture tessuti,1,0
"cartoleria, libreria",1,0
"terrazze porcellane, detersivi, saponi, affini (vendita)",1,0
bottigliecia,1,0
fiori piante e sementi,1,0
modista,1,0
tappeti (negozio),1,0
Sarto da Uomo,1,0
Rappresentante tessuti,1,0
"prodotti antisettícu-genici, inchiostri",1,0
lucido da Scarpe,1,0
sarta; e a confezioni per bambini,1,0
mercerie filati ed affini,1,0
lavanderia e stalleria,1,0
maglieria biancheria (negozio),1,0
forniture,1,0
"merce nelia, filati e affini",1,0
"merce-ria, filati e affini",1,0
"argenteria, oreficeria, gioiellerie",1,0
"saccheria, azzettaii e santi",1,0
"orologeria, oreficeria, gioielleri",1,0
"perle (produtt, e commercio)",1,0
tintoria puliture a secco,1,0
merletti ciconini,1,0
Tessuti stampati e arti etici,1,0
industria laterizi,1,0
Sartoria e Confezioni per Signore,1,0
Cartoleria Chinaglierie,1,0
Maglieria (negozio),1,0
Tossenti filati,1,0
Laboratorio Fiale,1,0
"seterie, merletti e ricami",1,0
reti e articoli da pesca,1,0
"Ferramenta, Utensileria, Articoli casalinghi",1,0
sarda da uomo,1,0
pelle (lavor. e commercio),1,0
concerie e pelli,1,0
tessuti alti,1,0
coltelleria,1,0
modelli abiti signore,1,0
tintoria e pulitura a secco,1,0
Sarto,1,0
falegnamerie,1,0
acqui di colonia,1,0
confezioni,1,0
saddlery,1,0
perfumery,1,0
laundry and ironing,1,0
sewing goods,1,0
dressmaker,1,0
pelami e cuoio,1,0
barbiere | Pescheria,1,0
sartoria e confezioni,1,0
lavanderia e stirerie,1,0
"cordami, spaghi, filati",1,0
Giornali (rivendita),1,0
lingerie e maglieric,1,0
profumi e affini (fab. brcia),1,0
sarto a uomo,1,0
articoli sanitari,1,0
Imballaggi,1,0
Ditta Cecchiotti,1,0
Industria editoriale San Fantin,1,0
scatole carta cartoni ed affini,1,0
"stoffe, tessuti, lingerie e maglierie",1,0
Stoffe per arredamenti,1,0
Colletlico Italialee,1,0
"Guanti, Pizzi, Ricami a mano, Esportazione",1,0
macchine per cucire,1,0
articoli igienici,1,0
"stoffe per arredamenti, tendeaggi e tappezzi, Filiali a Roma, Milano, Torino, Firenze",1,0
Ingrosso Maglierie,1,0
tendaggi e tappeti,1,0
sartoria e confezioni per signorа,1,0
lavandera e stireira,1,0
Stole e tessuti,1,0
botigli°eria,1,0
Fiori piante e sementi,1,0
gioiellera (rivendita),1,0
parrucchiera per signora,1,0
orefeceria gioielleria,1,0
Agenzie di trasporto,323,1
Cantieri Navali,38,1
Noleggio imbarcazioni,28,1
spedizioni e trasporti,23,1
Agenzie marittime,20,1
Recuperi navali,19,1
Cantiere Navale,18,1
Trasporti marittimi con motanavi e motovelieri,18,1
cantiere navale,13,1
Autotrasporti,9,1
Società di navigazione,9,1
noleggio imbarcazioni,9,1
ARMAZIONI MARITTIME,9,1
Trasporti,8,1
autotrasporti,8,1
Case di Spedizioni,8,1
TRASPORTI FLUVIALI E LAGUNARI,6,1
agenzia marittima,6,1
Ferrovie dello Stato,6,1
Fornitori di bordo,5,1
trasporti marittimi fluviali e terrestri,5,1
Mediatori e sensali marittimi,5,1
Spedizioni e trasporti,5,1
Lavori manovalanza,4,1
Spedizioni e Trasporti,4,1
Trasporti fluviali,3,1
Motori marini,3,1
Navigazione fluviale,3,1
importazioni ed esportazioni varie,3,1
pesca marittima,3,1
Agenzia Marittima,2,1
Anonima di Navigazione,2,1
Agenzie di viaggio e turismo,2,1
Armatori,2,1
Costruzioni e riparazioni navali,2,1
Esportazioni,2,1
Forniture navali e industriali,2,1
Lavori portuali,2,1
Navigazione lagunare,2,1
Portabagagli,2,1
Provveditori marittimi,2,1
Riparazioni barche e motori,2,1
Spedizioni e trasporfti,2,1
Agenzia Trasporti,2,1
Trasporti marittimi,2,1
navi (demolizione),2,1
Agenzia marittima,2,1
cantieri navale,2,1
Casa di Spedizioni,2,1
autorasporti,2,1
Trasporti marittimi fluviali e terrestri,2,1
shipping and transportation,2,1
Agenzie di traslochi,1,1
Agenzia Marittima e Casa di Spedizioni,1,1
Agenzie di trasporti,1,1
"""Cantieri Navali""",1,1
Cantiere Navale e Officine Meccaniche,1,1
CANTIERE NAVALE,1,1
Demolizione Navi,1,1
Forniture per imbarcazioni,1,1
Forniture marittime,1,1
provveditoria marittimo,1,1
forniture navali,1,1
"__SECTION__,,Imberchi e sbarchi""",1,1
COSTRUZIONI PONTILI E OPERE PORTUALI,1,1
"Sestri, Agenzia di Padova: Ditta Michele Trappetti. Corso del Popolo, 1, Telefono: 24-587. Motori Diesel ad iniezione meccanica per impianti fissi e marini, Motori a gasogeno.",1,1
Agenzia Marittima e spedizioni internazionali,1,1
di spedizione,1,1
Trasporti aerei,1,1
Trasporti marittimi e fluviali,1,1
Società Adriatica Trasporti Turismo Imbarchi,1,1
TRASPORTI POSTALI,1,1
TRASPORTI SERVIZI PORTUALI,1,1
trasporti fluviali,1,1
costruzioni e riparazioni navali,1,1
provveditorii marittima,1,1
Importazioni ed esportazioni varie,1,1
"Trasporti marittimi, fluviali e terrestri",1,1
Organizzazione Trasporti di qualsiasi tipo,1,1
"Cantieri navali, trasporti marittimi fluviali e terrestri",1,1
mediatrice e sensale marittima,1,1
imprese e opere marittime,1,1
Fornitore Marittime,1,1
Noleggio Imbarcazioni,1,1
Agenzia Traslochi,1,1
ippotrasporti,1,1
Costruzioni Navali,1,1
Trasporti Postali Carcerari,1,1
cantiere navale S. An,1,1
cantiere navale Monigrea,1,1
imprese opere marittime,1,1
casa di spedizione,1,1
Esclusivisti delle rnigliori Marche Nazionali ed Estere,1,1
Negozio l’imbarchaioni,1,1
Agenzia Marittima e Spedizioni Internazionali,1,1
casi di spedizione,1,1
"Soc. Coop. a. r. 1., trasporti",1,1
autotrasport,1,1
Gestione Agenzie Marittime,1,1
trasporti e spedizioni,1,1
importazione ed espor tazione varie,1,1
"di Spedizione, spedizioni e trasporti",1,1
Cantiere navale,1,1
Trasporto,1,1
"Organizzazione Trasporti, spedizioni e trasporti",1,1
autoviatporti,1,1
"Spedizioni Terrestre Marittime e Fluviali per l'Interno e per l'Estero, Filiali o Corrispondenti nelle principali località Italiane ed Estere. Servizi speciali di spedizione a mezzo autocarro e per Lombardia, Piemonte, Liguria, Emilia, Toscana, Lazio, Italia Centrale, Meridionale e Insulare.",1,1
armatore-aganzuia marittima,1,1
cantlere navale,1,1
noloeggio imbarcazioni,1,1
agenzia marittima spdiuzion,1,1
Imbarcbi e sbarchi,1,1
spedizioni,1,1
nolleggno imbarcazioni,1,1
Industrie Navali Officina Meccanicee,1,1
Servizi autotrasporti Industriali di,1,1
Soc. Coop. Autotrasporti cel eri internazionali,1,1
Sindacato Imprese Trasporti Recuperi e Ricostruzioni attivita navale,1,1
"autotrasporti, spedizioni",1,1
Navigazione Fluviale,1,1
Rimorchi navali,1,1
provveditore marittimo,1,1
agenzia aunnitima spedizioni e trasporti,1,1
spedizioni trasporti navigazione,1,1
"Suoc Fratelli Scarpa, Agenzia Marittima e Casa di Spedizioni",1,1
Società di Navigazione Ae-rea,1,1
Agenzia di viaggi e turismo,1,1
trasporti marittimi diurnali e terrestri,1,1
FERRO-VE DELLE STATO,1,1
Comando Milit. Maritt. Art. dell'Alto Adriatico | Arsenale,1,1
"cicità, noleggio imbarcazioni",1,1
nolleggio imbarcazioni,1,1
"SOCIETÀ ADRIATICA TRASPORTI TURISMO IMBARCHI, SBARCHI, (GIÀ SUCO. GUETTA SOC. AN.) UFFICIO VIAGGI E TURISMO,",1,1
cantiere navale ricuperi,1,1
"Costruzione riparazione e motorizzazione Burchi, Bragozzi, Topi, Maone, Peate; Motoscafi di lusso e da trasporto - Arredamento completo del natante",1,1
autotrasporti ricuperi navali,1,1
Agenzia Marittima e casa di spedizioni,1,1
iucoperi navali,1,1
trasporti,1,1
Strti da uomo,101,2
Bar,93,2
Latterie,84,2
sarta,65,2
Refrettari,64,2
Osterie,63,2
Sarte,63,2
Barbieri,60,2
osteria,60,2
Mestre,54,2
Barili,47,2
barbiere,47,2
falegname,37,2
Manifesture,36,2
CARTA,32,2
Tipografie,29,2
Case di Cura,25,2
Geometra,24,2
ostetrica,21,2
Messaggerie,20,2
Liqouri,19,2
bar,19,2
Giornali,18,2
Modisterie,18,2
STABILIMENTO GRAFICO,17,2
Perle,17,2
perito,15,2
Squerì,15,2
Vini,15,2
Osteria,15,2
Agrumi,14,2
Carta,14,2
Vallicultura,14,2
mercerie,14,2
fiori,14,2
Barbiere,14,2
LOCANDE,13,2
Cinema,13,2
Coltellinai e Arrotini,13,2
Ghiaccio,13,2
Dolciumi,12,2
Mode,12,2
Petrolio,12,2
oreficeria,12,2
Latteria,12,2
Sarta,10,2
pensione,10,2
tipografia,10,2
Morocicli,9,2
Vetri,9,2
Cornici,8,2
Droghe,8,2
Ombrelli,8,2
albergo,8,2
orologeria,8,2
dentista,8,2
Navi,7,2
libreria,7,2
Ostetrica,7,2
parroco,6,2
Hotel,6,2
Ghiacciaie,6,2
Pelli,6,2
Seterie,6,2
Bazar,5,2
notaio,5,2
Argenterie,5,2
LA VELOCE..,5,2
Birrerie,5,2
Materassai,5,2
Uova,5,2
pittrice,5,2
vini,5,2
giornali,5,2
ing.,5,2
IMPERMEABILI,4,2
Catrame,4,2
Filande,4,2
Frigoriferi,4,2
Guami,4,2
Pantofolai,4,2
pellami,4,2
Rimorchatori,4,2
Semi oleosi,4,2
Stracci,4,2
Strucchi,4,2
Sughero,4,2
Terrrazzi,4,2
Zucchero,4,2
sarto,4,2
polleria,4,2
navi,4,2
birreria,4,2
Vetria 17,4,2
Vetreria,4,2
Ortaggi,4,2
Bandiere,3,2
Bilancie,3,2
Calderai,3,2
Espurgo pozzi neri,3,2
Ghisa,3,2
Lamiere,3,2
Libreria,3,2
Olii,3,2
Recuperi marittimi,3,2
vetri,3,2
Medico,3,2
attuario,3,2
radio,3,2
calze,3,2
trebbiatura,3,2
chirurgo,3,2
Modisteria,3,2
moderna,3,2
Medicina,3,2
Tipografia,3,2
Acciai,2,2
Aceto,2,2
Alcool,2,2
Soc. Coop.,2,2
Bitumi,2,2
Carni,2,2
Caviale,2,2
fdm. Navagero 34,2,2
(eomerscio),2,2
Filatelico,2,2
Gas,2,2
Lane e crine,2,2
Sementi,2,2
setorie e lanerie,2,2
S. A.,2,2
Telerie,2,2
Vetri neutri,2,2
Zincografia,2,2
Zolfo,2,2
medico,2,2
vallicultura,2,2
Pensione,2,2
S.,2,2
murari,2,2
veterinario,2,2
rettore,2,2
Carpentiere,2,2
pianoforti,2,2
ottica,2,2
valigerie,2,2
stomatologo,2,2
dolciumi,2,2
terraglie,2,2
carta,2,2
mode,2,2
ghiaccio,2,2
coltellinaio e arrotino,2,2
pellami e cuoi,2,2
barbieri,2,2
uova,2,2
Economo,2,2
oculista,2,2
cinema,2,2
malattie nervose,2,2
Presd. Soc.,2,2
tabachcheria,2,2
har,1,2
liquori,1,2
Abat jours,1,2
Accumulatóri,1,2
Acqua di colonia,1,2
Lloyd’s Agen.,1,2
Agricola,1,2
Armonium,1,2
Ottica,1,2
Aspirapolvere,1,2
Telef. 53-819,1,2
Bigiotterie,1,2
Bronzi,1,2
Soc. An.,1,2
Calce,1,2
"119-A""",1,2
telefono 24-562,1,2
2667 B,1,2
Carni equine,1,2
Cave,1,2
Coloniali,1,2
S. Moisé,1,2
AGENCY,1,2
Conserve,1,2
cordami,1,2
Fond. Convertite,1,2
Detective,1,2
Divise,1,2
Doratura,1,2
Ebanisti,1,2
"1079""",1,2
Eraclit,1,2
Fasite,1,2
Soc per Az,1,2
Fibre autarchiche,1,2
C. P. 46,1,2
Foraggi,1,2
Francobolli,1,2
Ghiaia,1,2
Terragliole,1,2
Insetticidi,1,2
Banco,1,2
Ne gropente,1,2
Lievito,1,2
Macellazione,1,2
Bestimare ed esercizio macellere,1,2
Malto,1,2
INSETTICIDA,1,2
prime per celerie,1,2
Molini,1,2
Nichelatura,1,2
Olive,1,2
Palombari,1,2
Panelli,1,2
Pellami e cuoi,1,2
Penna,1,2
Pianoforti,1,2
Piloti,1,2
Porcellane,1,2
recuperi,1,2
Recordi ferroviari,1,2
Phonola radio,1,2
Rodio,1,2
Cast. 3133,1,2
Riserie,1,2
Scopai,1,2
Sego,1,2
Semiotrica,1,2
terrestri,1,2
S.A.F.A.,1,2
Stufe,1,2
Cà Vio,1,2
v. Macello,1,2
Tappezzerie,1,2
Teatri,1,2
Termometri,1,2
Cartotecnica,1,2
Torroni,1,2
Esercizio,1,2
Vestiario,1,2
S.A.V.I.A.,1,2
Vetroflex,1,2
Zuccherifici,1,2
fiati ed affini,1,2
awvoc,1,2
Pastore,1,2
oste,1,2
vet radeo,1,2
Cingalagerie,1,2
cattoria,1,2
macerie,1,2
raprresentante,1,2
tipografa,1,2
lattera,1,2
bronzi,1,2
fattoria,1,2
stucchi,1,2
sguero,1,2
croft (esercizi),1,2
Alla Vida,1,2
o. pensione,1,2
nacelleria,1,2
agrumi,1,2
calcature,1,2
cinzieria,1,2
mosocore,1,2
tessanti,1,2
pelterie,1,2
micelleria,1,2
quadri,1,2
ertaio,1,2
pelli,1,2
buste salate,1,2
cappelleria,1,2
nobili,1,2
Via Algieri,1,2
starchics,1,2
Geomera,1,2
cortele e e perle,1,2
produieni,1,2
carpentire,1,2
chincaglie,1,2
modificatore,1,2
sottoscrira,1,2
matalto neuro-se,1,2
ca-toleria,1,2
sa to da uomo,1,2
trattorio,1,2
ostetrico,1,2
divise,1,2
imbarcbi e subarbe,1,2
chirurg,1,2
par. socio,1,2
caffe',1,2
aimenzanti (dett.),1,2
sa ta,1,2
pasticcera,1,2
orefice'ia,1,2
merce'cie,1,2
chiancigliere,1,2
fale indoperiche,1,2
Tormo,1,2
Merletta e cirmi,1,2
Comm.,1,2
numero 572,1,2
numero 565,1,2
corred di sposa ment-le e rangni,1,2
Albergo,1,2
Marittimi,1,2
Màghera,1,2
patrimenti Ientazioni,1,2
facchini | publici,1,2
palombari,1,2
Geometre,1,2
piloti,1,2
trattatia,1,2
olii,1,2
macellaia,1,2
Navagero 54,1,2
orologiaio,1,2
dermosifilopatica,1,2
Pres.,1,2
jeuta,1,2
radiogiologo,1,2
junioico,1,2
catalfurcicico,1,2
incisore,1,2
pellami e cuolo,1,2
orefaceri,1,2
ingg.,1,2
Cassiere,1,2
Filatelica,1,2
arw.,1,2
Ragiionere,1,2
arciprete,1,2
madura georlua. Le,1,2
ortopedico,1,2
liagerie,1,2
asserioazioni,1,2
ldm. Domnla Onesta,1,2
Municipio,1,2
macellaio,1,2
fabbr. Terrario e mecca. nico,1,2
molino,1,2
Birreria,1,2
pellami e cuoi.,1,2
hotelgieria,1,2
scnure,1,2
merce- rie,1,2
Pediatra,1,2
Tappezziere,1,2
medico chirurgo,1,2
dettaglio,1,2
in melleria,1,2
per azioni,1,2
dolciumi (mag osso),1,2
Calvacavia,1,2
Cavalcavia,1,2
ricuperi marittimi,1,2
lavandiera,1,2
Plexiglas,1,2
(dett),1,2
(dettaglio),1,2
carni equine,1,2
paniiicio,1,2
"f,attoria",1,2
Organiz. (ANT),1,2
autoparosti,1,2
bottiligeria,1,2
Cann 8971,1,2
Mlumlnio,1,2
Gludeco 595,1,2
seterie e lanerie,1,2
pianificato,1,2
cartolexia,1,2
Villuitteur,1,2
DU5E,1,2
ostetrice | Mestre,1,2
articoli somm.a,1,2
minerial,1,2
F.I.T.T.V.,1,2
bandaio lattoniere,1,2
Santa Apneise 909-A,1,2
Cann. 2102,1,2
manutentore,1,2
fond. Cavor 13,1,2
bar.,1,2
valigeria,1,2
P. S. in S.P.K.,1,2
caroleria,1,2
pellami e cuoi a,1,2
coltellaio e arrotino,1,2
ebanista,1,2
scuola,1,2
Fiori,1,2
munitettature,1,2
calsature,1,2
merce verie,1,2
mercer.,1,2
Tappzatore,1,2
orefici,1,2
Parroco,1,2
Generacia,1,2
acciai,1,2
radio e radio; alumunofni,1,2
cofor,1,2
RIECA,1,2
Sottuto,1,2
carta da macera,1,2
vetreria,1,2
Zinografia,1,2
murtori,1,2
C.P. 28,1,2
numero 45,1,2
nettezza urbana,1,2
foraggi,1,2
via Dese,1,2
Clinica Ostetrica,1,2
modisteria,1,2
pm. Patriarcale,1,2
malatte polmonari,1,2
trattorìa,1,2
caleteria,1,2
bigiotterie,1,2
autoscuola,1,2
Quadri,1,2
Orologeria,1,2
l'attrice,1,2
imbarchi e sbarchi,1,2
squero,1,2
rigattatoi,1,2
petrolio,1,2
palii iniettati,1,2
lateria,1,2
vetria,1,2
Cann. 1671,1,2
chiavaleserie,1,2
scaprer,1,2
abbiagliamento,1,2
pelliche,1,2
har. s,1,2
bandaio e fattirone,1,2
Telecommunication,1,2
pasticciere,1,2
dermatologo,1,2
geometra,1,2
lapidi marini,1,2
ostetia,1,2
pubblicità,1,2
consigliere,1,2
oreccheria,1,2
fiamaviera,1,2
osterie,1,2
ne,1,2
carta (grossiuita),1,2
Pal Da Mula,1,2
"cotellajuai, arrottini, minio",1,2
"aricule sanitari, prodotti farmaceutieci",1,2
Met'e,1,2
"elttricità econo, nizatori",1,2
latte,1,2
contoi e casearia,1,2
caffe,1,2
O.S.M.,1,2
comm.,1,2
rag,1,2
acquedotti,1,2
o'clock,1,2
Filanda,1,2
Ghiaccio (tabralerio),1,2
Molino,1,2
Vereie,1,2
vetroflex,1,2
minio,1,2
macellazione,1,2
accumulatori,1,2
numero 1641,1,2
661-A,1,2
tratto-ia,1,2
caffe (serezizi),1,2
ore-fiseria,1,2
sughero,1,2
co 1294,1,2
(dett.),1,2
Arciprete,1,2
calce e laterizzi,1,2
caccia,1,2
perle,1,2
budella,1,2
ombrelli,1,2
arxiv,1,2
rappresantanze varie,1,2
pommerinista,1,2
automatismi,1,2
al bar,1,2
cavalli da corsa,1,2
usciere,1,2
mererce,1,2
Latte,1,2
Esercizi,1,2
baccaleria,1,2
parru1chiera,1,2
hottigliocristai.,1,2
valli cultura,1,2
levita,1,2
various,1,2
logs,1,2
shoes,1,2
calfabricinio,1,2
sciroppi liguori,1,2
Attuario,1,2
bazar,1,2
promumerla,1,2
soc,1,2
incendiere,1,2
Simone,1,2
Nuova,1,2
(Ditta),1,2
"incisore, cesellatore, sbalzatore",1,2
nepote,1,2
hur,1,2
polizia rifiori,1,2
2196 A,1,2
leatarie,1,2
Tuberero,1,2
A.C.S Empale. vile e handli're;,1,2
chianista,1,2
well executives,1,2
Case da Gioco,1,2
Orologi,1,2
Turaccioli,1,2
Conterie ar-pe-le,1,2
to-ba,1,2
notai1o,1,2
barberie,1,2
sagunrO,1,2
professor,1,2
insegnanter,1,2
dermosifilopata,1,2
bodhiie,1,2
conservere,1,2
otorinolaringoiatra,1,2
cornice,1,2
Dentista,1,2
pollc-in,1,2
pellicterie,1,2
carbonia,1,2
argenteria orologeria,1,2
automoleggio,1,2
notato,1,2
radiologo,1,2
pharmacy,1,2
Pres,1,2
Orzo,1,2
Ottonai,1,2
agnuni,1,2
lavandoria e steria,1,2
orefacreia,1,2
(ANPI),1,2
INSETTICIDI,1,2
ristor ante,1,2
cas erni animali,1,2
osterica,1,2
Ruga Giuffa,1,2
osteitrico,1,2
Veterinario,1,2
Radio,1,2
cralrature,1,2
cappelano S. Bingio (Chiesa della Marina).,105,3
Trattoria,22,3
Banco di Roma,16,3
"Venezia - Via XXII Marzo, 2288, Telephone: 25-889",15,3
VISITOSI GUIDO,14,3
CINEMA S. Margherita,12,3
locanda,8,3
S. Marco,4,3
Cannaregio,4,3
S. Fantin 1983-A,4,3
Castello,3,3
S. Polo,3,3
Specialità Veneziane,3,3
S. Marco 3650,3,3
Venezia,2,3
Ponte delle Guglie,2,3
Banco S. Marco,2,3
S. Cassiano,2,3
S. Croce 1051,2,3
Palazzo Giustinian,2,3
Calle Goldoni,2,3
Ca' Foscari,2,3
S. Croce,2,3
VENEZIA,2,3
Direzione S. Lucia,1,3
Strada Nuova,1,3
S. Croce 862,1,3
"S. Marco, 378,,,",1,3
S. Marco 2553,1,3
"S. Marco, 553",1,3
"S. Marco, 2670 A",1,3
"S. Marco, 4611",1,3
"Gran Caffè Bar 900, S. Simeone",1,3
San Marco,1,3
Bottega della Luca,1,3
S. Samuele 3357,1,3
"rag. Severino Sutter, S. Polo 2988",1,3
pt. Sant' Antonino,1,3
Campo S. Maria Formosa,1,3
Internazionale Zamplroni propr. Vianello,1,3
"alluminio, Porto Marghera",1,3
San Luca Calle del Magazen,1,3
"Bottega della Luce, S. Marco, Calle Goldoni 4511",1,3
S. Luca 4371,1,3
San Lio,1,3
"S. Marco 3416""",1,3
Via Torre Belfredo,1,3
Telefono 23.050,1,3
S. Marco 4651,1,3
S. Elena,1,3
S. Polo 1077,1,3
Vetrai 74,1,3
"S. Croce 772, Dorsod. 2727, S. Marco 4578 e Lido, Via Malamocco 91",1,3
"Telefono, 23-257",1,3
S. Fosca 2223,1,3
S. Marco 914,1,3
2288 - Telefono 25-889,1,3
Telefono 42-562,1,3
Unica Premiara Ditta di Palloncini alla Veneziana,1,3
S. Marco 3727,1,3
"Pellestrina, S. Pietro in Volta",1,3
Via Piave,1,3
P.za Umber. I,1,3
S. Marco 4346,1,3
P. Marghera,1,3
Piazz. 27 Ottobre,1,3
Telefono 22-534,1,3
Via Acquileia,1,3
S. Moisè,1,3
Porto secco,1,3
"""Lido Gran Viale 27""",1,3
Labor. Via Cà Rossea 4,1,3
Sede di Venezia,1,3
"La più caratteristica Trattoria, di Polo Pietro fu Osvaldo, Telefono 25-463",1,3
Il ritrovo dei buongustai,1,3
Bacino Orseolo 1198,1,3
"Alla Colonna, trattoria,",1,3
S. Marco 1957A,1,3
"Sanpoli Lux, S. Molsi 2025",1,3
Stazione di Mestre,1,3
S. Marco 1393 e Marghera,1,3
Locanda,1,3
S. M. Elisabetta 31,1,3
Piazzale Stazione,1,3
Canal Palazzo Widmann,1,3
Via L. Manvrello,1,3
Trattoria Locanda „Alle Anche Figure„,1,3
S. Lucia,1,3
Favaro Veneto Campalto,1,3
S. Giuliano.,1,3
Casa del Regalo,1,3
Calle Larga S. Marco,1,3
Demanio e Pesca Capparinesi di Porto,1,3
Giudecca,1,3
"Filiala: Pietrasanta (Carrara), Viale Oberdan 4, teleg. Castaman Pietrasanta",1,3
Capo Stazione,1,3
S. Maria della Presentazione (Zitelle),1,3
S. Maria Gloriosa dei Frari,1,3
S. Marco Piazza Riva S. Chiara,1,3
Piazzale Roma,1,3
portabagagli | nella Stazione di Venezia,1,3
Calle Larga San Marco,1,3
S. Bartolomeo,1,3
arpicprete Basilica di San Marco,1,3
Calle del Mistro,1,3
S. Marco 4292,1,3
bandaro a luttioniere,1,3
"Via Galuppi, Burano",1,3
S. Giovanni Decollato,1,3
a M arcianca,1,3
Trattoria vini,1,3
alla Basilica d’Oro,1,3
Purroco San Polo Apostolo,1,3
delle Cliniche di Venezia,1,3
Viale Miranese 98,1,3
S. Marco 1119-20,1,3
Riva Schiavoni,1,3
dirigente Commissariato di S. Marco,1,3
Marco 7,1,3
santo da uomo,1,3
Marangon,1,3
"Carte da Gioco ""Modiano""",1,3
Piazzale S. M. Elisabetta 21,1,3
Salvi Marco 2887,1,3
S. Pietro in Volto,1,3
"Pelletseun, Sarn Pietro in Volta",1,3
Adriatico,1,3
Parocco,1,3
trattoria | P. Marghera Vi Rossanrol,1,3
S. Polo 2380,1,3
Frari,1,3
S. Polo 1421-A,1,3
S. Marco 570,1,3
S. Polo 2355,1,3
S. Angelo 3880,1,3
S. Angelo 3538,1,3
di Giovanni Lucangei,1,3
terrazzano,1,3
deposito Marghera,1,3
"San Trovasso, Palazzo Giustinian",1,3
"S. Trovasso, Palazzo Giustinian",1,3
Favaro Veneto Dese,1,3
Basilica di S. Marco,1,3
Gran Viale 17,1,3
nuclei Scal. Marghera,1,3
Riva Schiavoni 4207,1,3
parroco S. Maria Elisabetta di Lido,1,3
S. Polo 1418,1,3
Biblioteca Marcinina,1,3
piasza Giovanni,1,3
Gran Viale,1,3
trattoria a Il Fureto Risoro,1,3
"parroco, S. Giacomo dall’Orio",1,3
S. Croce 772,1,3
Stazioned di Venezia,1,3
Ca' Rossa,1,3
Corso del Popolo 28,1,3
Basiljca S. Marco,1,3
Basilica di San Marco,1,3
Macellazione Venezia,1,3
"Riva del Carboni ""Palazzo Benlo",1,3
Lungomare Malamocco,1,3
"caffè (eserzio), Castello 4565",1,3
Via Pasqualegio,1,3
"S. Marco, numero 367",1,3
parroco Treporti,1,3
"Chioggia, Calle Gradasa 4716",1,3
parroco S. Maria del Gi glio,1,3
Naviglio,1,3
arciprete Basilica di S. Marco,1,3
San Angelo 2984,1,3
Circolo della Spidal,1,3
Alberoni Bagni,1,3
Vi ale di S. Elishabetta 57,1,3
Mestre Piazza Umberto Primo,1,3
tabaccheria | Vie Macello,1,3
trattoria | Burano Treporti,1,3
osteria | Murase fdm. Navagero,1,3
"Geriatrico del Seminario Patriarcale, Santa Maria della Salute",1,3
Veneto,1,3
"Spt, S. Zaccaria",1,3
terrazzi piorellane,1,3
S. Maria degli Angeli (Murano),1,3
Palazzo ex Reale,1,3
Banchi Lotto,1,3
MILANO,1,3
San Giovanni e Paolo,1,3
Piazzale Roma 497,1,3
Zattere 1406,1,3
Ospizio Marino,1,3
trattoria e Albergo il  Accademia,1,3
A.l S. Biagio,1,3
S. Marco 597-B,1,3
Acquedotti,1,3
S. Luca 1578-C,1,3
S. Maria delle Penitenti,1,3
S. Lodo. vico (S. Alvise),1,3
Stazione A.,1,3
S. Marco numero 1321,1,3
Ponte dell’ Olivo,1,3
numero 4514,1,3
"locale ideale per il buongustaio, Salone per banchetti e feste danzanti",1,3
medicina generale,78,4
ZAGO F.LLI,58,4
AGENZIA P. BORTOLUZZI,49,4
avvocato,36,4
avv.,32,4
"agenzia di viaggi e turismo,Cappellont Aldo",28,4
Lavoro,22,4
Società di assicurazioni,22,4
Istituti di credito,20,4
rappresentante,17,4
Avvocato,17,4
Consigliere Municipale,17,4
Consiglio di Amministrazione,15,4
Specialisti veneziane,13,4
Falegname,11,4
Banco di Sicilia,9,4
Ragioniere,8,4
Istituzioni,8,4
mediatore,7,4
Mediatori,6,4
Medicina Generale,6,4
Medicina generale,6,4
Carta da macero,5,4
Facchini pubblici,5,4
Avv.,5,4
Insegnante,4,4
rappresentante varie,4,4
legatoria di libri,4,4
professore,4,4
Direttore,3,4
Carta da impacco,3,4
Cordami e Spaghi,3,4
Ispettore,3,4
Presidente,3,4
Giudice,3,4
vicario,3,4
Pretore della Pretura Civile e Penale,3,4
Perito,3,4
Prefettura,3,4
Segretario,2,4
Istituti d'informazioni e di investigazioni,2,4
Sindaco,2,4
Consigliere,2,4
Vicario,2,4
Assitenza,2,4
rappresentanti,2,4
Genio Civile,2,4
Vice Direttore,2,4
avv,2,4
Commissario,2,4
medico generale,2,4
Giudice Tribunale Civile e Penale,2,4
Soc. An. Condizione Immobilit,2,4
Vice Comm.,2,4
Amministrazione della Provincia,1,4
Soc. Elenchi Abbonati al Telelef. An.,1,4
in Nome coll.,1,4
Gerente Baldi Antonio,1,4
Uffici,1,4
di Guido Rusconi,1,4
v. Principe di Piemonte 10,1,4
Comune di S. Elena Gestione Ospedale Civile,1,4
Soc. per Az.,1,4
LEGNAME E IMBALLAGGI,1,4
Officina,1,4
ZAGO F. LLI,1,4
Agente per il Veneto: S. A. Supper Lux,1,4
Banco di Interesse Nazionale,1,4
Lavori pubblici in genere,1,4
La Mercantile Azienda Veneta Rappresentanze Commerciali Industriali,1,4
s.r.l.,1,4
Quadri di manovra e commando,1,4
Concessionario Marelli,1,4
S. A. Fondiaria Italiana,1,4
S. in nome collettivo,1,4
Società per Azioni,1,4
"Consiglio di Amministrazione: Presidente Giovanni Scaramanga di Altomonte; Vice Presidente: cav. di gr. cr. ing. dr. Luigi Macalina; Consiglieri comm. dr. Rodolfo Bernardi; comm. dott. Pardè Formentini; avv. Bruno Forti conte Mario Moretti; dott. Mario Valenti. nuzzi. - Collegio dei Sindaci: gr. uff. rag. Amedeo Fracassi; gr. uff. dott, Cesare Cichi; dott. Girolamo Manzutto; dott. Mario Renzi; dr. rag. Antonio Tedeschi. Direttore Generale: gr. uff. cap. Guido Cosulich, - Sede di Venezia, Direzione ed ufficio merci: Piazza S. Marco. Direttore della sede di Venezia: Com.te, cav. uff, Filibert Francesco.",1,4
Lussero Cl. rag. Cesare,1,4
Spettacoli educativi e morali,1,4
Mazzagni Fasolato,1,4
gestione S. A.,1,4
Gesitone S. A. «I. C. S. A.»,1,4
gestione S. A. «I. C. S. A.»,1,4
gestione Furlan cav. Giovanni,1,4
Succ. Lorenzo Rubelli e Figlio,1,4
Alla Salute Risorta,1,4
Vetri sanitari,1,4
diret. uff. del Registro,1,4
Comandante Legione Terr. della Guardia di Finanza,1,4
ing. Sez. Corpo del Genio Civile,1,4
segretaria Istituto Universitario di Economia e Comm. Cà Foscari,1,4
Capitale sociale L. 150.000.000,1,4
Accomandita Gestioni,1,4
Azienda Generale Italiana Petrolii,1,4
Capo rip. personale Polrvice dello Stato,1,4
Casa Italiana Rappresentanze Depositi affini C.I.R.L.A.,1,4
Fid. Prova-della (V.U.V.),1,4
Ingegner Capo del Corpo del Genio Civile,1,4
Direttore Ass,1,4
Capo Servizio Sez. Deposito Franco,1,4
Avogado degli Azzoni,1,4
Medico Chirurgo,1,4
Cassiere Banca Nazionale del Lavoro,1,4
Rettore,1,4
Società di Assicurazioni,1,4
"Istituto di Informazioni e di Investigazioni, Ricerche, agenzia d'informazioni e investigazioni",1,4
Succ. Ditta Perissinotto Giuseppe di Nicola,1,4
rappresentante pellami,1,4
Direttore Banco San Marco,1,4
Ass. Naz. Combattenti,1,4
Dogana Principale,1,4
Procuratore presso la Corte d’Appello,1,4
legatoria di Libri,1,4
Direttore Banqueca Veneziana di Cprediti e Conti Corrrenti,1,4
Associazione,1,4
Capo Uff. Amministrazione,1,4
Capitano Addetto,1,4
V. Direttore,1,4
Vice Presidente Deputazione Provinciale dell’Amministrazione della Provincia,1,4
Relatore Comando di Legione Guardia di Finanza,1,4
Pres. Soc. Ven. della (IFSE),1,4
segreteria Istituto Universitarlo Economía e Com. Ca' Foscari,1,4
"Segetarjo Capo Uff. Impianti Elettrici e di Segnalamento, Ferrovie dello Stato, Direzione S. Lucia",1,4
Presidente di Sez.,1,4
Medico Provinciale,1,4
"Istituto Universitario di Economia e Commercio, Ca' Foscari",1,4
Legione Territ. Guardia di Finanza di Marghera,1,4
Istituto Nazionale per il Commercio Estero,1,4
Vicc. Presid. Club Alpino Italiano,1,4
Capo Cantiere da A. C. N. I. L.,1,4
Dep. Fornaggi,1,4
applicato segreteria Istituto Universitario di Aretich.,1,4
Presidente Tribunale Civile e Penale,1,4
Gestione P. Y. Socimezarea,1,4
curato autonomo,1,4
Bibliotecc 1. stituto Universitario Economia Commercio Co Foscar.,1,4
Archivista,1,4
Patrocinatore legale,1,4
Sostituto Proc.,1,4
"vicario S. Leone, (S. Lio)",1,4
Istituto Ortopedioco Elioteropico,1,4
Direttore Banca d'A. mercica e d'Italia,1,4
Com. Esecutivo della Cam. Conf. del lavoro,1,4
Segretaria della Camera Conf. del Lavoro,1,4
"Vice Cam. dirigente ""Commissariato di Castello""",1,4
medicina generale-Ospedale Civile,1,4
"Gespppe Vec-tore s. N., Società mineraria",1,4
Vice Presd. Società Canottieri,1,4
Aiutante di CancelI. della Pietura,1,4
I. Archiviasti del Genio Civile,1,4
Cassiere Principale Banca di Napoli,1,4
Ing. Capo Ufficio Tecnico dell’Amministrazione del Provincia,1,4
rappresentante assicurazioni,1,4
facchini pubblici,1,4
Comunità Israelitica,1,4
Segretario Società Costruzioni Bincionaro,1,4
"Revisore Ufficiale dei Conti, Amministratore Giudiziario",1,4
Capo Stazione di Prima Classe,1,4
Segret. presso la Corte d'Appello,1,4
"Geometra, prin.e del Genio Civile",1,4
Revisore dei Cont.,1,4
Capo uff. Trasmissioni,1,4
Condirettore,1,4
Ispettore Capo Ufficio scritture,1,4
"Addetto ""Consigliere""",1,4
sindaco supplente,1,4
Vicario S. Sofia,1,4
"consigliere Istituto Univers. di Economia e Commerico, C'a Foscari",1,4
Comandante le tenenze Legione Territoriale dei Carabinieri,1,4
Ispettorato del Lavoro,1,4
"Ispett. Capo, Uff. Impianti Elettrici e di Segnalamento, Ferrovie dello Stato, Direzione S. Lucia",1,4
rappresentante goiieri alametari,1,4
Segretario Regionale del Lavoro per le Venezie,1,4
Tribunale dei Minorenni,1,4
Vice Presidente Deputazione Provinciale dell'Amministrazione della Provincia,1,4
Forniture e Rappresentanze Articoli tecnici di Actis Caporale Letizia,1,4
Dirig. Uff. Srrvizio,1,4
Direttore Amm.,1,4
Campo Bandiera e Moro,1,4
Reparto Compart. di Mobilitazione,1,4
Cassiere Economo,1,4
Istituto di Cultura Fisica,1,4
Istituto Aut. per le case popolari,1,4
Consigliere (TELVE),1,4
Pretura di Mestre,1,4
Pres della (FLG),1,4
Vice Comm. Acqs.,1,4
Capo Servizi Sgx. Mag. Gen.,1,4
Segretario Banca Nazionale del Lavoro,1,4
Rappresentante Carta,1,4
Comm. Agaxit. Ufficio Stranieri dalla Questura,1,4
vicario S. Barnaba,1,4
Comando Mil. lit. Maritt. Aut,1,4
Commissariato Compartimentale di Polizia Ferroviaria,1,4
Gabinetto Prefettura,1,4
Comm. dirigente,1,4
Σegretario,1,4
Silvio. Giovanni e Mario,1,4
"Appareohgl per saldatura e taglio osalacetilenici, Riduttori di presslone, Impiantì di distrlbufione gas compressl, Rappresentanti per il Veneto: Soc. Rapprentazne Generali, S. Molse.",1,4
Consegnatario Magazino Distretto Militaire dl Veniuzia,1,4
Vescovo Ausiliare,1,4
Giudice: Tribunale Civile e Penale,1,4
Presidente Tstinto Veneto di Scienze Lettere ed Arti,1,4
Medico generale,1,4
"Ass. Naz. Mutilati ed Invalidi di Guerra, ex Palazzo Reale",1,4
medicina generale | Osp. Infettivi,1,4
Ass. dei Commercianti,1,4
rappresentanze generali e limenari,1,4
ispett. comp. dell'Ispettorato delle Imposte direttc,1,4
Ispettrice Gener. Opera Pia; Asili di Carità per l'Infanzia,1,4
Pres. Società degli Amici dei Monumenti,1,4
vic. intend. dell’Intendenza di Finanza,1,4
Ospedale Civile,1,4
Reggente Uff. Ist. Naz. Ass. Malattia ai Lavoratori,1,4
"C. Reparto, Uff. personale Ferrovie dello Stato",1,4
Direttore Banca d’Italia,1,4
Acc. Senni.,1,4
Rappresentante,1,4
"Distribuzione e l'ispezione di giornali, Distribuzione giornali, Distribuzione Libri",1,4
rappresentante attorcchi in vitro,1,4
di Eugenio e Mario Miozzi,1,4
Commissario dela Casa Previd. Lavoratori Portuali,1,4
"Istituto Universitario di Economia e Commercio, Ca Foscari",1,4
Provveditoria Marittima,1,4
I Assistente del Genio Civile,1,4
Dirigente,1,4
Specialisti in malattie oculari,1,4
"Segretario di prima classe Tribunale Civile e Penale, Rialto numero 186",1,4
Contabili ecc.,1,4
"C. Reparto Gl. personale Ferrovie dello Stato, Direzione",1,4
specialita veneziane,1,4
rappresentante macchiarer,1,4
Proc. Tribunale Civile e Penale,1,4
PSC. Soc. Ven. dell (UITIS),1,4
Segretario Generale Deputazione Provinciale dell'Amministrazione della Provincia,1,4
fed. It. della Vela (FIV),1,4
Statistica Sez. Dogana,1,4
Intend. di Finanza,1,4
P.esqnd. Automobile Club d’Italia,1,4
"Ispetore Capo, Sez, Lavori di Venezia",1,4
Agenzia Bufolo Gina,1,4
avvz.,1,4
disegnatore Soprintendenza ai Monumenti Medioevali e Moderni del Veneto Orientale,1,4
Tenenza delle Legioni Territ. Guardia di Finanza 44 tre,1,4
Direttore dell’Istituto Nazionale per l’Assicurazione contro gli Infortunii sul Lavoro,1,4
segretario,1,4
professore Istituto Universitario di Architet,1,4
"Pres. Reg., Sci Club Veneto",1,4
Cooperato',1,4
Capo della Sezione price. Sez. Movimento Ferrovie Dello Stato,1,4
"Uff. personale Ferrovie dello Stato, Direzione S. Lucia",1,4
Direttore Generale Istituto Federale delle Casse di Risparmio delle Venezie,1,4
Segretario Consulate Regionale per l'Agroclultura e Foreste,1,4
rappresentante carta,1,4
Consigliere Istituto Aut. per le case popolari,1,4
Direttore Banca Commerciale Italiana,1,4
Aiutante di Cancelleria della Pretura di Mestre,1,4
s. r. Compien venditti automobilie,1,4
"Comand. Circolo Iozione Tetrti, Guardia di Finanza",1,4
Serveto di consulenze tecnice,1,4
Primo Pretore dirige entf,1,4
"Sostituto capo Sez. Materiale Trazione, Ferrovie dello Stato, Direzione",1,4
Cerioniero del Patriarcato,1,4
Società Carburanti Italiana Anonima,1,4
Vice Comm. Agg.,1,4
Comm. Aggi.,1,4
Vice Presid. Sc.,1,4
Membro Ann.,1,4
Capitale Lire 60.000.000,1,4
Imp. Gen. per Costruzioni,1,4
Ass. Sportiva Veneziana C. Renyen,1,4
Archivista dell’ Avvercatura dello Stato,1,4
"Soc. R. Rappresentanze e Attività affini, case editric",1,4
"Comando iplepii, Legione Territ, Guardia di Finanza",1,4
società di assicurazioni,1,4
Essiccato lozzoli,1,4
Agricoltura R.I.A.C.,1,4
reprezntanze varie,1,4
comm. al'oglio,1,4
(Consultivo dei Comune),1,4
Presidente dell'Associaz ione fra i dipendenti di Aziende Commerci alie della Provincia,1,4
Uff. I. Ragioniere Intenden. za di Finanza Direzione Lotto,1,4
Presidente del ACCNl,1,4
Ispett. Comp. delle Tasse e delle II. DD. sugli Affari,1,4
Servizio,1,4
soprintendente dell’Ente autonomo del Teatro la Fenice,1,4
segretario Istituto C. T. universitario di Economia e Comm.,1,4
Presidente Deputazione Provinciale dell’Amministrazione della Provincia,1,4
Agente principale di Venezia: Soc. Rappresentanza Generali,1,4
Lo Ragioniere Ghn. neto Prefettura,1,4
Segret. Capo,1,4
Comandante in 2.,1,4
"Comm, esecutivo",1,4
pensione (dipendenza Excelsior),1,4
Vice Direttore Istituto Vittorio Alfierl,1,4
Ispett. Contabile Am,1,4
rappresentante macchinarl,1,4
Consigliere del Circlo Fi,1,4
Instituto Universi di Economia e Commerc,1,4
Insegnanti Circolo Filologico,1,4
"Pres. Assoc. Naz. Reduci, Palazzo ex Reale",1,4
Ditta Fiorin Pietro,1,4
capo ufficio matricola,1,4
Accademico,1,4
Comandante,1,4
Capo del Compartimento Ferrovie dello Stato,1,4
assistente Soprintendenza ai Monumenti Medievali e Moderni di Veneto Orientale,1,4
Commissario Straord.,1,4
Ispettor Prov. agricoltura,1,4
Capo Sez. Uff. Dazio,1,4
Istituto Universitario di Architettura,1,4
avvocate,1,4
Rettore Istituto Italiano Bava,1,4
Compagnia Legione Territoriale dei Carabinieri,1,4
Istituto Universitario di Economia e Commercio,1,4
Libreria Universitaria,1,4
Genio Magistrato alle Acque,1,4
Capo di Stato Magg. Comando Militare Marittimo Autonomo Dell'Alto Adriatico,1,4
Pres. dell'Associazione Prov. tra gli Agenti di Assicurazione,1,4
Concessionaria per le reclandiazioni circolari,1,4
Istituto Nazionale per l'Assie. contro gli Infortuni sul Lavoro,1,4
Distretto Militare di Venezia,1,4
lo porta orlat. uff. nostra generale sull’entrata,1,4
professore Istituto Universitario di Architettura,1,4
"Ispettore di Zona, Azienda di Stato per i servizi Telefonici",1,4
Tendomna Volante Legione Ferrit,1,4
Soprintendenza ai Monumenti Medioevali e Moderni del Veneto Orientale,1,4
Archivista Soprintendenza ai Monumenti Medioevali e Moderni del Veneto Orientale,1,4
Istituto Universitario di Architett.,1,4
Magistrato alle Acque,1,4
Ispettrice Reale Infermiere Volont. Croce Rossa Italiana,1,4
(già Pardo e Bassani),1,4
Ufficio Rappresentanza Prodotti Italiani URPI,1,4
In. dell’intendenza di finanza,1,4
casa di cura fdm.,1,4
I.Q prof. titol. un. post,1,4
autoligenzio e straflutione sa,1,4
Lavoro (ANPI),1,4
Ispettore Capo l'Uffcio visite,1,4
Specialista,1,4
Capo Gruppo Regionale,1,4
Pres. della Soc,1,4
dirett. uff. distrett. delle Imposte Dirette,1,4
Geludio Civile,1,4
Uflicio Stampa Cabineto di Prefettura,1,4
Capo Divisione 2-na,1,4
Ass. Supattiva Venziana e C. Reper D.,1,4
Rappresentante Procuratore Riunione Adriatica di Sicurtà e dell'Assicuratrice Italiana,1,4
MOBILI e ACCESSORI per UFFICIО,79,5
Forniture complete MOBILI e ACCESSORI per UFFICIO,75,5
OCCASIONI - CAMBI - RICOSTRUZIONI - NOLEGGI,75,5
AFFITTANO APPARTAMENTI,49,5
Imprese ed appalti vari,45,5
impresa edile,39,5
Commerciale,38,5
Compra - vendita Immobili,32,5
Società immobiliari,32,5
articoli casalinghi,27,5
COSTRUZIONI EDILI ED AFFINI,22,5
IMPRESA ARTIGIANA,21,5
Società immobiliare,20,5
Assicurazioni,18,5
PENSIONI,17,5
commercialista,17,5
casa editrice,16,5
assicurazioni,15,5
Azienda,15,5
Affitti Appartamenti,15,5
Carpentieri,14,5
Insegne e cartelli reclame,12,5
Mobili,11,5
MOBILI USATI,11,5
Soc. An. d'Acquisto di materiali,11,5
(vendita),9,5
Società mobiliari e agricole,9,5
Compra-vendita immobili,9,5
Alberghi,9,5
Legatorie di libri,8,5
Acquisto e conduzione,7,5
MOBILI ARTISTICI,7,5
Commercialista,7,5
Impresa edile,7,5
compravendita immobili,7,5
Agenzie e d'affari,6,5
Costruttori edili,6,5
Imprese di Costruzioni,6,5
Disinfezioni,5,5
Pubblicità,5,5
mobili (negozio),5,5
imprese ed appalti vari,4,5
Impresa Edile,4,5
liquori (fabbrica e deposito),4,5
MOBILI LACCATI,3,5
Casse e Arredi Mortuari,3,5
Case Editrici,3,5
Corredi sposa,3,5
Società mobiliare e agricola,3,5
mobili (fabbriche),3,5
mobili usati,3,5
Articoli casalinghi,3,5
compra-vendita immobili,3,5
construction enterprise,3,5
Attività Immobiliari in genere,2,5
Acquisto,2,5
Agenzie di pubblicità,2,5
Approvvigionamenti,2,5
Forniture enti vari,2,5
"Imprese Lavori, Commercio Legnami, Forniture, Demolizioni, Costruzioni in Legno, Appalti",2,5
Imprese immobiliari,2,5
MOBILI DI LUSSO E COMUNI,2,5
Serramenti,2,5
agenzia d'affari,2,5
terrazziario,2,5
mobili,2,5
Forniture complete MOBILI e ACCESSORI per UFFICI,2,5
mobili (negozi),2,5
liquori (fabrica e deposito),2,5
Articoli Casalinghi,2,5
rappresentante materiali edili,2,5
imprese edili,2,5
rimorchiatori,2,5
acquisto fabbricati e aziende agricole,2,5
acquisto costruzioni immobili,2,5
compra.vendita immobili,2,5
Impresa,2,5
compravendita beni agricoli,1,5
Acquisto Alberghi,1,5
Affissioni e pubblicità,1,5
Agenzie di pagno,1,5
Commercio terreni,1,5
Automobili,1,5
Autonoleggi e Autorimesse,1,5
Costruzione e gestione alberghi,1,5
"FABBRICA - Cucine economiche, Stufe - Letti - Reti - Brande Turche",1,5
decoratore in stuepici e costruzioni,1,5
Disinfestazioni,1,5
AFFITTI APPARTAMENTI COMPRA - VENDITA AMMINISTRAZIONE,1,5
Imposte di consumo,1,5
Fornitura per lavori ed opera edilizia stradali,1,5
Impresa Lavori Edili e Marittimi,1,5
OFFICINA RIPARAZIONI,1,5
"Impresa Costruzioni Edilizie, Lavori edilizi in cemento armato, ferro e legno",1,5
Schedari - Mobili per Uffici - Macchine Contabili,1,5
Imprese lavori,1,5
Imprese e pompe funebri,1,5
Magazzini di deposito,1,5
"Impresa Edile, Costruzioni In Cemento",1,5
Premiato Mobilificio,1,5
ARREDAMENTI NEGOZI,1,5
Costruzioni Edili,1,5
affitti appartamenti vuoti e ammobilitati,1,5
"RADIORIPARAZIONI A DOMICILIO, NOLEGGIO RADIOGRAMMFONI",1,5
"Affitti, Appartamenti, Compravendita Case, Terrei, Dent, Immobili",1,5
Adriatica Costruzioni Edilizie,1,5
navi compravendita,1,5
Azienda Generale (carrozzieri,1,5
Raffineria e Depositi,1,5
Azienda Immobiliare Anonima,1,5
informazioni commerciali,1,5
Arredamenti,1,5
Azienda Agricola,1,5
Impresario Edile,1,5
articoli Casalinghi,1,5
costruttore edile,1,5
liquori fabbrica e depositi,1,5
Imprese ed Appalti Vari,1,5
Automoleggigo e Autorimessa,1,5
Imprese ed Appalti,1,5
Magazzino Ferro,1,5
impresa di costruzioni e falegnameria,1,5
riparazioni carrozzerie per auto,1,5
mobilio (negozio),1,5
Arredamenti completi,1,5
mobilit (negozio),1,5
Compagnia Immobiliare Edile,1,5
impresa Edile,1,5
comprvendita immobili,1,5
imp::e(.9 ed appalti,1,5
impresa-edile,1,5
Leva e Mobilitazione,1,5
imprese Edili,1,5
impresa edili,1,5
Società Immobiliare,1,5
Rivendita giornalai,1,5
mobiliti usati,1,5
Ass. fra Proprietari di Fabbricati,1,5
autonoleggio e automorsa,1,5
casa e editrice,1,5
Soc. Acc. Sempl. Mobili (Negozio),1,5
Articoli Casalin,1,5
lavori municipalizzati,1,5
Cucine economiche,1,5
impresa edile riscaldamento fumisteria,1,5
Abiti (riparazioni),1,5
Cinema (agenzia noleggio film),1,5
Deposito mobili,1,5
Consigliere Isttautiz Aut. per le case poplari,1,5
mobili sati,1,5
pensione albergo,1,5
compravendita,1,5
"Società Italiana Cinemato-grafia, Soc. a r. l., cinema (aggenzi noleggio film)",1,5
Magazzino Deposito Materiali da Costruzioni,1,5
Albergo e ristorante,1,5
"Rappresentanze Industriali, Commerciali ed affini",1,5
mobili di lusso e comuni,1,5
"legnami e pali da costruzioni, (grossista)",1,5
Impresa Lavori,1,5
Imprese Edile,1,5
Impresa Edile Falegnameria,1,5
Veneta Costruzioni,1,5
Societa immobiliare,1,5
"Società automezzi Roma, automoleggi Automosport",1,5
impresa di costruzioni,1,5
Immobiliare,1,5
mobili (fabbrica),1,5
c .i o noleggi,1,5
attività immobiliari,1,5
Società mobiliare immobiliare e agricola,1,5
Attività immobiliare,1,5
Acquisto fabbricati e aziende agricole,1,5
compra vendita immobili,1,5
impresa pompe funebri,1,5
attività immobiliare,1,5
"Costruzioni edili, civili e industriali, industri inoshiva",1,5
comperavendita immobili,1,5
rappresentante articoli casalinghi,1,5
impresa ed appalti vari,1,5
costruzione e gestione alberghi,1,5
"Lavori Edili i cementi armati, Opere pubbliche",1,5
cinema e agenzia noleggio film,1,5
Quartiere Urbano,1,5
rappresentante articoli casalinghici,1,5
servizi,1,5
Importazione,1,5
Società Coop. dell’Arte e dei Lavoratori dell’edilizia ed affini,1,5
compra-vendita,1,5
Arredamento,1,5
Hotel-Restaurant,1,5
FORNITURE COMPLETE,1,5
Compravendita immobili,1,5
Affitti,1,5
mobili fabbriche,1,5
"commmercio e lavorazione, Stabilimento : Murano, Fondamenta Manin numero 78",1,5
Negozi,1,5
per Imprese di Costruzioni,1,5
"s. 8. a r. 1., lavori manovalanza",1,5
Negoziante,1,5
Costruzioni mercante,1,5
AFFITTI-APPARTAMENTI CASE,1,5
impresa edile e appalti vari,1,5
S. A. Ricomimenti Alveraggo aux Verenti autorimoti,1,5
Forniture complete mobili e accessori per ufficio,1,5
Forniture,1,5
prodotti chimici,43,6
Legnami e pali da costruzioni,29,6
Materiali per costruzioni edilizie,25,6
Carboni Fossili e Ligniti,23,6
Prodotti chimici,20,6
carbone e legna (dettaglio),17,6
carbone e legna,17,6
Carboni - Legna,13,6
Olii minerali,13,6
Impermeabili,12,6
Marmi,11,6
Combustibili solidi,10,6
Fornaci da calce e laterizi,10,6
Combustibili liquidi,9,6
Articoli di Gomma e affini,8,6
Lubrificanti,8,6
Carbone,7,6
Ferri e metalli usati,7,6
Riscaldamento e fumisterie,7,6
Carbone e Legna,6,6
Olii combustibili,6,6
refrattari e laterizi,6,6
rappresentante prodotti chimici,6,6
Candele,5,6
Metano,5,6
Minerali,5,6
stoffe e tessuti,5,6
legnami e pali da costruzioni,5,6
Articoli Igienici,4,6
Carburanti Olii ed affini,4,6
Manipolazione carboni,4,6
Metalli usati,4,6
acque gassate,4,6
malattie polmonari,4,6
Acque gassate,3,6
Acque minerali,3,6
Alluminio,3,6
"Armi, munizioni, proiettili",3,6
Fumisti,3,6
Granaglie,3,6
Metalli greggi e lavorati,3,6
Navi in legno,3,6
Pietra artificiale,3,6
carbone e legna (grossista),3,6
articoli di gomma,3,6
marmi,3,6
friggitore e commestibili cotti,3,6
detersivi,3,6
materiali refrattari e laterizi,3,6
Materiali,3,6
fertilizzanti e anticrittogamici,3,6
MOBILI DI FERRO,2,6
Carburanti,2,6
Carburo di calcio,2,6
Cementi,2,6
Estintori da incendio,2,6
Fertilizzanti e anticrittogamici,2,6
Fibre vegetali ed affini,2,6
Isolanti termici ed acustici,2,6
Lavorazione droghe,2,6
Legna per cellulosa,2,6
Legname compensato,2,6
Materiale per agricoltura,2,6
Navi in cemento,2,6
Oggetti di piombo,2,6
Prodotti antiparassitari,2,6
Prodotti e sottoprodotti petroliferi,2,6
materiali edili,2,6
Rivestimenti,2,6
Timbri di gomma,2,6
Vernici sottomarine,2,6
carbone,2,6
carbone (importatori e produttori),2,6
Carbone e Legna (dettaglio),2,6
carbone legna,2,6
Carbone e legna,2,6
Materiale per costruzioni edilizie,2,6
Chimico,2,6
carbone e legna (dettagli),2,6
carbone e legna (dett.),2,6
Carbone e legna (dettaglio),2,6
bandaio e lattoniere,2,6
combustibili liquidi ed affini,2,6
Legnami e pali da costruzione,2,6
carburanti,2,6
coal and firewood,2,6
materiali da costruzione,1,6
Alcool denaturato,1,6
Articoli per Fumatori,1,6
"BAULI moderni, solidi, leggeri ed eleganti",1,6
Benzina,1,6
Carboni Fossili e Legna da ardere,1,6
Commercio Carboni e Legna da ardere,1,6
carboni o legna da ardere,1,6
Cementi armati,1,6
Concimi azotati,1,6
Denti artificiali,1,6
(fabbriche),1,6
Ferro battuto,1,6
Ferro e metalli da fondere,1,6
Fiscoli e dischi per la spremitura delle olive,1,6
Gas tossici,1,6
IMBALLAGGI IN LEGNO,1,6
Lavorazione marmi,1,6
Legna (ingrosso),1,6
Legnami di sfacimento,1,6
"Carboni fossili, Ligniti legna da ardere",1,6
Linifici,1,6
Materiale cinematografico,1,6
Materiali da costruzione,1,6
Manufatti in cemento,1,6
Materiale ferroviario,1,6
Materiali plastici,1,6
Materiali siderurgici,1,6
Materiali tecnici e per la ricostruzione,1,6
Materie resìnose,1,6
Metalli lavorati e bronzi,1,6
Paraffina,1,6
selciatura e pavimentazione stradale,1,6
Prodotti coloranti,1,6
rappresentante te colori e prodotti chimici,1,6
rappresentante i prodotti chimici,1,6
Refrattari - laterizi e calce,1,6
Ricerche minerarie,1,6
Riscaldamento e termosifoni,1,6
Rottami metallici,1,6
Fabbrica Timbri in Gomma,1,6
Tubi in cemento,1,6
Tubi in ferro e acciaio,1,6
alluminio,1,6
Carbone e legna (grossista),1,6
lavorazione dzoghe,1,6
materiali refrattari e laterizi. Prodotti chimici,1,6
materiale per construzioni edilizie,1,6
prodotti chimici (commercio),1,6
prodotti chimici commercio,1,6
legnami e pali da costruzione,1,6
carbone e legnai dettagli,1,6
"prodotti chimici, petrolio e benzina, marmi e cemento * * * * * * colori e vernici, ferramenta e metalli, carburo di calcio,",1,6
acque minerali,1,6
ra-bone e logna (dettaglio),1,6
navi in legno,1,6
detersivi saponi aflini,1,6
legnami e pelli da costruzioni,1,6
"di Belle, Ferrer e Zacchiroli M., carbone e legna (grossista)",1,6
riscaldamento e fumisteria,1,6
guarnizioni isolanenti,1,6
Acque Gassate,1,6
rappresentanti carboni,1,6
articoli tecnici combustibili solidi e liquidi,1,6
combustibili solidi,1,6
timbri di gomma in metallo e incisioni,1,6
ferri e metalli usati,1,6
lavorazione doghe,1,6
Carbone e legna (vendita al dettaglio),1,6
manipolazione carboni FF. SS.,1,6
Combustibili solidi e liquidi,1,6
Rappresentanze di prodotti chimici,1,6
cabbone e legna,1,6
fornaci da calce e laterizi,1,6
carbone e legna (det. taglio),1,6
fiscoi dischi per la spremitura delle olive,1,6
timbri di gomma,1,6
carbone e legna (det- taglio),1,6
fabbro ferrajo e mecrtnico,1,6
Labor. chimie delle dogane e imposte di fabbriczione,1,6
levame e pali da costruzioni,1,6
lubrificanti,1,6
fornura di calcei e butteri,1,6
prodotti e sottoprodotti petroliferi,1,6
Vetro (lavorazione),1,6
rappresentante-prodotti chimii,1,6
metalli minuti,1,6
carbone legna legnam & pali da costruzioni,1,6
Lavandiner e stirrac,1,6
Imballaggi in legno,1,6
legnami e palia da costruzioni,1,6
"armi, munizioni, proiettili",1,6
stoffine e tessuti,1,6
saponi,1,6
Lagenitmi e pali da costruzioni,1,6
fornica di calce e laterizi,1,6
Materiali per l’Edilizia,1,6
carbone e legna (grossisti),1,6
minerali,1,6
lubrificanti bitumi,1,6
ricerche minerarie,1,6
pali di legno,1,6
carbone e legname (dettaglio),1,6
"inco,re, coestelatore, sbalzatore, timbri di gom- ma e metallo",1,6
terramatta e metalía,1,6
Prefabbricati,1,6
materiale per costruzione,1,6
legno carboni (grossisti),1,6
curtona legna,1,6
materiale per saldature autogeno ossigeno,1,6
legna per cellulose,1,6
Fornace da calce e laterizi,1,6
Fornacci da calce e laterizi,1,6
Carboni e Legna da ardere,1,6
Molini e Pastificio,1,6
lavori poruuali materiali per costruzioni,1,6
"Manufatti in cemento, tubi in cemento",1,6
rappresentante carboni,1,6
carbone e legna ingrosso (dettaglio),1,6
fibre vegetali ed affini legna,1,6
Lavorazione di Sughero in genere,1,6
legnami e pali da costruzi,1,6
Carbone e Legna (Dettaglio),1,6
Fornaci,1,6
Laterizi Materiale per costruzioni edilizie,1,6
friggitore e commestibili,1,6
fabbro,1,6
Fabbro,1,6
graunoche e legna (dettagilo) | S. Polo,1,6
stoffe,1,6
"Clichés in zinco, rame ed ottone",1,6
ferro battuto,1,6
Fabbro Ferrario e Une-celnino,1,6
carbonaio e legna (dettaglio),1,6
Gassogeni,1,6
IMBALLAGGIA DI LEGNO PER QUALSIASI INDUSTRIA PAGLIA DI LEGNO PER IMBALLE DEPOSITO DI VENEZIA,1,6
S. A. Commercio Carboni e affini,1,6
carbone e legna (grossosta),1,6
stoffe per mobili,1,6
Articoli imballaggi di cellulosa,1,6
"Comoini chimici, Prodotti chimici, Prodotti azotati, Alcool, Cereali, vini, ecc.",1,6
stoffe tessuti,1,6
risandamento e fumisteria,1,6
carbone e legna (grossi sta),1,6
stoffe per arredamenti,1,6
carbone importatori e produttori,1,6
ceramica,1,6
pali in cemento armato,1,6
"autotrasporti, carbone e legnami",1,6
cement con- truction e mandauti di calce,1,6
Falegnami,51,7
Colorificio Veneziano,44,7
Articoli casalinghi e oggetti diversi,42,7
Oggetti artistici specialità veneziane ed affini,39,7
pittore,36,7
Decoratori e pittori,26,7
Oggetti usati,24,7
Antichità belle arti,23,7
Rappresentanze varie,23,7
Ferramenta e colori,21,7
Fotografie,21,7
architetto,21,7
decoratore e pittore,18,7
rappresentanze varie,17,7
oggetti di Cancelleria,17,7
Colori e Vernici,16,7
ottica ingegneria fotografia,15,7
Tappezzieri,15,7
oggetti artistici,15,7
FOTOGRAFIA,13,7
Quadri - riproduzioni ed oggetti artistici,13,7
Articoli Fotografici e affini,12,7
pittore decoratore,11,7
Vetri artistici,10,7
ferramenta e colori,10,7
Bandai e Lattonieri,8,7
Vetro,8,7
Insegnante Accademia di Belle Arti,8,7
"Terraglie, Porcellane e affini",7,7
Pittore,6,7
Articoli Funebri,5,7
Carta Cartoni ed affini,5,7
Perle d'ogni tipo a lume,5,7
Oggetti artistici,5,7
oggetti usati,5,7
ARTI GRAFICHE ESPERIA,5,7
antichità belle arti,5,7
FOTOMATERIALE,4,7
Materiale fotografico,4,7
articoli in vetro,4,7
Vetrerie in genere,4,7
fotografo,4,7
Architetto,4,7
mosaici,4,7
Decoratore e pittore,4,7
colori e vernici,3,7
Vetrerie,3,7
Fiori artificiali,3,7
Fiori in vetro,3,7
Picchettaggio o verniciature piroseffi,3,7
Pittore decoratore,3,7
Smalti,3,7
Vetrate artistiche,3,7
fotografie,3,7
scultore,3,7
articoli fotografici,3,7
Rappresentanze Varie,3,7
Pittori decoratori,3,7
Acquarelli e fotografie,2,7
Foto reportage,2,7
Articoli Sportivi,2,7
Cartoline illustrate,2,7
Arti Grafiche,2,7
COLORI - VERNICI - SMALTI,2,7
sviluppo e stampa,2,7
FOTO,2,7
Istituti di Bellezza,2,7
Nettezza urbana,2,7
Oggetti artistici per regali,2,7
Scuole di dattilografia,2,7
Specchi veneziani,2,7
Tessuti stampati e artistici,2,7
Vele e bandiere,2,7
decoratori e pittori,2,7
antichita belle arti,2,7
Articoli di Lusso per Regali,2,7
calzolaio,2,7
cartoline illustrate,2,7
vetri artistici,2,7
insegnante Accademia di Belle Arti,2,7
"terraglie, porcellane",2,7
fotografo (gabinetti di posa),2,7
Vetri di Murano,1,7
Articoli per regalo,1,7
"Arte veneziana, Fiori e Perle",1,7
Articoli da Bagno,1,7
"Articoli casalinghi e oggetti diversi, Fondamenta Ormesini",1,7
Lavori Fotografici,1,7
Articoli di Lusso,1,7
Articoli di Pittura e Disegno,1,7
Articoli da Viaggio,1,7
Fdm. Vetrari,1,7
Ritratti artistici - Lavori industriali - Reparto eliocinografico - vendita materiale fotocinematografico,1,7
Carta da parati e affini,1,7
Carte da Gioco,1,7
Laboratorio Cornici ed Affini,1,7
Società An. cuoi artistici Veneziani,1,7
« Decorazione della Casa »,1,7
Giornali Riviste,1,7
Essenze spiritose,1,7
Pavimentazione rivestimenti murale vetrosi,1,7
Inchiostri,1,7
Arti Grafiche Esperia,1,7
"Ritratti artistici, Lavori industriali, Reparto elinocianografico, vendita materiale ft. ocinematografico",1,7
Maioliche artistiche,1,7
Arte Monumentaria,1,7
Mosaici,1,7
Oggetti preziosi ed affini,1,7
Commerciale cuci artistici Veneziani,1,7
Prodotti vetrari,1,7
Ritratti artistici - Lavori industriali - Reparto elite cinografico - vendita materiale ftocinematografico,1,7
Ritratti aistici - Lavori industriali - Reparto elio- cianografico,1,7
"Articoli di lusso per ""regali""",1,7
"Vetri Artistici, perle specialità, veneziane",1,7
"Collane di perle e fiori di vetro, produzione prornia",1,7
"Perle, Brillanti imitazione Argenterie, Specialità Veneziane, Casa Fondata nel 1872",1,7
Artisti Ritratti,1,7
Tessuti d'arte,1,7
Ritratti artistici - Lavori industriali,1,7
Tessuti d'Arte creati su telai primiavi,1,7
Vernici e smalti,1,7
Vetrerie scientifiche e farmaceutiche,1,7
"Vetreria Artistica e Stampata, Soffleria Sanitaria, Fiale ed Afftni, Lampadari e Vetri Artistici di Murano",1,7
quadri-riproduzionl ed oggettl artistici,1,7
fotografe,1,7
antiquità belle arti,1,7
"Ottica, ingegneria, fotografia",1,7
Picchettaggio e Verniciatura Prosceni,1,7
Ferramenta e Colori,1,7
Ritratti Artistici - Lavori Industriali,1,7
mobili artistici e laccati,1,7
Museo Archeologico,1,7
"colori e vernici, (dettaglio)",1,7
anticihità belle arti,1,7
Lavorazione artistica mosaici in smalto di vetro Veneziano,1,7
Fabbrica Vetri,1,7
fotografe (ottico,1,7
Ritratti artistici,1,7
pirechettaggio e verniciatura piroscafi,1,7
pittori decoratori,1,7
materiale fotografico etc.,1,7
Antichità e belle arti,1,7
Ritratti artistici e Lavori industriali - Reparto eliotro cinematografici - vendita materiale fotoincotenografico,1,7
vernici sottomarine,1,7
Insegne decorazioni al Neon,1,7
rappresentanti articoli in vetro,1,7
Fotografa,1,7
fiori artificiali,1,7
"oggetti artistici, fotografia",1,7
vetriere in genere e lampadari,1,7
anticichità e libreria,1,7
vetro,1,7
Accademia di Belle Arti,1,7
Pittore Decoratore,1,7
Oggetti Artistici,1,7
Ufficio di Espett. Oggetti di Antichita e d’Arte,1,7
fotografie (gabinetti di pos.,1,7
rappresentante articoli in vetro,1,7
pittore decorato.°,1,7
materiale fotografia,1,7
Decoratore e Pittore,1,7
"Specialità veneziana, quadri riproduzioni ed oggetti artistici",1,7
Articoli sanitari,1,7
materiale fotografico,1,7
articoli funebri,1,7
Ritratti artistici - Lavori industriali - Reparto elmo-cinografico - Veduta materiale fotocinomatografico,1,7
fotografo (agbinetti di pose),1,7
Fotografie (gabinetto di posa),1,7
"vetri, cristalli e specchi",1,7
articoli fotografici ottica,1,7
pasticcio,1,7
naturale cinematografico,1,7
argenteria e doratura,1,7
articoli ceramici,1,7
oggetti preziosi ed affini,1,7
fotografia,1,7
Molini artistici e tappaziere,1,7
perle d’ogni tipo a lume,1,7
cartoleria oggetti artistici,1,7
Soc. Lavorazione Vetri e Cristalli,1,7
vetrate artistiche,1,7
pic eletteggio e verniciatura piroscafi,1,7
Perle e Centre,1,7
Antichita della arti,1,7
Antichita belle arti,1,7
vetre. rie in genere e lampadari,1,7
perle vetrerie e lampadari bigiotterie,1,7
fotografie (gabinetti di posa),1,7
Colori e Vernici (Dettaglio),1,7
antiichabile belle arti,1,7
Conservatore Archivio Storico d’Arte Contemp.,1,7
cristalli e specchi (commercio e lavorazione),1,7
notelli gressi e lavorati,1,7
oggetti artistici per regali,1,7
Mosaicista,1,7
detta artigianale,1,7
vetreria in genere e lampadari,1,7
Metall d'Arte,1,7
specialitá veneziane,1,7
"fiori, piante e cementisti",1,7
Fotografia,1,7
Antiche,1,7
"Ritratti artistici, Lavori industriali",1,7
colori e vernici (dett.),1,7
(gabinetti di posa),1,7
artistic,1,7
"""Pavimenti e rivestimenti""",1,7
Scuola di dattilografia,1,7
"INSEGNE DECORAZIONI AL NEON, IMPIANTI DI ILLUMINAZIONE A GAS RARI, AGENTE PER IL VENETO S. A. SUPER LUX",1,7
galleria d’arte,1,7
tappetti decorazioni,1,7
Officina di Villar Perosa,1,7
Pavimentazioni e Rivestimenti Musici e Vetrosi,1,7
compatabile suprimetendenza al Monumenti Medianei e Moderni del Veneto Orientale,1,7
vetri in genere e lampadari,1,7
libri antichi,1,7
carta da parati ed affini,1,7
Mosaici Articoli Gres Industriali Ceramiche Aprile Lavorate,1,7
Economo Accademia di Belle Arti e Liceo Arti,1,7
disegnatore,1,7
decoratore o pittore,1,7
PAVIMENTAZIONE RIVESTIMENTI MUSIVI VETROSI,1,7
"Reparto di cinografico, vendita materie fotocinematografiche",1,7
Ceramica,1,7
Macchine per scrivere,144,8
Macchine per scrivere - Calcolatrici - Duplicatori,66,8
Elettricisti e Idraulici,36,8
Febbri ferrai e meccecini,25,8
Elettricità,22,8
DISINFESTAZIONI UNIVERSALI,20,8
Elettricità - Idraulica,19,8
SCHEDARI - MOBILI PER UFFICIO - MACCHINE CONTABILI - MACCHINE PER SCRIVERE - DUPLICATORI - ACCESSORI,17,8
macchinari,16,8
Ferramenta e metalli,15,8
Apparecchi e materiale radio,14,8
Materiale elettrico,14,8
Lavanderie meccaniche,13,8
Ferramenta in Genere,12,8
Tubazioni industriali,12,8
ingegnere,11,8
Grammofoni e dischi,8,8
elettricista e idraulico,8,8
fabbro ferraio e meccanico,8,8
Articoli Tecnici,7,8
apparecchi e materiale radio,7,8
Strumenti musicali,7,8
Apparecchiature elettriche automatiche,6,8
Fonderie Meccaniche,6,8
"Incisori, cesellatori sbozzatori",6,8
Macchine calcolatrici,6,8
Officine elettromeccaniche,6,8
elettricità idraulica e gas,6,8
Società industriale,6,8
radio e radiogrammofoni,5,8
radio (riparazioni),5,8
Macchine per ufficio,4,8
Macchine contabili,4,8
Meccanuficio,4,8
Officine meccaniche metallurgiche e costruzioni in ferro,4,8
Ottiche (Industria),4,8
strumenti musicali,4,8
ferramenta e metalli,4,8
articoli elettrici,3,8
Argentatura e doratura,3,8
officina meccanica e metallurgica,3,8
rappresentante apparecchi e materiale radio,3,8
Addizionatrici,2,8
Accordatori pianoforti,2,8
Articoli Elettrici,2,8
Elettrodi,2,8
Elettrotecnica,2,8
COPERTURE - RIVESTIMENTI - TUBAZIONI,2,8
Idraulica e sanitaria,2,8
Impianti elettrici,2,8
Macchine agricole,2,8
Macchine cinematografiche,2,8
Macchine utensili,2,8
Officine fabbrili,2,8
"Rappresentanti e commissionari auto, cicli e accessori",2,8
Società minerarie,2,8
Ingegnere,2,8
materiale elettrico,2,8
officina meccanica metallurgica e costruzioni in ferro,2,8
macchine cinematografiche,2,8
carta cartoni ed affini (industria),2,8
impianti di riscaldamento,2,8
officina elettromeccanica,2,8
impianti telefonici,2,8
Generatori Acetilene brevettati,2,8
Cicli e Motocicli,1,8
Impresa impianti elettrici industriali,1,8
Officina riparazioni,1,8
Abiti riparazioni,1,8
Accessori per auto e lubrificanti,1,8
Fabbrica Acque Gassate - “Chabeso”,1,8
FABBRICA ACQUE GASSATE,1,8
Macchine per scrivere - Calcolatrici - Duplicatori - OCCASIONI - CAMBI - RICOSTRUZIONI - NOLEGGI,1,8
Avvolgimento Motori,1,8
Addizionatricei,1,8
Industrial,1,8
"Compressori, Trapani, Smerigliatrici, Martelli pneumatici",1,8
Costruzioni stradali e ferroviarie,1,8
"Officina elettrogalvanica, Argentatura, Ramatura, Biancatura, Ossidatura",1,8
Negozi: Bottega dell'Elettricità,1,8
produzione distribuzione,1,8
Elettrochimica,1,8
Elettrodomestica,1,8
Elettrogalvanica,1,8
"Impianti e Forniture Industriali e Civili, Riscaldamenti Moderni, Idraulici, Sanitari, Elettricità ed affini",1,8
Applicazioni elettroautomatiche impianti terrestri e navali,1,8
STABILIMENTO ELETTRO - MECCANICO PER LA LAVORAZIONE DEL LEGNO,1,8
Forniture meccaniche,1,8
Fotindustria,1,8
Gemme per veicoli,1,8
"IMPIANTI E FORNITURE INDUSTRIALI E CIVILI, IN RISCALDAMENTI MODERNI, IDRAULICI, SANITARI, ELETTRICITÀ ED AFFINI, OFFICINA ELETTROME CANICA, SALDATURA AUTOGENA",1,8
Impianti costruzioni elettriche,1,8
Impianti riscaldamento,1,8
Impianti Telefonici Automatici interni,1,8
manutenzione strade ferrate,1,8
costruzioni ferroviarie,1,8
Porto Industriale,1,8
Installazioni elettriche ed idrauliche e vendita materiale elettrico,1,8
Macchine e accessori,1,8
Macchine per scrivere e accessori,1,8
Materiali radio elettrici,1,8
Meccanica di precisione,1,8
Motori,1,8
Officine per carica accumulatori,1,8
Officine industria alluminio,1,8
Officina Meccanica e Fabbrile con Torneria,1,8
Officine meccaniche e saldature,1,8
Pianoforti di tutte le marche,1,8
per L'industria Mineraria ed agricola,1,8
Prodotti industriali,1,8
Radiotecnico,1,8
"Riparazioni radiorecivitori normali e speciali - altoparlanti - microfoni, pick ups, ecc.",1,8
Radiomeccanica,1,8
Riparazioni autoveicoli,1,8
Riparazioni impianti tecnici e igienici,1,8
Riparazioni riavvolgimenti macchine elettriche,1,8
Scaldabagni elettrici,1,8
Segnalazioni luminose,1,8
"Impianti Telefoni Automatici Interni, Autorizzata dall'Azienda di Stato",1,8
Telefoni,1,8
COMPRESSORI D’ARIA,1,8
TRAPANI ELETTRICI,1,8
Officina Meccanica Metallurgica e Costruzioni in Ferro,1,8
Officina meccanica,1,8
Industria dello spettacolo,1,8
eletricista,1,8
no. industria,1,8
officina meccanica metallurgica e construzioni in ferro,1,8
Impianti Elettro-Industriali,1,8
Elettricità Idraulica e Gas,1,8
strumenti musicali e materiele radio,1,8
"Articoli sanitari, Articoli di gomma, tecnici ed industriali, l'nper. meschi Pirelli, Buetti Berni e delle migliori Marche, Forniture complete per,Ambulatori""",1,8
fonderia meccanica,1,8
La Radio-elettrica,1,8
officina meccanica e saldature,1,8
macchine contabili calcolatrici,1,8
elettricisti idraulica gas,1,8
rappresento macchine,1,8
Printe. Uff. Impianti Elettrici e di Segnalamento,1,8
gas (industria),1,8
"Soc. per Az. a. r. 1., electrica e idraulica",1,8
tubazioni industriali,1,8
materiali radio elettrici,1,8
tornitore 2362,1,8
elettricità idraulica gas,1,8
macchine elettrica industriali e motori,1,8
impianti frigoriferi,1,8
impianti condizionamento d'aria,1,8
fabbro ferruic meccanico,1,8
pittunzionii industriali,1,8
Apparecchi o materiale radio,1,8
ferramenta,1,8
elettricista idraulica e gas,1,8
Industria,1,8
Generatori Accellene Brevettati,1,8
Offlcina Elettromeccanica,1,8
officina fabbrile,1,8
fabhro ferraio e meccanico,1,8
Ferri e Metalli Usati,1,8
accordatori pianoforti,1,8
rappresentante macchine,1,8
magil'na (fabbrica),1,8
fabbrica e deposito,1,8
Radio e radiogrammofoni,1,8
Elettricista idraulica e gas,1,8
rapprsentate macchinari,1,8
fabbrica,1,8
frigoriferi,1,8
Apparecchi agricoli,1,8
rappresentante materiale elettrico,1,8
prov. servizio impianti sport,1,8
rappresentante macchineri,1,8
Fonderia meccanica,1,8
macchine a motori,1,8
eletrogavanica,1,8
"Costruzioni ed impianti elettrici idraulici sanitari e gas, Officina riparazioni, Venezia materiale",1,8
"cicli e motocicli (accessori, riparazioni, vendite)",1,8
cicli e motocicli (noleggio nolecizio riparazioni),1,8
fabbro e meccanico,1,8
fabre ferraio e meccanico,1,8
"Ispett. Riparto Telegrafo Uff. Impianti Elettrici e di Segnalamento, Ferrovia dello Stato",1,8
Radio riparazioni,1,8
Fabbro ferraio meccanico,1,8
"impianti e Forniture industriali e Civili, Risc. Moderni, Idraulici, Sanitari, Elettricità ed affini",1,8
elettricista idraulico,1,8
Macchine per scrivene - Calcilatrici - Duplicatori,1,8
Importazione Esportazione Commercio Prodotti del suolo e del Findustrie,1,8
officina di Motoeicli,1,8
"Servizi accessori ferroviari, libereria",1,8
Fabbrica,1,8
industries,1,8
elettricista,1,8
"Sez, Materiale Trazione",1,8
radiomeccanica,1,8
impianti di riscaldamento elettricità idraulica e gas,1,8
gas (industrie),1,8
prodotti industriali,1,8
fonderia,1,8
elettromeccanica,1,8
Fonderia p'eceuenca,1,8
ghiaerio (fabbrica),1,8
"impianti elettrici di qualsiasi tipo, Lampadari, Compresi illuminanti, Apparecchi o materiale elettrico, Proiettori, Vetrof diffusori primidali Holophane Fidenza. Rappresentante della Società e Compagnia Elettrotecnica Italian., ""Fidenza"". Soc. An. Vetraria, a Dueic (Termoconvettori e Termareatori eletrtic) ol A.E.R.); Apparecchiature Elettroe Razionali, Materiale per installazione m°, Agente della Soc. Fabbriche Rumci >Neon >, Venezia",1,8
"Ufficio di Venezia, Sezioni: Stabilimento Grandi Motori, Ferriere Piemontesi, Industrie Metallurgiche ed Accialerie, Fonderie Ghisa, Materiale Ferroviario, S. A. Metalli, S. A. Produscia, S. A. Ricuperi Metallifei, Prodotti Vitoc e della Vetrooock.",1,8
elettricità e idraulica,1,8
"mezzi S.M.L.T., elettricità idraulica e gas",1,8
Soc. Veneta Impianti Elettrici e lettricit€: id-arulici,1,8
Addizionatori,1,8
Industria Acque Gassate,1,8
elettricità e idraulica e gas,1,8
Premiata Fonderia Artistica Maccanica con Laboratorio Bronzi,1,8
officina industria alluminio,1,8
officium industria,1,8
officina meccanici metalurgla e costruzioni in ferro,1,8
poste e telegrafi,1,8
elettrotecnica,1,8
materiali radio electri,1,8
macchine sutenili nuove e do canzone,1,8
Costruzioni Meccaniche,1,8
"VETRI DIFFUSORI PRISMATICI PER ILLUMINAZIONE, PROIETTORI E RIFLETTORI PER ILLUMINAZIONE, PUBBLICA, INDUSTRIALE, STABILIMENTI E UFFICI, RAPPRESENTANTE S. A. SUPER LUX",1,8
"IMPIANTI ELETTRICI DI QUAL SIASI TIPO, LAMPADARI, COMPLESSI ILLUMINANTI, APPARECCHI E MATERIALE ELETTRICO, PROIETTORI, VETRI DIFFUSORI PRISMATICI,",1,8
fabbro ferrario e meccanico,1,8
elettricità industriale e gas,1,8
"Forniture Statali, Parastatali e Private, Costruzioni Elettriche Centrali, Sottostazioni di Trasformazione e smistamento. Cabine di Trasformazione e di Manovra, Officine carica accumulatori. Linee per trasporto energia per alta e bassa tensione. Per trazioni o telefoniche in genere. Impianti di bordo: Da guerra e mercantili, industriali di luce o forza motricc., Domestici, Di segnalazione. In serie e ad intensità costante, Telefoni, Teatrali, Ospedalieri. Segnalamenti Terrestri e Marittimi. Acustici o luminosi. Macchinari Elettrici, Riparazioni, Riavvolgimenti.",1,8
Associazione Regionale tra gli Industriali,1,8
fabbro ferraio e mecca-nico,1,8
Società Fabbriche Riunite,1,8
cicli e motocicli (accessori,1,8
radio (trasmissioni),1,8
industria bostchiva,1,8
commercio e lavorazione,1,8
factories,1,8
Coltellerie IN GENERE - ARROTATURA RASOI,1,8
Elettricista,1,8
rappresentante macchinari,1,8
fabbro ferraro e meccanico,1,8
Fabbrica Acque Gassate,1,8
autoriparatori,1,8
Ritocchi artistici - Lavori industriali - Reparto eliocinografico - vendita materiale fotocenematicografico,1,8
Empoilo Materiale Elettfi.,1,8
Fabbrica S. Baseggio 1124,1,8
elettricita idraulica e gas,1,8
SCHEDARI - MOBILI PER UFFICI - MACCHINE CONTABILI MACCHINE PER SCRIVERE DUPLICATORI - ACCESSORI,1,8
regolatori di temperatura,1,8
Impianti condizionamento d’aria,1,8
Trattorie,177,9
Alimentari,136,9
trattoria,76,9
Specialità veneziane,74,9
alimentari (dett.),71,9
Generi alimentari,66,9
macelleria,58,9
Caffe,53,9
Panifici,41,9
Frutta e verdura GROSSISTI,39,9
Vini (grossisti),35,9
alimentari,33,9
Salumi (negozi),32,9
panificio,31,9
Olii commestibili ed affini,29,9
farmacista,27,9
tabaccheria,24,9
RISTORANTE,21,9
Drogherie,20,9
pasticceria,20,9
specialità veneziane,20,9
Caffè (esercizi),19,9
rappresentante generi alimentari,18,9
caffè (esercizi),17,9
Caffè,16,9
Farmacie,16,9
Caffe (torrefazione),14,9
Frutta secca,14,9
Friggitorie e commestibili cotti,13,9
Pastifici,13,9
salumi (negozio),12,9
farmacia,11,9
Pesce,11,9
Prodotti farmaceutici,11,9
Ristoranti,10,9
caffè,10,9
frutta e verdura (grossista),9,9
ristorante,9,9
Alimentari (dett.),9,9
Tabaccheria,8,9
Frutta,8,9
Gelaterie,8,9
albergo e ristorante,8,9
Pasticcerie ed affini,7,9
vini (grossista),7,9
Pesce conserva,7,9
Crine vegetali,5,9
Rosticcerie,5,9
Panificio,5,9
salumi,5,9
alimentari (dett),5,9
frutta e verdura,5,9
alimentari (gross.),5,9
bar pasticceria,5,9
Calonificio Veneziano,5,9
Caffe (importatori),4,9
vini (commercio enologico),4,9
drogheria,4,9
gelateria,4,9
Aromi per dolci,3,9
Bottiglierie,3,9
Ortaggi e legumi,3,9
Pesce e crostacei,3,9
Sciroppi,3,9
Ristorante,3,9
rosticceria,3,9
Alimentari (gross.),3,9
cereali,3,9
Pasticceria,3,9
Farmacia,3,9
pesce (ingrosso),3,9
caffe (esercizi),3,9
Birra,2,9
Liquori,2,9
Cantine,2,9
Essicazione frutta ed erbaggi,2,9
Frutta e verdura conservate,2,9
Gelateria,2,9
Latte (grossisti),2,9
Liqouri (dettaglio),2,9
Marmellate,2,9
Pesce marittima,2,9
Pescicoltura,2,9
Prodotti agricoli,2,9
Salumi (grossisti),2,9
Alimentari (dett),2,9
Caffè (torrefazione),2,9
ghiaccio (vendita),2,9
bar-pasticceria,2,9
pastificio,2,9
frutta secca,2,9
oli commestibili,2,9
vini grossista,2,9
alimentaristi (dett.),2,9
alimentari (det.),2,9
Pesce (ingrosso),2,9
Alimentari (det.t),2,9
Frutta e verdura (grossista),2,9
olii commestibili,2,9
prodotti farmaceutici (commercio),2,9
"alimentari gross, drogheria",2,9
ottica (commercio),2,9
oli commestibili (commercio),2,9
vini (grossisti),2,9
Rappresentante generi alimentari,2,9
commercio,2,9
Farmacista,2,9
friggitoria e commestibili cotti,2,9
(grossista),2,9
caffè (surrogati),2,9
budella salate,2,9
giornali (distribuzione),2,9
"Importazione, Esportazione Frutta e verdura",1,9
scambio generi alimentarii,1,9
gestione caffè,1,9
Carni conservate,1,9
Carni e Frattaglie cotte,1,9
Erbe medicinali,1,9
Esercizio caffè,1,9
Legumi,1,9
"Vini, Liquori, Alimentari, Rappresentanze e Depositi",1,9
"Rappresentanza di case produttrici di medicinali, prodotti dietetici, chimici, sanitari, igienici, ortopedici, galenici",1,9
Medicinali,1,9
"Pasticcerie, Liquori, Vini",1,9
(commercio),1,9
Assistenza generi razionati agli alimentari bar alberghi,1,9
Ristoranti vegetariani,1,9
"Rinomata cucina, VIni scelti, Servizio accurato",1,9
giornalaio (vendita),1,9
il caffè (esercizio),1,9
Aromi dolci affini di Marcassoli Marino,1,9
Caffè (Esercizi),1,9
"Bar, Caffè",1,9
Accomodini Verzemin Alimentari D. Caonet di. Ca Ponte e C. Alimentari (arross.),1,9
"Panificio, pastificio",1,9
alimentari (gross e,1,9
specialità veniziane,1,9
importo di Consumo,1,9
latticini alimentari,1,9
alimentari (grosso),1,9
macelleria (introduced bestiame),1,9
macellaio (introdtuto e bestiame),1,9
pesce conservato caviale,1,9
Rappresentante Generi Alimentari,1,9
Alimentarì (dett.),1,9
"drogheria, apprendante prodotti chimici",1,9
pesce,1,9
espresso pozzi neri,1,9
Caffè {torreflazione),1,9
latte (grossista),1,9
rappresentante generali alimentarali,1,9
rappresentante generi alimentari tevi (grosso),1,9
alimentari (dtt.),1,9
caffe' (esercizi),1,9
aromi per dolci,1,9
"Compagnia Erbe, Medicinali, Alimentari",1,9
Vini (Grossista),1,9
droghcr (commercio),1,9
caffè (eserzio),1,9
droghe (commercio),1,9
"Soc. Coop. a r. l, alimentari (det.t.)",1,9
Salumi (negozio),1,9
Zuccherificio,1,9
Latte (produzione),1,9
"Alimentari (gross.), loc. Villabona",1,9
"caffè (esercizi) | ""Circolo Varioni""",1,9
"Soc. Coop. a. r. e. 1., alimentari (dett.)",1,9
"s. a. r. 1., alimentari (dett.)",1,9
vini alimentari (ingrosso) (dett.),1,9
ottici (commerce),1,9
dolciumi (girosso),1,9
macelliere (introduttore bestiame),1,9
macelleria (isola della Chiesa),1,9
salumn (negozio),1,9
frigorifero e commcerstihii; catti,1,9
Soc. Industria Conserv alimentari,1,9
cartu (commercio),1,9
salami,1,9
Fruttivendolo,1,9
pesce e carni conservate,1,9
frutti e vermora (grossista),1,9
caffè (torrefazione),1,9
Formaggio burro e conserva,1,9
Alimentari (dett.); Latteria,1,9
frutta e vedura,1,9
cereali (grossista e deposito),1,9
dolciumi (ingrosso),1,9
tabaccherìa,1,9
commerciatista,1,9
pesce e crostacei,1,9
olii commestibili (commercio),1,9
"S. A., caffè",1,9
farmacie,1,9
albergo - ristorante,1,9
Pasticcerias,1,9
rappresentanze generi alimentarii,1,9
carta (grossista),1,9
marmellate frutta vendura (grossista),1,9
perlo (lavoro e commercio),1,9
Alimentari (gross),1,9
"Commercio riso, farina, legumi, Ortaggi conservati all'orto, Carta da imbacco, Saponi in genere",1,9
farmaciaa,1,9
alimentari gross.,1,9
rappresentante penni alimentari,1,9
alimentari (dott.),1,9
frutta,1,9
Pasticceria e Bar,1,9
Specialità veneziana,1,9
Specialità venoziane,1,9
"prodotti officinali,S.g.r.l. prodotti farmaceutici (commerciali)",1,9
olii commestibili (commerce),1,9
frutta e verdura (Grossista),1,9
commercio enologico,1,9
Bar caffè (esercii),1,9
caffe (servizii),1,9
"alimentari, gross.",1,9
"alimentari, detti",1,9
"caffe, commercio, droghe e dolciumi, Coloniali",1,9
"caffè, importatori, droghe e dolciumi, coloniali",1,9
carne vegetale,1,9
carta (commercio),1,9
tabacchiere,1,9
Rappresentanze Medicinali,1,9
Rappresentanze Produttrici di Medicinali,1,9
Coloniali detersivi saponi affii (commercio),1,9
Cucina Tipica Veneziana,1,9
alimentari (dettaglianti),1,9
ottico (commercio),1,9
friggitioria e commestibili cotti,1,9
"pasticceria, bar",1,9
"modisteria, succe. di Baroncelli",1,9
salumi (grossista),1,9
commercisita,1,9
alimentari (dettagli),1,9
alimenti (dett. c. ingrosso),1,9
abitì confezionati,1,9
Pelet (lavor. e commercio),1,9
essicazione frutta ed erbaggi,1,9
Industria sur- roggati cffe,1,9
prodotti farmaceutici,1,9
Soc. Coop. Muranese di Consumo,1,9
per prodotti e commercio,1,9
Salumi,1,9
"cereali (grossista), olii commestibili (commecio)",1,9
"drogheria, pasticceria",1,9
Alimentari (GROSS),1,9
Rosticceria,1,9
alimentari (dettaglio),1,9
macelleria (introduttore bestiame),1,9
caffé,1,9
alimentari (gros.),1,9
commerciants,1,9
vini e olii,1,9
bakery,1,9
Venetian specialties,1,9
negozio imbacazioni,1,9
alimentari (d.t.),1,9
alimentari (detta.),1,9
"cioccolopo, caffè (esercizi)",1,9
"caffe, (esercizi)",1,9
Cereali,1,9
Vini (grossista),1,9
cereali (grossista e de-posto),1,9
alimentarist (gross),1,9
"ristorante, caffè",1,9
"Confezioni ""Al Pupo"" Per Bambini",1,9
Commercio,1,9
pesce crostacei,1,9
rappresentante generale alimentari,1,9
"Vini (grossista), liquori (fabbrica & deposito)",1,9
"t. r. I., per la gestione del caffè: Alpolco, caffè (esercizi)",1,9
eralta (torrefazione),1,9
