Name,Address,Location,Role,Additional Info,page,page_num,reason,source,Profession
SOMMO PONTEFICE S. S. PIO XII,,,SOMMO PONTEFICE,(Eugenio Pacelli) (CCXLII dopo S. Pietro) nato a Roma il 2 marzo 1876 - Eletto Pontefice il 2 marzo 1939,36,36,out_of_scope_vatican,nb05_unmatched,
GENNARO GRANITO PIGNATELLI DI BELMONTE,,,Vescovo di Ostia e di Albano,Decano del Sacro Collegio,36,36,out_of_scope_vatican,nb05_unmatched,
ENRICO SIBILIA,,,Vescovo di Sabina e Poggio Mirteto,",",36,36,out_of_scope_vatican,nb05_unmatched,
ENRICO GASPARRI,,,Vescovo di Velletri,",",36,36,out_of_scope_vatican,nb05_unmatched,
FRANCESCO MARCHETTI SELVAGGIANI,Arciprete della Patriarcale Basilica Lateranese Vicario Generale di S. S.,,Vescovo di Frascati,",",36,36,out_of_scope_vatican,nb05_unmatched,
EUGENIO TISSERANT,Arciprete della Patriarcale Basilica Lateranese Vicario Generale di S. S.,,Vescovo di Porto e Santa Sabina,",",36,36,out_of_scope_vatican,nb05_unmatched,
CARLO SALOTTI,Arciprete della Patriarcale Basilica Lateranese Vicario Generale di S. S.,,Vescovo di Palestrina,",",36,36,out_of_scope_vatican,nb05_unmatched,
GREGORIO PIETRO AGAGIANIAN,S. Bartolomeo all’Isola,,,Patriarca di Cilicia degli Armeni,36,36,out_of_scope_vatican,nb05_unmatched,
ALESSIO ASCALLESI,San Callisto,,,Arc. di Napoli,36,36,out_of_scope_vatican,nb05_unmatched,
BENEDETTO ALOISI MASELLA,S. Maria in Vallicella,,,",",36,36,out_of_scope_vatican,nb05_unmatched,
MICHELE DE FAULHABER,Sant’Anastasia,,,Arc. di Monaco e Frisinga,36,36,out_of_scope_vatican,nb05_unmatched,
DIONISIO DOUGHERTY,Santissimi Nereo ed Achilleo,,,Arc. di Filadelfia,36,36,out_of_scope_vatican,nb05_unmatched,
CLEMENTE MICARA,S. Maria sopra Minerva,,,",",36,36,out_of_scope_vatican,nb05_unmatched,
ADAMO STEFANO SAPIEHA,S. Maria Nuova e S. Francesca Rom,,,Arc. Cracovia,36,36,out_of_scope_vatican,nb05_unmatched,
EDOARDO MOONEY,S. Susanna,,,Arc. di Detroit,36,36,out_of_scope_vatican,nb05_unmatched,
GIOVANNI BATTISTA NASALLI-ROCCA DI CORNELIANO,S. Maria in Traspontina,,,Arc. di Bologna,36,36,out_of_scope_vatican,nb05_unmatched,
GIULIO SALEIGE,Arc. di Tolosa,,,",",36,36,out_of_scope_vatican,nb05_unmatched,
GIACOMO CARLO MC GUIGAN,Sta. Maria del Popolo,,,Arc. Toronto,36,36,out_of_scope_vatican,nb05_unmatched,
ALESSANDRO VERDE,S. Maria in Cosmedin,,,",",36,36,out_of_scope_vatican,nb05_unmatched,
SAMUELE STRITCH,S. Agnese fuori le mura,,,Arc. di Chicago,36,36,out_of_scope_vatican,nb05_unmatched,
GIUSEPPE ERNESTO VAN ROEY,S. Maria in Aracoeli,,,Arc. di Malines,36,36,out_of_scope_vatican,nb05_unmatched,
AUGUSTO HLOND,S. Maria della Pace,,,Arc. di Gnesua e Posnania,36,36,out_of_scope_vatican,nb05_unmatched,
PIETRO SEGURA Y SAENZ,S. Maria in Trastevere,,,Arc. di Siviglia,36,36,out_of_scope_vatican,nb05_unmatched,
AGOSTINO PARRADO Y GARCIA,S. Agostino,,,Arc. di Granata,36,36,out_of_scope_vatican,nb05_unmatched,
ALFREDO IDELFONSO SCHUSTER,Santi Silvestro e Martino ai Monti,,,Arc. di Milano,36,36,out_of_scope_vatican,nb05_unmatched,
EMANUELE CONCALVES CEREJEIRA,Santi Marcellino e Pietro,,,Patriarca di Lisbona,36,36,out_of_scope_vatican,nb05_unmatched,
LUIGI LAVITRANO,S. Silvestro in Capite,,,Arc. di Palermo,36,36,out_of_scope_vatican,nb05_unmatched,
EMILIO ROQUES,S. Balbina,,,Arc. di Rennes,36,36,out_of_scope_vatican,nb05_unmatched,
GIOVANNI DE JONG,Arciprete della Patriarcale Basilica Lateranese Vicario Generale di S. S.,,Arc. di Utrecht,",",36,36,out_of_scope_vatican,nb05_unmatched,
CARLO CARMELO DE VASCONCELLOS MOTTA,S. Pancrazio,,,Arc. di S. Paolo del Brasile,36,36,out_of_scope_vatican,nb05_unmatched,
RAFFAELLO CARLO ROSSI,ORDINE DEI DIACONI,,Segret. della S. Congregazione Concistoriale,tit. di S. Prassede,37,37,out_of_scope_vatican,nb05_unmatched,
PIETRO PETIT DE JULLEVILLE,S. Maria in Aquiro,,Arce di Rouen,ORDINE DEI DIACONI,37,37,out_of_scope_vatican,nb05_unmatched,
ACHILLE LIENART,S. Maria in Aquiro,,Vescovo di Lilla,tit. di S. Sisto,37,37,out_of_scope_vatican,nb05_unmatched,
PIETRO FUMASONI BIONDI,S. Croce in Gerusalemme,,Prefetto della Congregazione di Propaganda Fide, Cancellierte dell'Ateneo di Propaganda Fide,37,37,out_of_scope_vatican,nb05_unmatched,
MAURILIO FOSSATI,S. Croce in Gerusalemme,,Arc. di Torino,tit. di S. Marcello,37,37,out_of_scope_vatican,nb05_unmatched,
RODRIGO VILLENEUVE,S. Maria degli Angeli,,Arc. di Quebec,ORDINE DEI DIACONI,37,37,out_of_scope_vatican,nb05_unmatched,
ELIA DALLA COSTA,S. Marco,,Arc. di Firenze,ORDINE DEI DIACONI,37,37,out_of_scope_vatican,nb05_unmatched,
TEODORO INNITZER,S. Marco,,Arc. di Vienna,tit. di S. Crisogono,37,37,out_of_scope_vatican,nb05_unmatched,
IGNAZIO GABRIELE TAPPONUI,S. Marco,,Patriarca di Antiochia dei Siri,tit. dei Santi XII Apostoli,37,37,out_of_scope_vatican,nb05_unmatched,
NORMANNO GILROY,SS. Quattro Coronaji,,Arc. Sydney,ORDINE DEI DIACONI,37,37,out_of_scope_vatican,nb05_unmatched,
FRANCESCO SPELLMAN,"tit, SS. Giovanni e Paolo",,Arc. di Nuova York,ORDINE DEI DIACONI,37,37,out_of_scope_vatican,nb05_unmatched,
GIUSEPPE M. CARO RODRIGUEZ,"tit, SS. Giovanni e Paolo",,Arc. di Santiago del Cile,ORDINE DEI DIACONI,37,37,out_of_scope_vatican,nb05_unmatched,
CLEMENTE DE GOUVELA,S. Pietro in Vincoli,,Arc. di Lorenzo Marques,ORDINE DEI DIACONI,37,37,out_of_scope_vatican,nb05_unmatched,
EMANUELE CELESTINO SUHARD,S. Pietro in Vincoli,,Arc. di Parigi,tit. di S. Onofrio,37,37,out_of_scope_vatican,nb05_unmatched,
GIACOMO DE BARROS CAMARA,SS. Bonifacio e Alessio,,Arc. di S. Sebastiano de Rio de Janeiro,ORDINE DEI DIACONI,37,37,out_of_scope_vatican,nb05_unmatched,
GIACOMO LUIGI COPELLO,SS. Bonifacio e Alessio,,Arc. di Buenos Ayres,tit. di S. Girolamo degli Schiavoni,37,37,out_of_scope_vatican,nb05_unmatched,
ENRICO PLA Y DENIEL,"tit, S. Pietro in Montorio",,Arc. di Toledo,ORDINE DEI DIACONI,37,37,out_of_scope_vatican,nb05_unmatched,
EMANUELE ARTEAGA Y BETANCOURT,"tit, S. Pietro in Montorio",,Arc. di S. Cristoforo - Avana,tit. di S. Lorenzo in Lucina,37,37,out_of_scope_vatican,nb05_unmatched,
ADOMAITo GIOVANNI PIAZZA dei Carmelitani Scalzi,"tit, S. Pietro in Montorio",,Patriarca di Venezia,tit. di S. Prasso,37,37,out_of_scope_vatican,nb05_unmatched,
GIUSEPPE FRINGS,S. Giovanni a Porta Latina,,Arc. di Colonia,ORDINE DEI DIACONI,37,37,out_of_scope_vatican,nb05_unmatched,
GUALBERTO GIOVANNI GUEVARA,S. Giovanni a Porta Latina,,Arc. di Lima,tit. S. Eusebio,37,37,out_of_scope_vatican,nb05_unmatched,
PIETRO GERLIER,"tit, della SS. Trinità al Monte Pincio",,Arc. di Lione,ORDINE DEI DIACONI,37,37,out_of_scope_vatican,nb05_unmatched,
BERNARDO GRIFFIN,SS. Andrea e Gregorio al Monte Celio,,Arc. di Westminster,ORDINE DEI DIACONI,37,37,out_of_scope_vatican,nb05_unmatched,
EMANUELE ARCE Y OCHOTORENA,"SS. Vitale, Gervasio e Protaso",,Arc. di Tarragona,ORDINE DEI DIACONI,37,37,out_of_scope_vatican,nb05_unmatched,
GIUSEPPE MINDSZENTY,"SS. Vitale, Gervasio e Protaso",,Arc. di Strigonia,tit. S. Stefano al Monte Celio,37,37,out_of_scope_vatican,nb05_unmatched,
ERNESTO RUFFINI,Santa Sabina,,Arc. di Berlino,ORDINE DEI DIACONI,37,37,out_of_scope_vatican,nb05_unmatched,
CORRADO VON PREYSING,Santa Sabina,,Vescovo di Berlino,tit. di S. Agata dei Goti,37,37,out_of_scope_vatican,nb05_unmatched,
TOMMASO TIEN,S. Maria in Via,,Vicario Ap. di Tsing-Tao,ORDINE DEI DIACONI,37,37,out_of_scope_vatican,nb05_unmatched,
DI JORIO mons. ALBERTO,S. Maria in Via,,Sostituto ed Archivista,ORDINE DEI DIACONI,37,37,out_of_scope_vatican,nb05_unmatched,
Avv. Enrico De Nicola,,,Capo provvisorio dello Stato,,38,38,out_of_scope_rome_government,nb05_unmatched,
Dr. Alcide De Gasperi,,,Pres. del Consiglio,Dem. Crist.,38,38,out_of_scope_rome_government,nb05_unmatched,Min. dell'Interno
Dr. Pietro Nenni,,,ESTERI,Socialista,38,38,out_of_scope_rome_government,nb05_unmatched,
Avv. Fausto Gullo,,,GRAZIA E GIUSTIZIA,Comunista,38,38,out_of_scope_rome_government,nb05_unmatched,
Dr. Mauro Scoccimarro,,,FINANZE,Comunista,38,38,out_of_scope_rome_government,nb05_unmatched,
Dr. Giov. Battista Bertone,,,TESORO,Dem. Crist.,38,38,out_of_scope_rome_government,nb05_unmatched,
Avv. Cipriano Facchinetti,,,GUERRA,Repubblicano,38,38,out_of_scope_rome_government,nb05_unmatched,
Dr. Giuseppe Michieli,,,MARINA DA GUERRA,Dem. Crist.,38,38,out_of_scope_rome_government,nb05_unmatched,
Avv. Salvatore Aldisio,,,MARINA MERCANTILE,Dem. Crist.,38,38,out_of_scope_rome_government,nb05_unmatched,
Avv. Mario Cingolani,,,AERONAUTICA,Dem. Crist.,38,38,out_of_scope_rome_government,nb05_unmatched,
Dr. Guido Gonella,,,PUBBLICA ISTRUZIONE,Dem. Crist.,38,38,out_of_scope_rome_government,nb05_unmatched,
Ing. Giuseppe Romita,,,LAVORI PUBBLICI,Socialista,38,38,out_of_scope_rome_government,nb05_unmatched,
Ing. Giacomo Ferrari,,,TRASPORTI,Comunista,38,38,out_of_scope_rome_government,nb05_unmatched,
Avv. Prof. Antonio Segni,,,AGRICOLTURA,Dem. Crist.,38,38,out_of_scope_rome_government,nb05_unmatched,
Avv. Mario Scelba,,,POSTE E TELECOMUNICAZIONI,Dem. Crist.,38,38,out_of_scope_rome_government,nb05_unmatched,
Prof. Rodolfo Morandi,,,INDUSTRIA E COMMERCIO,Socialista,38,38,out_of_scope_rome_government,nb05_unmatched,
Ludovico D'Aragona,,,LAVORO E PREVIDENZA SOCIALE,Socialista,38,38,out_of_scope_rome_government,nb05_unmatched,
Dr. Emilio Sereni,,,ASSISTENZA POST-BELLICA,Comunista,38,38,out_of_scope_rome_government,nb05_unmatched,
Dr. Pietro Campilli,,,COMMERCIO CON L'ESTERO,Dem. Crist.,38,38,out_of_scope_rome_government,nb05_unmatched,
Dr. Cino Macrelli,,,Ministri senza portafoglio,Repubblicano,38,38,out_of_scope_rome_government,nb05_unmatched,
PAOLO CAPPA,,,PRESIDENZA DEL CONSIGLIO,,39,39,out_of_scope_rome_government,nb05_unmatched,
GIUSEPPE PELLA,,,AFFARI ESTERI,,39,39,out_of_scope_rome_government,nb05_unmatched,
GIUSEPPE BRUSASCA,,,AFFARI ESTERI,,39,39,out_of_scope_rome_government,nb05_unmatched,
GIUSEPPE LUPIS,,,ITALIANI ALL’ESTERO,,39,39,out_of_scope_rome_government,nb05_unmatched,
ANGELO CORSI,,,INTERNO,,39,39,out_of_scope_rome_government,nb05_unmatched,
ACHILLE MARAZZA,,,GRAZIA E GIUSTIZIA,,39,39,out_of_scope_rome_government,nb05_unmatched,
SALVATORE SCOCCA,,,FINANZE,,39,39,out_of_scope_rome_government,nb05_unmatched,
RAFFAELE PIO PETRILLI,,,TESORO,,39,39,out_of_scope_rome_government,nb05_unmatched,
VINCENZO CAVALLARI,,,DANNI DI GUERRA,,39,39,out_of_scope_rome_government,nb05_unmatched,
GIUSEPPE MONTALBANO,,,MARINA MERCANTILE,,39,39,out_of_scope_rome_government,nb05_unmatched,
VITO MARIO STAMPACCHIA,,,MARINA DA GUERRA,,39,39,out_of_scope_rome_government,nb05_unmatched,
GIOSUÈ FIORENTINO,,,AERONAUTICA,,39,39,out_of_scope_rome_government,nb05_unmatched,
GIUSEPPE BELLUSCI,,,PUBBLICA ISTRUZIONE,,39,39,out_of_scope_rome_government,nb05_unmatched,
PIER CARLO RESTAGNO,,,LAVORI PUBBLICI,,39,39,out_of_scope_rome_government,nb05_unmatched,
ANGELO RAFFAELE JERVOLINO,,,TRASPORTI,,39,39,out_of_scope_rome_government,nb05_unmatched,
VELIO SPANO,,,AGRICOLTURA E FORESTE,,39,39,out_of_scope_rome_government,nb05_unmatched,
ROBERTO TREMELLONI,,,INDUSTRIA E COMMERCIO,,39,39,out_of_scope_rome_government,nb05_unmatched,
GENNARO CASSIANI,,,LAVORO E PREVIDENZA SOCIALE,,39,39,out_of_scope_rome_government,nb05_unmatched,
GIUSEPPE CHIOSTERGI,,,COMMERCIO ESTERO,,39,39,out_of_scope_rome_government,nb05_unmatched,
LUIGI DE FILPO,,,POSTE E TELECOMUNICAZIONI,,39,39,out_of_scope_rome_government,nb05_unmatched,
ENRICO MARTINO,,,GUERRA,,39,39,out_of_scope_rome_government,nb05_unmatched,
LUIGI CHATRIAN,,,GUERRA,,39,39,out_of_scope_rome_government,nb05_unmatched,
LUIGI CACCIATORE,,,ASSISTENZA POST-BELLICA,,39,39,out_of_scope_rome_government,nb05_unmatched,
GIOVANNI CARIGNANI,,,ASSISTENZA POST-BELLICA,,39,39,out_of_scope_rome_government,nb05_unmatched,
