Provincia,Frazioni,Abitanti,Superficie,Stazione,Prodotti,Altre_info,page
ANNONE VENETO,"Spadacenta, Boschetto, Loncon, Fae, Giai, Oltrefossa",4711,ett. 2380,"Annone Veneto, distanza km. 0,500","cereali, bozzoli",,494
CAMPAGNALUPIA,"Lugo, Lughetto, Iova",4872 al 31-12-1945,ett. (8800) (comprese le Valli),"Campagna Lupia, Camponogara (Piazzale) per merci e passeggeri (distanza Km. 1·500). Rete tramviaria, Campagna Lupia, distanza m. 200.","Cereali, vino, foraggi, barbabietole - Pesce.",Tramvie: Dolo.,495-496
CAMPOLONGO MAGGIORE,"Boion, Liettoli",7781,ett. 2362,Piove di Sacco (distanza Km. 3.500) con fermata a Boion e Campolongo,"Cereali, orzo, grano, foraggi, bietole, avena e tabacco","Tranvie : Piove di Sacco, linea Piove-Mestre, con fermata a Boion.",497
CAMPONOGARA,"Camponogara, Prozzolo, Premore, Camponerverardo",7010,ett. 2125,"Stazione Ferroviaria : Dolo (distanza km. 8,5); Stazione Ferroviaria (Camponogara: Campagna Lupia KM. 3); Stazione Tranviaria: Camponogara (distanza Km. 6), autocorriera Campagnalupia, Camponogara, Fosso, Vigonovo, Padova.","Vino, frumento, bozzoli, foraggi.",,498
CAORLE,"Ca' Corniani, San Giorgio, San Gaetano, Villavieja, Ca' Cottoni",10055,Ett. 17.689,"Portogruaro (distanza Km. 26,5) e San Dona di Piave (distanza Km. 29)","Frumento, fieno, vino, pesce, erba medica, granoturco, estrame, cannebul, barbabietole","Servizio Autocorriera: Caorle, Portogruaro, Caorle, San Dona, Caorle, Punta di Sabbioni.",499-500
CAVARZERE,"Rottanova, S. Pietro",25199,ett. 13.000,Cavarzere,"Cereali, bietole, erbaggi, alcool (Distilleria di Cavarzere), Zuccherificio",,501-502-503
CEGGIA,"Centro, Fossà, Prà di Levada, Rivanzanza, Salezeo, Gaiinga, Nogherà, Formighe, Prà d'Arca",,Ett. 2195,Ceggia,"Cereali, Ivva, bozzoli, foraggio, vino",,504
CHIOGGIA,"Sottomarina (Stazione balneare), S. Anna, Cavanella, Ca' Bianca, Valli",60501,Ett. 18448.43.20,Chioggia,"Pesce, ortaglie",Servizio lagunare: Battelo a vapore Chioggia - Venezia; Servizio di autobus: Chioggia - Padova; Chioggia - Venezia (in efficienza); Chioggia - Cavarzere; Chioggia - Sottomarina; Chioggia - S. Anna e Ca' Bianca; Chioggia - Monselice; Chioggia - Rovigo; Vigor - Stazione Chioggia (servizio interrotto),505-506-507-508-509-512-513-514
CINTO CAOMAGGIORE,Settimo,3680,Ett. 2200,"Portogruaro, distanza Km. 6",,,515
CONA,"Conetta, Cantarana, Civè, Foresto, Monsole, Pegolotte",6509,Ett. 6527,Pegolotte (capoluogo),"cereali, uva, bietole, foraggi",,516
CONCORDIA SAGITTARIA,Cavanella e Concordia Centro,6767,Ett. 8647,Portogruaro (distanza Km. 1),,,517
DOLO,"Bruson, Arino",10100,2386,"Dolo, distanza Km. 335",cereali, vino,518-519-520-521
FIESI D’ARTICO,,3663,Ett. 640,Barahtjar (distanza Km. 4),cereali, vino,522
FOSSALTA DI PIAVE,"Centro, Gonfo, Contre, Capo d'Angare, Campolongo, Ronche, Lanpol",4125,973 ettari,"Fossalta di Piave, distanza Km. 2.700",,"Trasporti automobilistici: per Treviso e S. Donà di Piave, per S. Donà, Jesolo, per Fagarè Stazione, per Punta Sabbioni, Caorle, Venezia.",523
FOSSALTA DI PORTOGRUARO,"Villanova, Vado, Alvisopoli, Fratta, Gorgo, Stiago, Scaiiato",5190,Ett. 3.116.68,Fossalta (Distanza Km. 0.800),"Cereali, foraggli e vini",,524
FOSSO',Sandon,3800,Ett. 997,Campagna Lupia Km 6. Linea tranmvaria Padova-Fusina-Venezia, Vino, cereali,525
GRISOLERA,"Cittanova, Busadonek, Torre di Fine, Strett; Tombolino, Ca' Turcata, Largo, Tre Cai, Cime, Livanezoula, Revedoli, Vally; setu- Casoni, Paluda, Valle Tagli",11.892,Ett. 9800,"S. Donà di Piave, distanza Km. 12. Servizio Autoccorriere per Venezia, S. Donà di Piave e Caorle.","Cereali, uva, bietole, legumi, ecc.",,526
GRUARO,"Bagnara, Sega, Boldura, Giai",3123,Ett. 2023,"Cordovado, distanza Km. 3.5 - Portogruaro, distanza Km. 7",,,527
JESOLO,"Cavezucoherina, Cortellazzo, Lido di Jesolo, Passerella di Sotto",12.006,9664,S. Donà di Piave (distanza Km. 17),"Cereali, vino, foraggi, barbabietole da zucchero, frutta, bestiame, pesce di valli salso","Esiste una spiaggia lussnosa, frequentata dalle 8 alle 10 mila persone, dal 1. giu­gno al 30 settembre. Servizio automobilistico: S. Donà di Piave - Cavazuccherina, Punta Sabbioni - Venzia, quattro corse di andata e ritorno; di estate cinque. Servizio automobilistico per la stazione ferroviaria di S. Donà di Piave: Ditta Ferrari Fratelli di Fossalta di Piave, due corse di andata e due di ritorno con capolinea di Lungomare Dalmazia su questa spiag­gia.",528-529
MARCON,Gaggio,4175,Kmq. 25.02,"Mogliano Veneto, distanza Km. 5 sulla Venezia-Treviso, Fermata al Casello di Gaggio, sulla Venezia-Portogruaro e Km. 2.500 da Marcon e metri 500 da Gaggio.","Cereali, barbabietole, legna, laterizi",,530
MARTELLAGO,Maerne,6757,Ett. 2015,"Maerne, Autocorriera Mestre e Socrze.","cereali, uva, scope, pesche, laterizi, Latteria Cooperativa",,530
MEOLA,Losson,5219,Ett. 2761,Meolo,Cereali, uva,531-532
MIRA,"Borbiago, Gambarare, Oriago, Malano",27011,,"Ferrovia second. Mestre - Piove a Km. 36; Mira Km. 2, Oriago Km. 4."," ""Cereali", vino,533-534-535
MIRANO,"Zimigo, Scaltemigo, Campor-cere, Ballo Vetego",15350,Ett. 516,,"pasquefcra: Scalderiamo Marro (fabbrica biscotti), Drago Giovani",,536-537-538-539
NOALE,"Briana, Cappelletta, Moniego",7180,Ett. 2341,Noale,"Vino, cereali, pesche, laterizi, filati",,541-542
NOVENTA DI PIAVE,,6290,Ett. 1804,S. Donà di Piave,Cereali, uva,543-544
PIANIGA,"Pianiga, Arino MI, Mellaredo, Cazzago, Rivale",6130,Ett. 1867,"Vigonza Pianiga, distanza Km. 2","Vini, cereali, piselli","Tramvia : Barbariga di Stra, Km, 6; Dolo Km. 6,500. Servizio Automobilistico: Siamic Treviso - Noale - Mellaredo - Padova e viceversa; Salzano - Mirano - Pianiga - Padova e viceversa.",545
PORTOGRUARO,Ison, Pradipozzo, Sumagga, S. Nicolò, Portovecchio, Villastorta,546-547-548-549
PRAMAGGIORE,"Blesaglia, Belfiore, Salvarolo, Commune, Martignou. Briscola, Prahedoi",3977,Ett. 2400 circa,Pramaggiore: distanza Km. 5,"cereali, vini, lnnozzoli",,551
SALZANO,Robegano,6200,Ett. 1632,Salzano (distanza Km. 1,7),Vini,552
S. DONA' DI PIAVE,"Passarella, Chiesanuova",24598,Ett. 8000,S. Donà di Piave,"cereali, uva, fieno, bozzoli, fagioli, barbabietole",,553-554-555-556
S. MICHELE AL TAGLIAMENTO,"S. Michele (Capoluogo), S. Giorgio Villanova, Malatesta, Casarolo, S. Filippo, Baseleghe, Pradis, Pratinuovi, S. Mauro, Bevasanna",,Ett. 16.989,Latisana (distanza Km 1.500),"Cereali, uva, patate, tabacco, barbabietole, vimini",,557
S. MICHELE DEL QUARTO,"San Michele, Trepalade, Altino, Portegrandi",3549,Ett. 2734,S. Michele (distanza Km. 0.800),"cereali, uva, bozzoli, saggina, tabacco, legumi",,558
S. STINO DI LIVENZA,"Corbolone, Salute",10968,Ett. 6714,S. Stino,"cereali, vino forno, bozzoli",,559-560
S. MARIA DI SALA,"Caltana, Caselle de' Ruffi, S. Angelo, Stigliano, Veternigo, Sala",7467,Ett. 2733,Vigonza - Pianiga (distanza Km. 6); Noale (distanza Km. 6),"cereali, vino, bestiame e bozzoli",,561-562-563
SPINEA,"Crea, Fornase, Rossignago, Orgnano, Villafranca",3343,Ett. 1500,"Mestre, distanza Km. 6 e Marene di Martellago chilometri 2,500.","cereali, vino, scope, spazzole, pennelli, laterizi","Filovia Venezia, Mestre, Spinea, Mirano.",564
_STRÀ_,San Pietro di Stra e Paluello di Stra,3945,Km. 8.78.26.90,Vigonza, Piñiaga (distanza Km. 8 a Ponte di Brenta Km. 6),"Cereali, calzature, ricami a mano, barbathetole, tabacco e uve.",565-566
TEGLIO VENETO,Cintollo,,Ett. 1128,Teglio Veneto, distanza Km. 2.,Agricoltura,567
TORRE DI MOSTO,Centro, Tezzo, Confion, Staffolo, Rotta, S. Elena,567-568
VIGONOVO,Tombelle,5003,,Ponte di Brenta (distanza Km. 7),"Granturco, frumento, fieno, bestiame, vino",Industrie: Fabbriche calzature uomo donna,569-570
