value,n_rows
Phone: 25.889,1011
Telephone: 25-889,939
Vendita e Mobilizzi,745
Macchine per scrivere - Calcolatrici - Duplicatori,557
MACCHINE PER SCRIVERE - DUPLICATORI - ACCESSORI,540
"Calle Larga S. Marco 383 - Venezia, Tel: 26-190, Tel: 26-191",506
Mestre,434
Fondata nel: 1877,379
VETRITAL S. A.,310
D. Duro 2997,306
Medicina generale,292
Tutti i prodotti ZAMPIRONI INSETTIFUGHI di massima fiducia,282
Founded: 1877,279
Rappresentante di case produttrici di medicinali,265
industria,254
CIMITERI COMUNALI,248
Lavorazione artistica mosaici in smalto di vetro Veneziano,242
parroco S. Maria del Rosario (Gesuitati),232
Character: A il Vostro giornale,221
1470,187
",",186
Farmacista,175
C.A.I.M.,155
Concessionario esclusivo: Rag. Cleto Rossini,151
ARTI GRAFICHE ESPERIA,132
Character: Bollettino Parrocchiale San Francesco della Vigna (mensile),131
al Porto di Venezia,128
Farmacisti,121
MEDICI DELLA PROVINCIA,120
illuminazione pubblica,109
-,105
pittore,78
Torcello,70
Agenzia P. Bortoluzzi,67
Duplicatori,65
panificio. SS.,64
AFFITTAVOLI,61
O,60
Commissariato di S. Elena,58
Ufficio postale,56
PROFESSIONISTI E ARTISTI,54
Forniture compiete MOBILI e ACCESSORI per UFFICIO,53
Geometra,52
PARROCCHIE E SUCCURSALI,46
Giovanni e Paolo,45
Ingegneri,43
ACCADEMIA di Belle Arti e Liceo Artistico,43
FERROVIE DELLO STATO,42
Ing. A. Carretta e Geom. M. Monopoli,41
aderenti all’ « A.P.P.I.A. » di Milano,40
Società MARE,34
Veterinario,32
IL MATTINO DEL POPOLO,30
Società in NOME COLLETTIVO,30
Gabinettl dentistici,30
Ragioniere,29
filati e affini,28
Arciprete-parroco,26
BASILICA PATRIARCALE PRIMARIZIALE METROPOLITANA DI S. MARCO EVANGELISTA,24
Comitato di Venezia,23
Presidente,23
BICROMIE TRICROMIE FOTOLITO,23
"SCIENTIFICA E MAGISTRALE,",23
Consigliere,22
ASSOCIAZIONE FRA PROPRIETARI DI FABBRICATI DELLA PROVINCIA DI VENEZIA,20
Agenzia Nazionale Stampa Associata,19
numero. 920,19
OPERA NAZIONALE PER LA PROTEZIONE E ASSISTENZA DEGLI INVALIDI DI GUERRA,18
Archivio di Stato,18
Pittore,17
medicina generale,16
Segretario,16
Consolati,16
Direttore,15
CIRCOLO ARTISTICO DI VENEZIA,15
S.A.,14
pittrice,13
vice direttore,13
"Solesin,",13
S.E.V,12
avv.,12
grossista,11
Vanoni Ezio,11
DELLA CA’ PESARO,11
CIRCOLO FILOLOGICO,11
PORTO MARGHERA,11
SUDDIVISIONE DEGLI UFFICI,11
Attività varie,10
Meccanica,10
Personale degli Uffici - Segreteria della Sezione di Lingue e letterature straniere,10
Ospedale Civile,10
Alimentari (Dett.),10
Altri Consolati aventi giurisdizione sulla Regione Veneta,10
impresa edile,9
scultore,9
Attuari,9
Membro effettivo,9
trattoria,9
dettaglio,9
ostetrica,9
DIREZIONE SERVIZI DI IGIENE E DI ASSISTENZA PUBBLICA,9
Costruzioni edili,9
Comitato esecutivo,8
Carta - Cartoni Cancelloria,8
SOCIETA' CANOTTIERI BUCIUNTORO,8
filati,8
Soc. Industriale es. Marco,8
Consigliere Municipale,8
Consiglio Direttivo,8
Giornalista professionista,8
DIREZIONE BELLE ARTI DEL COMUNE,7
riparazioni,7
falegname,7
Category: Acqua - Gas - Elettricità,7
CONSORZIO DI BONIFICA DESE SUPERIORE,7
sarta,7
confezioni,6
"Uffici Finanziari di Mirano,",6
Venezia,6
gioielleria,6
da A. Joggna,6
Fid. Prov.,6
SEZIONE FILATELICA VENEZIANA DEL CIRCOLO ARTISTICO,6
Vice Direttore,6
Società Cementi Armati Centrifugati,6
Ispettore Capo,5
Category: Provvianza e Credito,5
Commissione del Listino,5
Category: Attività Marittime ed Aeree,5
GUÏDA COMMERCIALE DI VENEZIA E PROVINCIA,5
professore,5
Category: Vetro e Ceramica,5
'IRC s.a.r.I.,5
presso Camera del Lavoro,5
cartoleria,5
"INTENDENZA DI FINANZA,",5
Vice Presidente,5
farmacista,5
Azienda Idroelettrica,5
Ditta Cecchetti Pradel & C.,5
Chimica,4
SCUOLA GRANDE DI SAN ROCCO,4
tabaccheria,4
Parroco,4
Municipio,4
pasticceria,4
Mensile,4
Figura disegnata,4
affini (vendita),4
Abbigliamento,4
parroco,4
Personale degli Uffici - Segreteria della Sezione di Economia e Commercio,4
panificio,4
Lingua tedesca,4
SPORT OLIMPICI,4
Comm. Agg.,4
Mediatore,4
sarta da uomo,4
Società Cooperativa Lavori e Recuperi Marittimi e Fluviali A. r. l.,4
Economia politica,4
"CAMERA DI COMMERCIO,  INDUSTRIA ED AGRICOLTURA",4
vendite),4
saponi,4
Soc. AGESPIDE,4
Soc. in N. Coll. Filippo Campesan & F.llì,4
(grossista),3
latteria,3
Tribunale Civile e Penale,3
Questura,3
Lingua francese,3
dett.,3
Cappellano,3
chincaglierie,3
Lingua inglese,3
mercerie,3
Economo,3
prof.,3
Diritto del lavoro,3
Educazione fisica,3
vicario,3
negozio,3
avvocato,3
pelletterie,3
dottore,3
Geografia economica,3
Biblioteca,3
articoli da viaggio,3
vendita),3
giocattoli,3
CASINO DI COMMERCIO,3
"Consigliere,",3
Category: Comunicazioni interne,3
,3
giornali,3
MACCHINE AGRICOLE DI PRIMARIE MARCHE,3
", MUNICIPIO",3
Tesoriere,3
Commissario,3
Avvocato,3
Ispett. Capo,3
dr.,3
4. Circolo di Venezia,3
COMANDO AREOPORTO,3
piante e sementi,3
Osp. Civile,3
Soc. Montedison per l'industria chimica,3
Squadra Mobile,3
Via dell'Industria 2.,3
Supplente,3
Ufficio Politico,3
Società ITMA,3
Pittrice,3
pittore decoratore,3
Fabbro Ferrario e Meccanico,3
(commercio),2
rettore,2
mobili,2
Deputato dell'Amministrazione della Provincia,2
Contabilita di Stato,2
barbiere,2
Ferrovie dello Stato,2
frutta e verdura,2
ispett.,2
carbone e legna,2
Comandante,2
calzolaio,2
", MACELLO COMUNALE",2
"Applicato,",2
noleggio riparazioni),2
Pittura,2
Società Esplorug pozzi neri,2
elettricità (produzione distribuzione),2
Sarta,2
"S. Giovanni Laterano, ,",2
teatro,2
Porto Marghera,2
officina meccanica e metallurgica,2
alimentari (dett.),2
Filati e affini,2
Architetto,2
del Genio Civile,2
esperto elettrotecnico,2
"di Elementi di architettura e rilievo dei monumenti,",2
DIREZIONE LAVORI E SERVIZI PUBBLICI,2
Geom.,2
medico chirurgo,2
Lingua spagnola,2
arciprete,2
Politica economica e finanziaria,2
"Titolare Procuratore,",2
Ornato disegnato,2
name,2
Ufficio del Registro,2
dolciumi,2
Ten. Col. G. N.,2
5. Circolo di Mestre,2
farmacia,2
I. Ragioniere,2
mediatore,2
orologeria,2
S. E. P. R. A. L.,2
parrucchiere per signora,2
Segreteria,2
Amministratore,2
mobilere,2
S. Donà Piave,2
alimentari,2
Esportazioni,2
Ragioneria generale ed applicata,2
"DIREZIONE LOTTO,",2
Biblioteca Marciana,2
(dettaglio),2
Deputato,2
Divisione I.a,2
Società di assicurazioni,2
Capitano di P.S. in S.P.E.,2
Diritto processuale civile,2
maestro,2
caffè (esercizi),2
V. Comm.,2
Comm. Capo,2
Diritto amministrativo,2
commercialista,2
Lingua e letteratura tedesca,2
Lingua e letteratura spagnola,2
Comm.,2
porcellane,2
Lingua e letteratura francese,2
consigliere effettivo,2
"Direttore,",2
Incisioni,2
Rettore,2
dentista,2
av.,2
Ragionieri capi sezione,2
cesellatore,2
Category: Ospitalità,2
Comm. Agg. dirigente,2
Medico Chirurgo,2
Conduttore,2
Marghera,2
sarto da uomo,2
SOCIETA ITALIANA DEGLI AUTORI ED EDITORI,2
Assistente,2
ingrosso,2
articoli casalinghi,2
Medico,2
rivendita,2
importazioni ed esportazioni varie,2
GABINETTI DENTISTICI,2
pensione,2
Condirettore,2
tessuti filati,2
ISTITUTO VITTORIO ALFIERI,2
perito,2
riproduzioni ed oggetti artistici,2
Treporti,2
calzature,2
QUERINI STAMPALIA,2
ISTIT. MAGISTRALE PARIFICATO,2
Milano,2
Sindaco,2
bar,2
Lettere (ginnasio),2
Bimestrale,2
materiale per costruzioni edilizie,2
lettere (ginnasio),2
Ispettore,2
cavaliere,2
Sovrintendente,2
tessuti,2
Figura e ornato modellato,2
Via Cavomr.,2
ditta,2
"Dott. Medicina,",2
Ispett. Reg.,1
Cincovallazione numero 2,1
Camera ricorso Legione Territ. Guardia di Finanza,1
riproduzioni quadri,1
Mdico-Direttore,1
Sarto da uomo,1
Direttore Medico,1
interni,1
M 40,1
Direttrice,1
presso la Corte d’Appello,1
in translator biz,1
e,1
Merceria,1
Capo Uff. Stampa e Propag.,1
pozzî niedai,1
legnami e palii da costruzioni,1
Vice segretaria,1
photoengraving,1
G. V,1
ripiazionli,1
Capo Div. Direzione Ragioneria e tributi,1
lavorazione marmi,1
Ispet. di l. Gl. Sez. Lavori di Venezia,1
vini (gros. s] sta),1
Imposte Comunlo del Comune,1
arciprete Basllica San Marco,1
petrolio,1
lume,1
farmacie S. tomaclasse numero 241,1
Consulente Ordinario,1
"""Frutta e verdura",1
Prodalta,1
tubi in ferro,1
Mobili di qualsiasi Tipo,1
Rappresentanze varie,1
ved. di Zanco Attilio fu Sebastiano,1
S. Capu di Stato Magg.,1
Primo Segretario Uffici Centrali dell'Amministrazione della Provincia,1
cinghialerie,1
Medico Aggiunto,1
Perito,1
rdm,1
Ing.,1
Canonici residenziali (arcidiacono prima dignità),1
fale riprendime,1
Fidibus against mosquitoes,1
Comando Vigili,1
Stabilimento I. N. A.,1
Castello (II),1
"Ispettore Onorario, prof. Amedeo Gottardi",1
Perito industriale,1
Capo uff. Agrario,1
Cancellista capo,1
Vice tesoriere,1
Vice Economo,1
"Asilo e Morioni n. S. Francesco della Vigna, numero 2951",1
V. Comm. Agg.,1
Medico Provinciale,1
"anche per Giudecca, ,",1
Commissariato di Dorsoduro,1
Commissariato di Castello,1
"anche per S. Polo, ,",1
Commissariato di S. Polo e S. Croce,1
Commissariato di Cannaregio,1
"Uffici Centrali, Aiutanti tecnici",1
Capo uff. Tecnico,1
"UFFICIO PROVINCIALE DEL TESORO,",1
"ISPETTORATO COMPARTIMENTALE DELLE IMPOSTE DIRETTE,",1
"ISPETTORATO COMPARTIMENTALE DELLE TASSE E DELLE IMPOSTE INDIRETTE SUGLI AFFARI,",1
"UFFICIO DEL REGISTRO ATTI CIVILI,",1
"UFFICIO REGISTRO ATTI GIUDIZIARI E CONCESSIONI GOVERNATIVE,",1
"UFFICIO DEL REGISTRO SUCCESSIONI E DEMANIO,",1
"UFFICIO IMPOSTA IN SURROGAZIONE,",1
"UFFICIO IMPOSTA GENERALE SULL'ENTRATA,",1
"Conservatore,",1
"UFFICIO TECNICO ERARIALE,",1
"UFFICIO TECNICO IMPOSTE DI FABBRICAZIONE,",1
"DIREZIONE SUPERIORE DI DOGANA,",1
"ISPETTORATO COMPARTIMENTALE DELLE DOGANE,",1
"Direttore chimico,",1
Vice rag. capo,1
Commissariato di S. Marco,1
Maggiore di P.S. in S.P.E.,1
Cannaregio (III),1
Riva del Carbon,1
presso Italian,1
presso ditta 'Jessurum',1
presso Albergo Danieli,1
Ponte della Canonica,1
Vetrocke,1
S. Angelo,1
Cassa di Spedizioni,1
Divisione III.a,1
Rio del Pontelungo,1
Mazzorbo di Burano,1
Segretario-Economo,1
"4130""",1
Mercati,1
Santa Croce (IV),1
presso Adriatica di Navigazione,1
Via Torre Belfredo,1
Deputazione Borsa valori,1
Direttore Scuola Infermiere,1
Ispettrice Regionale della Infermiere Volontarie,1
"Presidente: Angelo Furian,",1
"Assistenza infermi a domicilio,  diurna e notturna.",1
Padova,1
UNIONE REGIONALE CAMERE DI COMMERCIO DELLE VENEZIE,1
ISTITUTO NAZIONALE PER IL COMMERCIO ESTERO,1
Commissario Straordinario,1
"Segretario,",1
"Direttore sanitario,",1
"Direttore amministrativo,",1
Divisione II.a,1
"Presidente,",1
Seconda Divisione,1
(sidewalk frames),1
Architettura disegno geometrico e prospettiva,1
Direttore aggiunto Banca di Napoli,1
Prov. Servizio Impianti Sportivi,1
Fed. Ginnastica d'Italia (FGDI),1
Fed. It. di Atletica Leggera (FIDAL),1
COMITATO OLIMPICO NAZIONALE ITALIANO,1
Conchiapje,1
impianti elettrici,1
Agente principale della Società Autori ed Editori della Agenzia di Venezia,1
gestione S. A. ICSA,1
gestione S. A. ICSA.,1
rappresentanze varie,1
albergo e ristorante,1
Consigliere (TELVE),1
cicli e motocicli (gorgesterio noleggio riparazioni),1
fuoro,1
perle (lavoro,1
cappelleria,1
"Com. Reg., Fed. It. Canottaggio (FIC)",1
Scuole Elementari,1
Invest. Legione Territ. Guardia di Finanza,1
officina meccanica e saldatura,1
Scuole di Avviamento Professionale tipo industriale,1
confizioni,1
"Istituto Coletti con scuole per meccanici, falegnami-calzolai",1
legumi secchi,1
acque gassaste,1
bottiglieriа,1
Ispt.,1
"Scuole ginnasiali e Liceo classico, Istituto tecnico industriale",1
Fotografa,1
cihincaglieria,1
Macchine Contabili,1
Unione Velocipedistica It (UVI),1
Fed. It. Pugilato (FIP),1
Insegnante Accademia di Belle Arti,1
Legname Compensato,1
pellic-erie manifatture fiutate,1
Sede,1
Calze,1
stoffe,1
Pres. Zonale,1
Agente della Soc. Fabbriclio Riunite Neon,1
presso Lega Reg.,1
Calzature,1
Fed. It Gioco Calcio (FIGC),1
Fed. It. Hockey su Ghiaccio,1
Falegname,1
Fed. It. Pattinaggio su Ghiaccio,1
"Pres. Reg., Fed. It. Sport Invernali (FISI)",1
Droghiere,1
Cantiere Navale,1
Lari,1
Unione It. Tiro a Segno (UITS),1
Fed. It. Sport Equestri (FISE),1
Barbiere,1
Orologiaio,1
Fed. It. Scherma (FIS),1
Rappresentante Generi Alimentari,1
Chinagiuliere,1
Medicina Generale,1
Ristorante,1
Scopaio,1
Malattie Polmonari,1
"Rappresentante Auto, Cicli ed Accessori",1
Articoli Casalinghi,1
Fotografo,1
Ispett. Sanità,1
OCCASIONI - CAMBI - RICOMISSIONI - NOLEGGI,1
Veneta Marina,1
Sezione Estuario e Marghera,1
articoli in vetro,1
vetri artistici,1
vetrerie in genere e lampadari,1
vetrerie in genere lampadari,1
Capo Stazione,1
Latte (grossista),1
Mechitaristi,1
Benedettini,1
"Uff. Stazione di Cura,  Soggiorno,  Turismo",1
SAN ANDREA APOSTOLO,1
Divisione tecnologica,1
Sezione Città,1
Sezione Terraferma,1
Natività di Maria Vergine,1
Patrimonio,1
Soc. Naz. Trasporti e Fratelli Gondrano,1
Sezione Amministrativa,1
SANTA MARIA DEL CARMINE,1
SS. GERVASIO E PROTASIO,1
V. Direttore del A. C.N.I.L.,1
mobili (negozio),1
falegname.,1
infe.,1
no noleggio riparnazioni),1
Arredamento e temi,1
Comando Militare Maritt Aut. dell'Alto Adriatico,1
Geometra principale del Genio Civile,1
vetro lavorazioni,1
cost.,1
specialità veneziane articoli sportivi,1
Domenicani,1
Commissariato S. Polo e Santi Croce,1
Minori Cappuccini,1
Prosindaco del Municipio,1
Sarto,1
Servi di Maria,1
Frati Minori,1
Capo Tecnico,1
Ingegnero,1
Cap.,1
Sapone,1
Suaege,1
n. r. 1.,1
Guardia di Finanza,1
"Via Caneve, 5",1
munizioni,1
Vice Direttore Manifattura Tabacchi,1
Cannaregio 4462,1
"Comando Militare Mar., Autorità dell'Alto Adriatico, Arsenale",1
Assistente del Genio Civile,1
Club Alpino Italiano,1
"Saldature ossigena ed etetrliche, impianti riscaldamento, Sanitari, Acquedotto",1
Aiuto della Div. Dermosifilopatia degli Ospedali Civili Riuniti,1
impianti terrestri e navali,1
maioliche artistiche,1
Istituto Aut. per le case popolari,1
Rialto 198,1
(fabbriche),1
Medioevali e Moderni del Veneto Orientale,1
(Società per la Gestione),1
Scuola Infermiere della Croce Rossa Italiana,1
Malattia Polmonari e Radiologia,1
Manifattura Tabacchi,1
Istituto Universitario di Architett.,1
Ufficci Marshe,1
Amm.vo,1
"DOGANA,",1
Storia delle dottrine economiche,1
Lingua serbo-croata,1
Lingua e letteratura russa,1
Filologia germanica,1
Lingua e letteratura inglese,1
Scuola E. De Amicis,1
Geografia,1
Storia della filosofia,1
Pedagogia,1
Filosofia,1
Lingua e letteratura latina,1
Glottologia romanza,1
Lingua russa,1
Lingua rumena,1
Diritto e procedura penale,1
Scuola A. Scarsellini,1
Laboratorio di Politica economica e finanziari,1
Scuola Alfredo Oriani,1
Diritto civile,1
Elementi di diritto e procedura penale,1
Tecnica amministrativi delle aziende industriali,1
Tecnica commerciale e bancaria,1
Elementi di diritto processuale civile,1
"Ragioneria generale applicata, Economia aziendale",1
Scuola Armando Diaz,1
Scuola Michele Renier,1
Scuola: Luigi Cadorna,1
Laboratorio di Merceologia e Museo merceologico,1
Laboratorio di Geografia economica,1
Scuola: S. Maria Formosa,1
Laboratorio di Economia politica — Francesco Ferrera,1
Scuola Diedo,1
Scuola Giudecca,1
Filologia romanza,1
Scuola Marghera,1
Diritto della navigazione,1
Matematica generale e di Matematica finanziaria,1
Tecnica bancaria e professionale,1
Scuola « Ugo Foscolo »,1
Scuola Carpenedo,1
Istituzioni di diritto pubblico,1
Scuola Malcontenta,1
Scuola Ca Emiliani,1
specialità vetraiera,1
Scuola Asseggiano,1
Merceologia,1
Istituzioni di diritto privato,1
Demografia generale,1
Diritto aeronautico,1
Statistica economica,1
Storia economica (incar.),1
Scuola Chirignago,1
Statistica (incar.),1
Ragioneria generale ed applicata (id.),1
Diritto pubblico (id.),1
Scuola Villabona,1
Diritto privato (incar.),1
Scienze delle ze e diritto finanziario (incar.),1
Scuola Catene,1
Merceologia (id.),1
Economia politica (id.),1
Matematica finanziaria (id.),1
Lingua e letteratura italiana,1
Storia,1
Scuola: « Giacinto Gallina »,1
Laboratorio di Scienza delle finanze e diritto finanziario,1
Diritto internazionale,1
di Elementi di composizione,1
"per Carattei; distributivi degli edifici, Urbanistica,",1
"per Disegno dal vero,",1
"di Composizione architettonica,",1
di Scienza delle costruzioni,1
"Ponte delle Maravegie,  Sezione di Lido,  Via Malamocco, ,",1
Scienze naturali chimica e geografia,1
Letteratura Italiana e storia,1
Letteratura italiana e storia,1
"Rio Terra S. Giuseppe di Castello, ,",1
"Via Briati 9, ,",1
Storia dell'arte,1
"Arsenal°, ,",1
"Cannaregio 1105, ,",1
"di architettura degli interni, arredamento e decorazione",1
di Disegno dal vero,1
"Direttto: Prof. dr. ing.,",1
di Elementi di architettura e rilievo dei monumenti,1
di Storia dell’arte e storia e stili dell’architettura. Caratteri stilistici e costruttivi dei monumenti,1
"di Analisi matematica e geometria analitica, Fisica, Fisica tecnica",1
di Meccanica razionale e statica grafica,1
di Chimica generale ed applicata,1
"di Scienza delle costruzioni, Restauro dei monumenti",1
Matematica e fisica,1
Scultura,1
Decorazione,1
Tecniche dell'incisione,1
Anatomia,1
Plastica Ornamentale,1
Storia dell’arte,1
Architettura,1
religione,1
Laboratorio Scuola per Operai Elettromeccanici,1
Laboratorio Scuola per Falegnami,1
"per Elementi costruttivi,",1
"Gr. uff, dr. arch.,",1
"Primo Ragioniere con funzioni di Direttore Amministrativo,",1
Scuola: « G. Gozzi »,1
Biblioteca di consultazione per artigiani e piccoli industriali (aperto tutti i giorni feriali nelle ore d’Ufficio),1
"di Scienza delle costruzioni,",1
"per Mineralogia e geologia,",1
"per Tecnologia dei materiali e tecnica delle costruzioni,",1
"per Chimica generale ed applicata,",1
Ufficio Commissionario Industrie e Artigiane con Mostre campionarie permanenti di prodotti tipici dell’artigianato e delle piccole industrie venete,1
Sezione Autonoma di Credito per le Piccole Industrie e l’Artigianato,1
"per impianti tecnici, Estimo ed esercizio professionale,",1
"per Meccanica razionale e statistica grafica,",1
"per Fisica, Fisica tecnica,",1
Ufficio di assistenza economica,1
"per Caratteri stilistici e costruttivi dei monumenti,",1
"per Matere i radiche,",1
"per Letteratura italiana,",1
"per Storia dell'arte e storia e stili dell'arch.,",1
"per Architettura degli interni, arredamento e decorazione,",1
"per Applicazioni di geometria descrittiva, Elementi di composizione,",1
"per Igiene edilizia,",1
"per analisi matematica e geometria analitica (2.0 anno),",1
"per Analisi matematica e geometria analitica (1.0 anno), Topografia e costruzioni stradali,",1
"per Composizione architettonica,",1
Corsi vari di istruzione professionale per artigiani e operai in tutto il Veneto,1
"per Restauro dei monumenti,",1
"per Plastica ornamentale,",1
"per Decorazione,",1
"per Geometria descrittiva ed elementi di protettiva,",1
Direttore dell’Osservatorio,1
Tecnica del commercio internazionale,1
Ragioniere Capo,1
Capo dell'Ispettorato,1
Deputato alla Costituente,1
Assistente bibliotecario,1
Archivista contabile,1
Direttore Regionale,1
Segretario Regionale,1
Membro emeriti,1
Sezioni Provinciali Proprietari Conduttori,1
Proprietari con beni affittati,1
Affittuari Conduttori,1
Dirigente di aziende,1
Ispettore Regionale,1
"Piazza Oberdan, 3",1
Segretario Provinciale,1
Ispettore Regionale per il Veneto,1
Sezione specializzata di Zootecnia,1
materiali da costruzione,1
Sezione specializzata di Ortofrutticoltura,1
Esperto,1
Membro effettivo; Commissario straordinario per la Presidenza,1
Ispettore Compartimentale,1
Capo di Gruppo o Categoria,1
arte antica,1
SCUOLA MERLETTI DI BURANO REGINA ELENA,1
orologie,1
prodotti siderurgici e metallurgici,1
materiali ferrosi da riutilizzo,1
THE BERLITZ SCHOOL OF LANGUAGES,1
COLLEGIO ARMENO « M. RAPHAEL »,1
vetro e ceramica,1
radio e accessorii,1
"Primo Assistente,",1
Capo Divisione,1
"Ufficio Idrografico,",1
"Capo Ufficio,",1
Vice Segret. Direttore Generale,1
"1. Procuratore,",1
Segretario Direttore generale,1
"Procuratore Capo,",1
Titolare Procuratore,1
SCUOLA ARICCONFRATERNITA DI SAN CRISTOFORO E COMPAGNIA DELLA MISERICORDIA,1
Ufficio Distrettuale della II. DD.,1
Ufficio Distrettuale delle II. DD.,1
OSSERVATORIO GEOFISICO DEL SEMINARIO PATRIARCALE,1
Ornato modellato,1
BIBLIOTECA DEL SEMINARIO PATRIARCALE,1
Cav. Uff.,1
I. f. Ufficiale,1
Comandante Militare Marittimo Autonomo dell’Alto Adriatico,1
Aiutante di Bandiera,1
Cap. di Corv.,1
BIBLIOTECA RR. PP. ARMENI MECHITARISTI,1
Col. A. N.,1
govvp,1
Coa'diutore principale,1
", TENENZA MESTRE",1
", TENENZA MARGHERA",1
Col. Pilota,1
aggiunto,1
Sovraintendente,1
Direttore onor.,1
stode.,1
Consiglio di amministrazione,1
custode,1
elettricità ed idraulica,1
cuoi ed affini,1
Storia Ec. Ebraico,1
Telefono,1
Legazione di Columbia,1
Roma,1
dommatica,1
Britain,1
Equatore,1
Gran Bretagna,1
Haiti,1
Lussemburgo,1
Perù,1
Paraguay,1
U.S.A.,1
via Boccaccio 45,1
Economato,1
Archivio e Affari generali,1
"latino, greco (liceo)",1
rivieditori zenergi ni Monopolio,1
Storia economica,1
filosofia,1
sacra liturgia,1
Diritto commerciale,1
Diritto Canonico,1
Statistica,1
biblica,1
"italiano (liceo), Storia",1
"Patrologia, Arte, Eloquenza",1
Tecnica industriale e commerciale,1
Scienza delle finanze e diritto finanziario,1
Scienze e Matematica,1
"Francese, Matematica",1
Economie e politica agraria,1
Columbia,1
Ambasciata del Cile,1
morale e sacra pastorale,1
Console N. N.,1
grossisti combustibili e solidi,1
detàglian- ti legna e charbonc,1
ISTITUTO DELLE SUORE DEL S. CUORE,1
grossisti spettaclli medicinali,1
Gruppo Ristoranti trattorie,1
"Gruppo: Caffé, bar, bottigliere, birrierc",1
ISTITUTO SUORE DI NEVERS,1
Gruppo: Osterie,1
mobilere-arredatore,1
installatore d'impianti,1
zignografo,1
elettromeccanico,1
capo mastro,1
COLLEGIO S. GIUSEPPE,1
fabbro meccanico,1
ISTITUTO CAVANIS,1
elettricista,1
fotografo,1
ISTITUTO CONVITTO « G. MARCONI »,1
fabbro,1
elettrotecnico,1
Silvestro,1
Lavoratore,1
ISTITUTO ZAMBLER,1
ISTITUTO « A. MANZONI »,1
Caccia e Pesca,1
ISTITUTO ITALIANO RAVA',1
SCUOLA MEDIA PARIFICATA,1
SCUOLA MAGISTRALE RICONOSCIUTA,1
Segretario Generale dell’Associazione Regionale Per gli Industriali,1
Via D. Manin 41,1
Dirett. Il Rep. Poste c. Telegrafi,1
Marsala,1
Serramenti ed Affissi,1
Strada Nuova,1
Officina per Costruzioni Meccaniche di Alta Precisione,1
perle (product. e commercio),1
Comm. Amministrativo,1
Corpo del Genio Civile,1
Direttore Banco di Napoli,1
RICHMAR,1
Via F.lli Bandierine,1
Noleggi,1
Professore,1
Direttore locale,1
Ditta,1
Segnalazioni,1
Presid. fra dirigenti di Azien. de Industriali,1
Primo Geometra Ufficio Tecnico dell’Amministrazione della,1
Tecnic Comp. gnia della Vela,1
Vice Pretore,1
materiale refrattari e lustri,1
avventurina,1
Comandante Comando Gruppo Agenti P. Sicurezza,1
Uff. pagat. Legione Territ. Guardia di Finanza,1
Segretario Tribunale dei Minorenni,1
ferramenta metalli,1
Conduttore pin,1
carbone e legna (dettaglio),1
Compra-vendita,1
autorimessa,1
Brendole,1
bottiglieria. (esercizi),1
(eserciyi),1
confezionisti,1
Via Spalti,1
Sopinterdenza ai Monumenti Megloeevali e Moderni del Veneto Orientale,1
Via Galuppi,1
Rk. PP. Armeni Mechitaristi,1
Min. dell'Interno,1
Geometra principale del,1
filiati e affini,1
Viale Stazione presso Autostimesa Standa,1
Bazar,1
cinema (sale di proiezione e gestione),1
impresa edile Trasporti,1
"Ditta,",1
"Tenente, Guardia di Finanza",1
Sarta da uomo,1
Numero 5576-A,1
P.le Stazione,1
Economo Provinciale,1
gestione dr. Gastone Machi,1
Leggere e rapide,1
Tessuti,1
Dettaglio,1
riproduzioni di oggetti artistici,1
Medio acg. dr. Ulisse Camalfi. Consulente ordinario dr. Tancredi Cortei,1
e Figli (ditta),1
Piedi,1
gestione Solferini Olga in Becher,1
gestione tCSAn,1
Vice comm. Agg. dirigente Commissariato di,1
gestione SPES,1
Capo Servizio Sezione Marittima scrittura,1
Accademia di Belle Arti,1
color e vernici,1
Direzione S. Lucia,1
ferramenta e colori,1
Direttore Consorzio Agrario Cooperativo,1
S. Marziale,1
gestione I. C. S. A.,1
gestione ICSA,1
gestione Magnarin Giuseppe,1
gestione IOSA,1
GECAO,1
gestione Fain,1
gestione Furlan Giovanni,1
gestione ENIC,1
gestione Gaetano Domenichini,1
Aiutante Magg. della Guardia di Finanza,1
"C, Reparto Uff. personale Ferrovie dello Stato, Direzione",1
"Fabbrica: Tolentini, Negozio: S. Giovanni Grisostomo, 5787",1
Istituto Univers,1
elettricità idraulica e gas,1
"posseggio, noleggio, riparazioni",1
specialità veneziane,1
decoratore,1
Dursto Militare,1
commercio,1
della Prev. Sociale,1
Insegnante,1
noleggio imbarcazioni,1
Arcademia di Belle Arti e Licoe Artist.,1
Maniftuacro Tabacchi,1
Fori perle,1
Direttore Gener.,1
chinicalgile,1
Cairampane trattoria,1
Mercerie dell'Orologio,1
(gabinetti di posa),1
pres Lega R:9,1
Ass. Commercianti,1
"piazza, Paolucci 5",1
Rialto 1364,1
Sindaco effettivo,1
erane vegetale,1
gioieileria,1
Tutti i prodotti ZAMPIRONI sono di massima fiducia,1
"VENEZIA s. Focn, 1079",1
Vendite),1
dell'Unione,1
"VENEZIA - Via XXII Marzo, 2288 - Telefono 25-889",1
Addetto Sviarda Naobile,1
SS. Pietro e Caterina,1
S. Pantalon,1
vicacio,1
Banca Popolare di Novara,1
S. Maria del Carmelo,1
Del Circolo Artistico,1
stireria,1
"Rappresentante della Soc. ICEN, Novara, Forni Industriali",1
Succ: Fratelli Scarpa,1
carpentierre,1
Giudice,1
ditto,1
ved. Bianchi,1
Agente per l Venetti E. A. Super Lux 8,1
Via Trezzo 22,1
accessori,1
ca la anta impresa,1
agenzia nolleggio film,1
(gross),1
Telefono 34-285,1
cm. fezione,1
Litugi Achieri,1
orto,1
Colonia Alpina S. Marco,1
Comm. Aggi. dirigente,1
Segret. Capo Sez. Amministrativa,1
Gas,1
Vice Direttore Banca di Roma,1
Magazzina,1
Unione di Navigazione Interna Alta Italia,1
Parigi,1
fraganai,1
segretario,1
"Mestre, Via Circonvallazione 2.C.",1
soprintendente,1
(interno Municipio),1
S. Filippo e Giacomo,1
rappresentante: S. A. Super Lux,1
al Pingrosso,1
Ufficio di Venezia,1
Intendenza di Finanza Direzione Lotto,1
Articoli Tecnici,1
Combustibili solidi e liquidi,1
Vice Pres. Società Canottieri Bucintoro,1
Istituto Zambler,1
Tribunale dei Minorenni,1
Dese,1
località Dese,1
già auto degli Ospedali Civili Riuniti,1
Commissariato,1
Ca' Foscari,1
Rapprcsentanti e A.,1
Via Garibaldi 12.B,1
Surrogati,1
Via Caboto 12,1
Gerente,1
"Via XXII, marzo",1
Cone.,1
Via Fratelli Bandiera,1
fram. Santi 3,1
fom,1
Riceve dalle ore 15 alle ore 18,1
della Provincia,1
loc. Gaggio,1
Rappresentante cingalmerie,1
Divisione S. Lucia,1
Conterie 24,1
Via San Donà,1
IMPIANTI COSTRUZIONI ELETTRICHE INDUSTRIALI,1
Impiallacciature,1
condirettore,1
Consigliere Segr.,1
Vice Pres.,1
Pietto in Volta,1
Qualsiasi lavoro in fiori,1
vernici,1
cicli e accessori,1
gruppoà Ferrovie dello Stato Direzione S. Lucia,1
32,1
Accademico,1
Azienda,1
Olii minerali,1
Capo Stazione l. A. Agg.,1
Capo Uff. Ragonierìa,1
Segretaria,1
Capo Div. Tecnologia,1
"CARTA - CARTONI, CANCELLORIA",1
SPECILISTA MALATTIE LATTANTI E BAMBINI,1
caffè (torrefazione),1
pittrici,1
"Specialista in Dermosifilopatia, Aiuto della Div. Dermosifilopatica degli Ospedali Civili Riuniti",1
Specialista Malattie Pelle e Veneree,1
MEDICO CHIRURGO,1
Malattie Veneree e della Pelle,1
"Specialista malattie della Pelle e Genito, Urinarie",1
Portogruaro,1
"Studio di Ragiione ria, Consulenza ed Assistenza Tributaria. Telef. 28.042.",1
Scultore,1
IspetL Sanità,1
Direttore responsabile: mons. Marino Alfieri,1
Mons. Felice Pagan,1
Mons. Arturo Zordan,1
Don Antonio Ferracin,1
Bce salutariameta,1
Bimesile,1
Direttore responsabile,1
Medico Chirurgo Ostetrico,1
"Medicina interna, Specialista Malattie Polmonari",1
"Revisore Ufficiale dei Conti, Amministratore Giudiziario, Consulenza e Assistenza Tributaria, Economico, Commerciale, Ragioneristica",1
Alberoni,1
Categoria XII,1
Combustibili e Carburanti,1
Categoria VIII,1
Città Giardino,1
Odontoiatra; Gabinetto Dentistico,1
Specialista Malattie Lattanti e Bambini,1
Docente malattie del bambini,1
Asp. Civile,1
Osp. Marino,1
Medicina Interna,1
Via Torre Belfredo numero 94,1
"Carpenedo, Mestre",1
"Ospizio Marino, Lido",1
"Murano, Venezia",1
Osp. Civ.,1
dirett. Cro-nici,1
spec. Vernizione,1
Vicario,1
Istituto A. M. Manzoni,1
"alimentari, (dett.)",1
squero,1
di Indri Giovanni,1
polleria,1
"terraglie, porcellane",1
uova,1
"mercerie, filati e affini",1
cartoleria profumeria,1
Cicli ed Accessori,1
prodot. ti chimici,1
Segretario (gruppo viaggiatori),1
Premiate Cantine,1
capitano,1
commissario,1
ragioniere,1
"Antonio,",1
Ass. Naz. Combattenti,1
industirale,1
Ispettore Tecnico del movimento postale,1
profumeria,1
Tenenzia,1
dell' Archivio dello Stato,1
frigotiju e con.menssbiti octoti,1
Amm. Imposte di Consumo del Comune,1
Lavorazioni con leghe in alluminio Preventivo cifonico fabbricato meccanico con torneria catruzione Armaidedti per spogliatoi operai,1
s. r. l.,1
accessori riparazioni vendite,1
dirigerato,1
Forossitti,1
"serramenti, mobili",1
Istituto Artigianelli,1
dettuanaglio,1
montaggio apparecchi,1
carbono di calcio,1
gros.,1
esercizi,1
gabinetti di posa),1
tenente,1
Direzione Marittima e Gabinetto,1
Banco di Roma,1
8. a. r. Ir.,1
corredi,1
Ispettore Istituto Aut. per le case popolari,1
"Uff. Supelivo - Addetto, Legione Ferr. della Guardia di Finanza",1
Procuratore Tribunale dei Minorenni,1
Sostituto Proc. Tribunale Civile e Penale,1
deputato Amminist. della Provincia,1
Capo Divisione prima,1
Zattere num. 20,1
"Velluti, Soprarizzo, Broccati, Damascoti Per Ammobramento, Chiese Passamenterie",1
Alessandro e Auiorio,1
vendita immobili,1
2288,1
edicola,1
Geodesia,1
Traslochi,1
vetri incisi,1
"Di vetterti Aumn, Istibuto Prov. degli Esposanti",1
"Pres, Arciconfratermita di San Cristoforo e Compagnia della Misericordia",1
macelleria (introduttore Ac. stime),1
sartoria da uomo,1
chinaglieie,1
"soffieria, fale ipodermiche, ecc.",1
"Ragioniere, Patrocinatore legale",1
riparazioni autoveicoli,1
legatore,1
architetto,1
officina meccanica metal. lurgica e costruzioni in ferro,1
Enego,1
(abbigra),1
orloggi,1
elettricista e idraulico,1
sartaorio,1
stuccchi edile,1
officina meccanica metallurgica e costruzioni in ferro,1
ingegnere,1
bbianeti e affini,1
(eredi),1
ed L. Merline e C.,1
lampadari,1
(edicola),1
ortagagi,1
Dott.,1
"Lavori Fotografici, Fotomateriale",1
mosaici,1
acquisto fabbricati e aziende agricole,1
vele e bandiere,1
economo,1
fotografi,1
Direttore Sanitario,1
Medico aiuto,1
Medico Direttore,1
Segretario Comitato Provinciale antitubercolare,1
Presic. Comitato Provinciale antitubercolare,1
Sezione Chimica,1
Sezione medico micrografica,1
cardanetti,1
cristali e spechi,1
materassai,1
Presidente del Casinò di Commercio,1
legumi,1
62,1
friggitoria,1
"Marghera, Via Fratelli Bandiere",1
Via G. Bruno 13,1
Altri Stazione,1
Via Piave-L7,1
Consigliera Municipale,1
1203,1
Primo Dirigente,1
Direttore Istituto Universitario di Archit.,1
r. t. trasporti marittimi,1
vini rappresentante generi alimentari,1
"Laboratorio Cornici ed Affini, Vetri, Specchi, Cristalli, Quadri",1
Sindaco Assist. Naz. Combattenti,1
Ispet. Capo Amm. Imposte Consumo del Comune,1
cantiere navale,1
V. Presidente Ass. Inquilini e Senza Tetto,1
Autotrasporti,1
S. Marco,1
San Lio,1
S. Trovaso. Palazzo Giustiniani,1
projettili,1
Radio,1
bottiglieria,1
albergo,1
parruccchiere per signora,1
Capo Divisione Soprintendenza ai Monumenti Mediovali e Moderni del Veneto Orientale,1
ricuperi navali,1
Orologeria,1
Tappeti persiani,1
S. Nicolo di Lido,1
Castello 5617.,1
Cannareguo 1984-85.,1
Via D. Manin 39.,1
Palazzo Surian,1
Assicurazioni Generali,1
rappresentante dei veterinari,1
TELVE,1
Ass. dei Commercianti,1
caffè,1
Dirett. Macello Comunale,1
Uffici Centrali dell'Amministrazione della Provincia,1
Divisione Ragioneria,1
Fabbrica Timbri - Studio Incisioni,1
Istituto Nazionale per l'Addestramento Professionale Lavoratori dell'Industria,1
Succ. a G. B. Trapolino,1
Forniture,1
Fruttiera Francesco,1
radio,1
Pres. Reg. della (F.I.S.I.),1
agenzia marittima,1
Telefono 34-296,1
Grande Salone per banchetti e Rinfreschi,1
frutta alimentari,1
Riduttori di pressime,1
stampe,1
rappresentante articoli casalinghi,1
"Lido, Via Malamocco 38",1
pediatra,1
scientifica,1
Sbarchi,1
carburanti,1
frutta,1
Compra Vendita Caffè e Ristoranti,1
industria lavorazione e conservazione del legno,1
industria chimica,1
Telef: ab. bigliamento,1
"agrumi, essicazione frutta ed erbaggi",1
Imbarcazioni,1
olii minerali,1
automobili e automes.,1
espressi telegrammi,1
articoli fotografici,1
olii,1
artic. commestibili (commercio),1
apparecchi elettromeccanici,1
Vijg Elettricità,1
Società mineraria immobile,1
Ann. Castellan G. & Santon A.,1
D'allefitanni,1
Società Cattolica di Assicurazione Verona,1
spedizioni e trasporti,1
farmacsita,1
ossidi metallici,1
Società Italo-Oriental d’idrogenco,1
Ame-ricana nel Petrolio,1
Società Italiana Ossigeno ed altri gas,1
esplorug pozzi neri,1
Società Bunieraggi,1
alluminio,1
Società Autotrasporti Saturnia,1
Società Autorimessa Roma,1
acquisto costruzione immobili,1
Soc. per Az. Rossi Tranquillo,1
prodotti chimici,1
Duro 3188-29,1
Deposito: Cannaregio Abazzia,1
Navagero 34,1
frigoríforik,1
S. A.,1
autonoleggio autorimessa,1
(dett.),1
grassi,1
pelli e materiale per costruzioni edilizie,1
gerogi alì mentari (dett.),1
Mobili d’Arte,1
(gab. inetti di posa),1
scarabolla,1
mautotarsporti,1
Disinfestazioni con gas tossici,1
fluviali e terrestri,1
cinema (produzione film stabii-,1
(Cronometriosta),1
Palazzo Bonambo,1
Tribunale del Minorenni,1
medicine generale,1
nomina per Valli in provincia di Venezia e Campagnaluqa,1
pastificio,1
Capitano di Porta,1
corieettine e pele,1
specialità Veneziane,1
carburanti olii ed affnii,1
acque minerali,1
combustibili liquidi (geonotta),1
arcirepe,1
Comandante del Porto Capitano uffi Porto,1
industries boschive,1
Arcprete,1
imprese opere marittime,1
dott.,1
drogheria,1
Procuratore Gen.,1
benzina,1
Concessionarie Marelli,1
Via Felisati 95,1
Viale S. M. Elisabetta,1
succ. di Gaio Ernengildo,1
rappresentante dei medici,1
colonnello medico,1
esperto scienze guerriere,1
Ferrovie de lo Stato,1
merceria filati e affini,1
autologico e automorsa,1
Capo 3.o Ugucli,1
grassi industriali,1
Uff. Regionale di Coordinamento,1
Cimiteri Comunali,1
calcolatrice,1
Ingegn. Primo n° 7,1
Questore,1
suggesto,1
fon,1
liquori,1
Commissione Direttiva del Circolo Artistico,1
juors,1
Stabilimento : Casa di Pena,1
pennelli,1
"cicli e motocicli accessori, riparazioni, vendite",1
sqiurero,1
Instituto Universitario Architett.,1
t'atoria,1
vetrerie e oggetti artistici,1
abiti confezionati,1
Lavorazione 'Acurata,1
Consulenza ed Assistenza Tributaria,1
fabbricati e aziende agricole,1
manifature,1
Società Anonima,1
comm. e lavorazione,1
materiale da costruzione,1
"Cartotecnica, Tipografa",1
Consigliere di I. cl.,1
Vice Prefetto Ispett.,1
V. Prefetto Ispett.,1
Consigliere di l. classe,1
Vice Prefetto ispett.,1
"impresa edile, materiali refrattari laterizi",1
agenzia d’affari,1
Instituto Universitario di Architett.,1
Pretore della Pretura Civile e Penale,1
ristorante,1
impianti di riscaldamento,1
Ufficio Tecnico dell'Amministrazione della Provincia,1
"""Consigliere Municipale""",1
Maggiore di P. S.,1
Procuratore della Scuola Mer-letti di Murano,1
Rapprex Prov.,1
Istituto U.r..straria Architettura,1
presidi,1
salumi (negozio),1
Segretario Ispet. Ispt. Circoscrizione Doganale,1
idraulica e gas,1
Marmellate,1
Aperto tutto l'anno,1
idraulica-sanitaria,1
Filiiiai a Roma,1
chimico del La..,1
prof. Istituto Universitario di Architettura,1
e del Traffico,1
Vice Ispet. di Zona,1
Vicario S. Andrea Apostolo,1
in Sambin,1
monista,1
Ass. Naz . Reduci,1
Cas di Ricovero,1
Consigliere Banca Veneta Mezzana a Gretti e Conti Correnti,1
Via Velarino,1
pal. Patriarcale,1
Rettore Istituto Crovani e Guglielmo Marconi,1
glati,1
ras,1
ag. capo Stazione Marittima,1
giornate,1
tessuti seterie e affini,1
Tappeti,1
Capitano,1
"Alla Nuova Trattoria, di Mario",1
cicli e motocicli,1
carpentiere,1
esperto materie amministrative,1
4554,1
Sindaco effettivo Banca Veneziana di Crediti e Conti Correnti,1
"fiori, piante e sementi",1
Gazzera Alta 156,1
Direzione Lotto,1
Gazzera Alta 158,1
Via Miranese 135,1
via Trezzo 1,1
piazza 22 Marzo,1
confezioni iliati,1
Capo Uff.,1
Stazione di Mestre,1
"Direzione, S. Lucia",1
Punta Sabbioni,1
Studio Radio e Elettrotecnico,1
Uff. Prov. Statistica Economica Agricola,1
Banco S. Marco,1
essicazione frutta ed erbaggi,1
Stoffe per Uomo,1
Atti giud. e conlesso governativo,1
Diret. agt.,1
medico pediatra,1
Federaz. Cooperative,1
rappresentante esercenti cinema e teatri,1
appart. e materiale radio,1
rosticceria,1
Capo uff. Amministr.,1
informazioni comm.,1
Presidente Centro Economico per la Ricostruzione,1
Rappresentante e Depositi,1
cereali (grossi,1
liquori (fabbrica e deposito),1
Titto,1
Direzione S. Lucis,1
apparecchi per impianti sanaturi ed igienici,1
affini (vendi-ta),1
Vetro neutro,1
aggiusta maturittima rimorchiatore,1
oculista,1
segreteria,1
Director,1
Soprintendenza ai Monumenti Medioevali e moderni del Veneto Orientale,1
oggetti artistici,1
spazzole,1
Albergo,1
oreficeria,1
molino,1
chinquejlerie,1
Clinica,1
cristalli e specchi,1
Carpenedo,1
forni in vetro,1
grossisti,1
(negozio),1
Società Italiana del piombo e dello zinco,1
Ministero dell'Agricoltura e Foreste,1
Santa Maria Formosa 4778,1
Galleria gG. Franchetti alla Ca D’Oro,1
cristalli e spe- chi,1
mediatori generali,1
Consigliere i. cl.,1
cambio nego,1
Agrumi,1
legnam e pali da construzzioni,1
cristalli e spechi (commercio e lavorazione),1
Autorizzata dalla Questura,1
smalti ecc.,1
riparazioni di qualiasi di tipo d'orologio ed apparecchi d'orologeria,1
Soc. a.r. l.,1
dell’Olio Adriatico.,1
libreria,1
lavanderia e stireria,1
Istituto Universita-io di Architett.,1
Societa Canottieri Bucintoro,1
Segretario della (FIDAL),1
segretario Istituto Univers. di Economia e Commercio,1
Impianti di illuminazione a gas vari,1
Segretario Tesoriere,1
