page,page_num,winner_filename,selection_method,winner_score,layout_type,ad_type,category
page_2,2,page_2_semantic_3.csv,SCORE_TIED_RECENCY,0.0,,,SKIP_PAGES (real content)
page_3,3,page_3_semantic_3.csv,SCORE_TIED_RECENCY,75.85,COMPLEX_LAYOUT,FULL_AD,FULL_AD (hardcoded)
page_4,4,page_4_semantic_3.csv,SCORE_CLEAR,80.04,COMPLEX_LAYOUT,FULL_AD,FULL_AD (hardcoded)
page_5,5,page_5_semantic_2.csv,SCORE_TIED_RECENCY,75.5,COMPLEX_LAYOUT,FULL_AD,FULL_AD (hardcoded)
page_7,7,page_7_semantic_3.csv,SCORE_TIED_RECENCY,0.0,,,SKIP_PAGES (real content)
page_10,10,page_10_semantic_2.csv,SCORE_CLEAR,80.84,COMPLEX_LAYOUT,NO_AD,COMPLEX_LAYOUT: NO_AD
page_11,11,page_11_semantic_3.csv,SCORE_TIED_RECENCY,74.44,COMPLEX_LAYOUT,FULL_AD,FULL_AD (hardcoded)
page_12,12,page_12_semantic_3.csv,SCORE_CLEAR,70.24,SIMPLE_LAYOUT,FULL_AD,FULL_AD (hardcoded)
page_13,13,page_13_semantic_2.csv,SCORE_TIED_RECENCY,72.54,COMPLEX_LAYOUT,FULL_AD,FULL_AD (hardcoded)
page_14,14,page_14_semantic_4.csv,SCORE_TIED_RECENCY,79.74,SIMPLE_LAYOUT,NO_AD,SIMPLE_LAYOUT (auto NO_AD)
page_15,15,page_15_semantic_2.csv,SCORE_TIED_RECENCY,70.76,COMPLEX_LAYOUT,NO_AD,COMPLEX_LAYOUT: NO_AD
page_16,16,page_16_semantic_2.csv,SCORE_CLEAR,71.01,COMPLEX_LAYOUT,PARTIAL_AD,COMPLEX_LAYOUT: PARTIAL_AD
page_17,17,page_17_semantic_2.csv,SCORE_CLEAR,72.37,COMPLEX_LAYOUT,NO_AD,COMPLEX_LAYOUT: NO_AD
page_18,18,page_18_semantic_3.csv,SCORE_TIED_RECENCY,71.18,COMPLEX_LAYOUT,OTHER_UNPARSED,COMPLEX_LAYOUT: OTHER_UNPARSED
page_19,19,page_19_semantic_3.csv,SCORE_TIED_RECENCY,66.97,SIMPLE_LAYOUT,NO_AD,SIMPLE_LAYOUT (auto NO_AD)
page_20,20,page_20_semantic_3.csv,SCORE_TIED_RECENCY,76.29,COMPLEX_LAYOUT,FULL_AD,FULL_AD (hardcoded)
page_21,21,page_21_semantic_3.csv,SCORE_TIED_RECENCY,76.29,,,FULL_AD (hardcoded)
page_22,22,page_22_semantic_4.csv,SCORE_CLEAR,78.48,SIMPLE_LAYOUT,NO_AD,SIMPLE_LAYOUT (auto NO_AD)
page_23,23,page_23_semantic_4.csv,SCORE_TIED_RECENCY,73.93,COMPLEX_LAYOUT,FULL_AD,FULL_AD (hardcoded)
page_24,24,page_24_semantic_2.csv,SCORE_CLEAR,70.75,SIMPLE_LAYOUT,NO_AD,SIMPLE_LAYOUT (auto NO_AD)
page_25,25,page_25_semantic_4.csv,SCORE_TIED_RECENCY,72.83,SIMPLE_LAYOUT,NO_AD,SIMPLE_LAYOUT (auto NO_AD)
page_26,26,page_26_semantic_3.csv,SCORE_TIED_RECENCY,70.8,SIMPLE_LAYOUT,NO_AD,SIMPLE_LAYOUT (auto NO_AD)
page_27,27,page_27_semantic_5.csv,SCORE_TIED_RECENCY,70.97,COMPLEX_LAYOUT,FULL_AD,FULL_AD (hardcoded)
page_28,28,page_28_semantic_4.csv,SCORE_TIED_RECENCY,67.6,COMPLEX_LAYOUT,OTHER_UNPARSED,COMPLEX_LAYOUT: OTHER_UNPARSED
page_29,29,page_29_semantic_2.csv,SCORE_CLEAR,72.63,COMPLEX_LAYOUT,PARTIAL_AD,COMPLEX_LAYOUT: PARTIAL_AD
page_30,30,page_30_semantic_4.csv,SCORE_TIED_RECENCY,75.12,COMPLEX_LAYOUT,FULL_AD,FULL_AD (hardcoded)
page_31,31,page_31_semantic_4.csv,SCORE_TIED_RECENCY,64.75,COMPLEX_LAYOUT,FULL_AD,FULL_AD (hardcoded)
page_32,32,page_32_semantic_4.csv,SCORE_CLEAR,74.58,SIMPLE_LAYOUT,NO_AD,SIMPLE_LAYOUT (auto NO_AD)
page_33,33,page_33_semantic_3.csv,SCORE_CLEAR,70.43,COMPLEX_LAYOUT,PARTIAL_AD,COMPLEX_LAYOUT: PARTIAL_AD
page_34,34,page_34_semantic_3.csv,SCORE_TIED_RECENCY,68.21,SIMPLE_LAYOUT,NO_AD,SIMPLE_LAYOUT (auto NO_AD)
page_35,35,page_35_semantic_4.csv,SCORE_TIED_RECENCY,67.05,COMPLEX_LAYOUT,OTHER_UNPARSED,COMPLEX_LAYOUT: OTHER_UNPARSED
page_36,36,page_36_semantic_2.csv,SCORE_CLEAR,78.7,SIMPLE_LAYOUT,NO_AD,SIMPLE_LAYOUT (auto NO_AD)
page_37,37,page_37_semantic_3.csv,SCORE_TIED_RECENCY,75.26,SIMPLE_LAYOUT,NO_AD,SIMPLE_LAYOUT (auto NO_AD)
page_38,38,page_38_semantic_1.csv,EXCLUDED_FALLBACK,39.92,SIMPLE_LAYOUT,NO_AD,SIMPLE_LAYOUT (auto NO_AD)
page_39,39,page_39_semantic_3.csv,SCORE_TIED_RECENCY,80.65,SIMPLE_LAYOUT,NO_AD,SIMPLE_LAYOUT (auto NO_AD)
page_40,40,page_40_semantic_3.csv,SCORE_TIED_RECENCY,66.33,SIMPLE_LAYOUT,FULL_AD,FULL_AD (hardcoded)
page_41,41,page_41_semantic_2.csv,SCORE_CLEAR,73.41,COMPLEX_LAYOUT,FULL_AD,FULL_AD (hardcoded)
page_42,42,page_42_semantic_2.csv,SCORE_TIED_RECENCY,84.29,COMPLEX_LAYOUT,NO_AD,COMPLEX_LAYOUT: NO_AD
page_43,43,page_43_semantic_2.csv,SCORE_TIED_RECENCY,76.79,COMPLEX_LAYOUT,NO_AD,COMPLEX_LAYOUT: NO_AD
page_44,44,page_44_semantic_3.csv,SCORE_TIED_RECENCY,74.86,COMPLEX_LAYOUT,,SIMPLE_LAYOUT (auto NO_AD)
page_45,45,page_45_semantic_3.csv,SCORE_CLEAR,79.78,COMPLEX_LAYOUT,NO_AD,COMPLEX_LAYOUT: NO_AD
page_46,46,page_46_semantic_3.csv,SCORE_TIED_RECENCY,63.38,COMPLEX_LAYOUT,FULL_AD,FULL_AD (hardcoded)
page_47,47,page_47_semantic_3.csv,SCORE_TIED_RECENCY,61.29,COMPLEX_LAYOUT,FULL_AD,FULL_AD (hardcoded)
page_48,48,page_48_semantic_3.csv,SCORE_TIED_RECENCY,75.1,COMPLEX_LAYOUT,NO_AD,COMPLEX_LAYOUT: NO_AD
page_49,49,page_49_semantic_3.csv,SCORE_TIED_RECENCY,75.16,COMPLEX_LAYOUT,NO_AD,COMPLEX_LAYOUT: NO_AD
page_50,50,page_50_semantic_3.csv,SCORE_TIED_RECENCY,78.76,COMPLEX_LAYOUT,NO_AD,COMPLEX_LAYOUT: NO_AD
page_51,51,page_51_semantic_3.csv,SCORE_TIED_RECENCY,72.03,COMPLEX_LAYOUT,NO_AD,COMPLEX_LAYOUT: NO_AD
page_52,52,page_52_semantic_2.csv,SCORE_TIED_RECENCY,80.31,COMPLEX_LAYOUT,NO_AD,COMPLEX_LAYOUT: NO_AD
page_53,53,page_53_semantic_3.csv,SCORE_CLEAR,78.22,COMPLEX_LAYOUT,NO_AD,COMPLEX_LAYOUT: NO_AD
page_54,54,page_54_semantic_2.csv,SCORE_CLEAR,77.87,COMPLEX_LAYOUT,NO_AD,COMPLEX_LAYOUT: NO_AD
page_55,55,page_55_semantic_3.csv,SCORE_TIED_RECENCY,75.01,COMPLEX_LAYOUT,NO_AD,COMPLEX_LAYOUT: NO_AD
page_56,56,page_56_semantic_2.csv,SCORE_TIED_RECENCY,78.01,COMPLEX_LAYOUT,PARTIAL_AD,COMPLEX_LAYOUT: PARTIAL_AD
page_57,57,page_57_semantic_3.csv,SCORE_CLEAR,76.85,SIMPLE_LAYOUT,NO_AD,SIMPLE_LAYOUT (auto NO_AD)
page_58,58,page_58_semantic_2.csv,SCORE_CLEAR,85.01,COMPLEX_LAYOUT,PARTIAL_AD,COMPLEX_LAYOUT: PARTIAL_AD
page_59,59,page_59_semantic_3.csv,SCORE_TIED_RECENCY,61.07,COMPLEX_LAYOUT,PARTIAL_AD,COMPLEX_LAYOUT: PARTIAL_AD
page_60,60,page_60_semantic_3.csv,SCORE_CLEAR,79.95,COMPLEX_LAYOUT,PARTIAL_AD,COMPLEX_LAYOUT: PARTIAL_AD
page_61,61,page_61_semantic_2.csv,SCORE_TIED_RECENCY,78.27,COMPLEX_LAYOUT,NO_AD,COMPLEX_LAYOUT: NO_AD
page_62,62,page_62_semantic_3.csv,SCORE_TIED_RECENCY,61.58,COMPLEX_LAYOUT,NO_AD,COMPLEX_LAYOUT: NO_AD
page_63,63,page_63_semantic_2.csv,SCORE_CLEAR,84.95,COMPLEX_LAYOUT,PARTIAL_AD,COMPLEX_LAYOUT: PARTIAL_AD
page_64,64,page_64_semantic_2.csv,SCORE_TIED_RECENCY,77.63,COMPLEX_LAYOUT,PARTIAL_AD,COMPLEX_LAYOUT: PARTIAL_AD
page_65,65,page_65_semantic_2.csv,SCORE_TIED_RECENCY,78.64,COMPLEX_LAYOUT,NO_AD,COMPLEX_LAYOUT: NO_AD
page_66,66,page_66_semantic_3.csv,SCORE_TIED_RECENCY,75.96,COMPLEX_LAYOUT,PARTIAL_AD,COMPLEX_LAYOUT: PARTIAL_AD
page_67,67,page_67_semantic_3.csv,SCORE_TIED_RECENCY,72.49,COMPLEX_LAYOUT,PARTIAL_AD,COMPLEX_LAYOUT: PARTIAL_AD
page_68,68,page_68_semantic_3.csv,SCORE_CLEAR,77.79,COMPLEX_LAYOUT,PARTIAL_AD,COMPLEX_LAYOUT: PARTIAL_AD
page_69,69,page_69_semantic_3.csv,SCORE_CLEAR,78.34,COMPLEX_LAYOUT,NO_AD,COMPLEX_LAYOUT: NO_AD
page_70,70,page_70_semantic_3.csv,SCORE_CLEAR,75.45,COMPLEX_LAYOUT,PARTIAL_AD,COMPLEX_LAYOUT: PARTIAL_AD
page_71,71,page_71_semantic_3.csv,SCORE_CLEAR,74.65,COMPLEX_LAYOUT,PARTIAL_AD,COMPLEX_LAYOUT: PARTIAL_AD
page_72,72,page_72_semantic_2.csv,SCORE_CLEAR,74.54,COMPLEX_LAYOUT,NO_AD,COMPLEX_LAYOUT: NO_AD
page_73,73,page_73_semantic_2.csv,SCORE_CLEAR,72.76,COMPLEX_LAYOUT,NO_AD,COMPLEX_LAYOUT: NO_AD
page_74,74,page_74_semantic_3.csv,SCORE_CLEAR,77.66,COMPLEX_LAYOUT,NO_AD,COMPLEX_LAYOUT: NO_AD
page_75,75,page_75_semantic_3.csv,SCORE_CLEAR,78.65,COMPLEX_LAYOUT,NO_AD,COMPLEX_LAYOUT: NO_AD
page_76,76,page_76_semantic_3.csv,SCORE_TIED_RECENCY,73.79,COMPLEX_LAYOUT,NO_AD,COMPLEX_LAYOUT: NO_AD
page_77,77,page_77_semantic_2.csv,SCORE_CLEAR,76.22,COMPLEX_LAYOUT,PARTIAL_AD,COMPLEX_LAYOUT: PARTIAL_AD
page_78,78,page_78_semantic_2.csv,SCORE_TIED_RECENCY,76.44,COMPLEX_LAYOUT,PARTIAL_AD,COMPLEX_LAYOUT: PARTIAL_AD
page_79,79,page_79_semantic_3.csv,SCORE_CLEAR,78.62,COMPLEX_LAYOUT,PARTIAL_AD,COMPLEX_LAYOUT: PARTIAL_AD
page_80,80,page_80_semantic_3.csv,SCORE_CLEAR,77.19,COMPLEX_LAYOUT,NO_AD,COMPLEX_LAYOUT: NO_AD
page_81,81,page_81_semantic_3.csv,SCORE_CLEAR,78.14,COMPLEX_LAYOUT,NO_AD,COMPLEX_LAYOUT: NO_AD
page_82,82,page_82_semantic_3.csv,SCORE_TIED_RECENCY,74.93,COMPLEX_LAYOUT,NO_AD,COMPLEX_LAYOUT: NO_AD
page_83,83,page_83_semantic_3.csv,SCORE_TIED_RECENCY,75.36,COMPLEX_LAYOUT,NO_AD,COMPLEX_LAYOUT: NO_AD
page_84,84,page_84_semantic_2.csv,SCORE_TIED_RECENCY,75.91,COMPLEX_LAYOUT,NO_AD,COMPLEX_LAYOUT: NO_AD
page_85,85,page_85_semantic_3.csv,SCORE_TIED_RECENCY,73.75,COMPLEX_LAYOUT,NO_AD,COMPLEX_LAYOUT: NO_AD
page_86,86,page_86_semantic_2.csv,SCORE_CLEAR,87.22,COMPLEX_LAYOUT,NO_AD,COMPLEX_LAYOUT: NO_AD
page_87,87,page_87_semantic_2.csv,SCORE_CLEAR,79.05,COMPLEX_LAYOUT,NO_AD,COMPLEX_LAYOUT: NO_AD
page_88,88,page_88_semantic_3.csv,SCORE_CLEAR,77.72,SIMPLE_LAYOUT,NO_AD,SIMPLE_LAYOUT (auto NO_AD)
page_89,89,page_89_semantic_3.csv,SCORE_CLEAR,76.28,COMPLEX_LAYOUT,NO_AD,COMPLEX_LAYOUT: NO_AD
page_90,90,page_90_semantic_3.csv,SCORE_CLEAR,78.66,COMPLEX_LAYOUT,PARTIAL_AD,COMPLEX_LAYOUT: PARTIAL_AD
page_91,91,page_91_semantic_2.csv,SCORE_TIED_RECENCY,77.94,COMPLEX_LAYOUT,NO_AD,COMPLEX_LAYOUT: NO_AD
page_92,92,page_92_semantic_3.csv,SCORE_TIED_RECENCY,77.53,SIMPLE_LAYOUT,NO_AD,SIMPLE_LAYOUT (auto NO_AD)
page_93,93,page_93_semantic_3.csv,SCORE_TIED_RECENCY,73.81,COMPLEX_LAYOUT,NO_AD,COMPLEX_LAYOUT: NO_AD
page_94,94,page_94_semantic_3.csv,SCORE_CLEAR,77.49,COMPLEX_LAYOUT,PARTIAL_AD,COMPLEX_LAYOUT: PARTIAL_AD
page_95,95,page_95_semantic_3.csv,SCORE_CLEAR,76.77,COMPLEX_LAYOUT,NO_AD,COMPLEX_LAYOUT: NO_AD
page_96,96,page_96_semantic_2.csv,SCORE_CLEAR,72.9,COMPLEX_LAYOUT,PARTIAL_AD,COMPLEX_LAYOUT: PARTIAL_AD
page_97,97,page_97_semantic_3.csv,SCORE_TIED_RECENCY,77.08,COMPLEX_LAYOUT,PARTIAL_AD,COMPLEX_LAYOUT: PARTIAL_AD
page_98,98,page_98_semantic_2.csv,SCORE_TIED_RECENCY,78.12,COMPLEX_LAYOUT,OTHER_UNPARSED,COMPLEX_LAYOUT: OTHER_UNPARSED
page_99,99,page_99_semantic_2.csv,SCORE_TIED_RECENCY,76.67,COMPLEX_LAYOUT,PARTIAL_AD,COMPLEX_LAYOUT: PARTIAL_AD
page_100,100,page_100_semantic_2.csv,SCORE_CLEAR,73.79,COMPLEX_LAYOUT,NO_AD,COMPLEX_LAYOUT: NO_AD
page_101,101,page_101_semantic_2.csv,SCORE_CLEAR,73.25,COMPLEX_LAYOUT,PARTIAL_AD,COMPLEX_LAYOUT: PARTIAL_AD
page_102,102,page_102_semantic_3.csv,SCORE_CLEAR,75.25,COMPLEX_LAYOUT,PARTIAL_AD,COMPLEX_LAYOUT: PARTIAL_AD
page_103,103,page_103_semantic_3.csv,SCORE_CLEAR,72.16,COMPLEX_LAYOUT,PARTIAL_AD,COMPLEX_LAYOUT: PARTIAL_AD
page_104,104,page_104_semantic_2.csv,SCORE_CLEAR,73.59,COMPLEX_LAYOUT,PARTIAL_AD,COMPLEX_LAYOUT: PARTIAL_AD
page_105,105,page_105_semantic_3.csv,SCORE_TIED_RECENCY,70.42,COMPLEX_LAYOUT,FULL_AD,FULL_AD (hardcoded)
page_106,106,page_106_semantic_3.csv,SCORE_TIED_RECENCY,74.31,COMPLEX_LAYOUT,FULL_AD,FULL_AD (hardcoded)
page_107,107,page_107_semantic_3.csv,SCORE_TIED_RECENCY,69.19,COMPLEX_LAYOUT,FULL_AD,FULL_AD (hardcoded)
page_108,108,page_108_semantic_2.csv,SCORE_CLEAR,78.6,COMPLEX_LAYOUT,PARTIAL_AD,COMPLEX_LAYOUT: PARTIAL_AD
page_109,109,page_109_semantic_2.csv,SCORE_CLEAR,74.71,SIMPLE_LAYOUT,NO_AD,SIMPLE_LAYOUT (auto NO_AD)
page_110,110,page_110_semantic_2.csv,SCORE_CLEAR,85.97,SIMPLE_LAYOUT,NO_AD,SIMPLE_LAYOUT (auto NO_AD)
page_111,111,page_111_semantic_2.csv,SCORE_TIED_RECENCY,76.96,SIMPLE_LAYOUT,NO_AD,SIMPLE_LAYOUT (auto NO_AD)
page_112,112,page_112_semantic_2.csv,SCORE_TIED_RECENCY,80.39,COMPLEX_LAYOUT,NO_AD,COMPLEX_LAYOUT: NO_AD
page_113,113,page_113_semantic_2.csv,SCORE_TIED_RECENCY,81.35,SIMPLE_LAYOUT,NO_AD,SIMPLE_LAYOUT (auto NO_AD)
page_114,114,page_114_semantic_3.csv,SCORE_TIED_RECENCY,78.69,SIMPLE_LAYOUT,NO_AD,SIMPLE_LAYOUT (auto NO_AD)
page_115,115,page_115_semantic_2.csv,SCORE_CLEAR,78.63,SIMPLE_LAYOUT,NO_AD,SIMPLE_LAYOUT (auto NO_AD)
page_116,116,page_116_semantic_3.csv,SCORE_CLEAR,80.92,COMPLEX_LAYOUT,PARTIAL_AD,COMPLEX_LAYOUT: PARTIAL_AD
page_117,117,page_117_semantic_3.csv,SCORE_TIED_RECENCY,80.15,COMPLEX_LAYOUT,PARTIAL_AD,COMPLEX_LAYOUT: PARTIAL_AD
page_118,118,page_118_semantic_3.csv,SCORE_TIED_RECENCY,78.97,COMPLEX_LAYOUT,PARTIAL_AD,COMPLEX_LAYOUT: PARTIAL_AD
page_119,119,page_119_semantic_3.csv,SCORE_TIED_RECENCY,80.83,COMPLEX_LAYOUT,PARTIAL_AD,COMPLEX_LAYOUT: PARTIAL_AD
page_120,120,page_120_semantic_2.csv,SCORE_TIED_RECENCY,80.41,COMPLEX_LAYOUT,PARTIAL_AD,COMPLEX_LAYOUT: PARTIAL_AD
page_121,121,page_121_semantic_3.csv,SCORE_TIED_RECENCY,81.82,SIMPLE_LAYOUT,NO_AD,SIMPLE_LAYOUT (auto NO_AD)
page_122,122,page_122_semantic_3.csv,SCORE_TIED_RECENCY,76.13,COMPLEX_LAYOUT,PARTIAL_AD,COMPLEX_LAYOUT: PARTIAL_AD
page_123,123,page_123_semantic_2.csv,SCORE_TIED_RECENCY,79.18,SIMPLE_LAYOUT,NO_AD,SIMPLE_LAYOUT (auto NO_AD)
page_124,124,page_124_semantic_3.csv,SCORE_CLEAR,76.18,COMPLEX_LAYOUT,NO_AD,COMPLEX_LAYOUT: NO_AD
page_125,125,page_125_semantic_2.csv,SCORE_TIED_RECENCY,74.75,COMPLEX_LAYOUT,NO_AD,COMPLEX_LAYOUT: NO_AD
page_126,126,page_126_semantic_2.csv,SCORE_CLEAR,75.53,COMPLEX_LAYOUT,NO_AD,COMPLEX_LAYOUT: NO_AD
page_127,127,page_127_semantic_2.csv,SCORE_CLEAR,72.47,COMPLEX_LAYOUT,NO_AD,COMPLEX_LAYOUT: NO_AD
page_128,128,page_128_semantic_3.csv,SCORE_TIED_RECENCY,79.51,COMPLEX_LAYOUT,NO_AD,COMPLEX_LAYOUT: NO_AD
page_129,129,page_129_semantic_3.csv,SCORE_CLEAR,76.38,COMPLEX_LAYOUT,FULL_AD,FULL_AD (hardcoded)
page_130,130,page_130_semantic_1.csv,SINGLE,75.08,COMPLEX_LAYOUT,FULL_AD,FULL_AD (hardcoded)
page_131,131,page_131_semantic_3.csv,SCORE_TIED_RECENCY,67.64,SIMPLE_LAYOUT,FULL_AD,FULL_AD (hardcoded)
page_132,132,page_132_semantic_2.csv,SCORE_CLEAR,71.35,COMPLEX_LAYOUT,PARTIAL_AD,COMPLEX_LAYOUT: PARTIAL_AD
page_133,133,page_133_semantic_2.csv,SCORE_TIED_RECENCY,73.86,COMPLEX_LAYOUT,PARTIAL_AD,COMPLEX_LAYOUT: PARTIAL_AD
page_134,134,page_134_semantic_3.csv,SCORE_CLEAR,76.27,COMPLEX_LAYOUT,PARTIAL_AD,COMPLEX_LAYOUT: PARTIAL_AD
page_135,135,page_135_semantic_3.csv,SCORE_CLEAR,77.58,COMPLEX_LAYOUT,OTHER_UNPARSED,COMPLEX_LAYOUT: OTHER_UNPARSED
page_136,136,page_136_semantic_2.csv,SCORE_CLEAR,76.0,COMPLEX_LAYOUT,PARTIAL_AD,COMPLEX_LAYOUT: PARTIAL_AD
page_137,137,page_137_semantic_2.csv,SCORE_CLEAR,74.22,COMPLEX_LAYOUT,PARTIAL_AD,COMPLEX_LAYOUT: PARTIAL_AD
page_138,138,page_138_semantic_3.csv,SCORE_CLEAR,77.27,COMPLEX_LAYOUT,PARTIAL_AD,COMPLEX_LAYOUT: PARTIAL_AD
page_139,139,page_139_semantic_3.csv,SCORE_CLEAR,76.78,COMPLEX_LAYOUT,PARTIAL_AD,COMPLEX_LAYOUT: PARTIAL_AD
page_140,140,page_140_semantic_2.csv,SCORE_TIED_RECENCY,74.8,COMPLEX_LAYOUT,PARTIAL_AD,COMPLEX_LAYOUT: PARTIAL_AD
page_141,141,page_141_semantic_3.csv,SCORE_TIED_RECENCY,76.94,SIMPLE_LAYOUT,NO_AD,SIMPLE_LAYOUT (auto NO_AD)
page_142,142,page_142_semantic_3.csv,SCORE_TIED_RECENCY,81.21,SIMPLE_LAYOUT,NO_AD,SIMPLE_LAYOUT (auto NO_AD)
page_143,143,page_143_semantic_2.csv,SCORE_TIED_RECENCY,80.97,COMPLEX_LAYOUT,NO_AD,COMPLEX_LAYOUT: NO_AD
page_144,144,page_144_semantic_3.csv,SCORE_TIED_RECENCY,75.62,COMPLEX_LAYOUT,PARTIAL_AD,COMPLEX_LAYOUT: PARTIAL_AD
page_145,145,page_145_semantic_3.csv,SCORE_TIED_RECENCY,74.57,COMPLEX_LAYOUT,PARTIAL_AD,COMPLEX_LAYOUT: PARTIAL_AD
page_146,146,page_146_semantic_3.csv,SCORE_TIED_RECENCY,78.78,COMPLEX_LAYOUT,PARTIAL_AD,COMPLEX_LAYOUT: PARTIAL_AD
page_147,147,page_147_semantic_3.csv,SCORE_TIED_RECENCY,79.24,COMPLEX_LAYOUT,PARTIAL_AD,COMPLEX_LAYOUT: PARTIAL_AD
page_148,148,page_148_semantic_3.csv,SCORE_TIED_RECENCY,74.89,COMPLEX_LAYOUT,PARTIAL_AD,COMPLEX_LAYOUT: PARTIAL_AD
page_149,149,page_149_semantic_3.csv,SCORE_TIED_RECENCY,77.05,COMPLEX_LAYOUT,PARTIAL_AD,COMPLEX_LAYOUT: PARTIAL_AD
page_150,150,page_150_semantic_3.csv,SCORE_TIED_RECENCY,75.36,COMPLEX_LAYOUT,PARTIAL_AD,COMPLEX_LAYOUT: PARTIAL_AD
page_151,151,page_151_semantic_2.csv,SCORE_CLEAR,75.68,COMPLEX_LAYOUT,PARTIAL_AD,COMPLEX_LAYOUT: PARTIAL_AD
page_152,152,page_152_semantic_3.csv,SCORE_CLEAR,79.0,COMPLEX_LAYOUT,PARTIAL_AD,COMPLEX_LAYOUT: PARTIAL_AD
page_153,153,page_153_semantic_2.csv,SCORE_TIED_RECENCY,76.05,COMPLEX_LAYOUT,PARTIAL_AD,COMPLEX_LAYOUT: PARTIAL_AD
page_154,154,page_154_semantic_2.csv,SCORE_TIED_RECENCY,76.74,COMPLEX_LAYOUT,PARTIAL_AD,COMPLEX_LAYOUT: PARTIAL_AD
page_155,155,page_155_semantic_2.csv,SCORE_TIED_RECENCY,78.58,COMPLEX_LAYOUT,PARTIAL_AD,COMPLEX_LAYOUT: PARTIAL_AD
page_156,156,page_156_semantic_3.csv,SCORE_TIED_RECENCY,81.78,COMPLEX_LAYOUT,NO_AD,COMPLEX_LAYOUT: NO_AD
page_157,157,page_157_semantic_2.csv,SCORE_TIED_RECENCY,79.74,COMPLEX_LAYOUT,NO_AD,COMPLEX_LAYOUT: NO_AD
page_158,158,page_158_semantic_3.csv,SCORE_TIED_RECENCY,72.76,COMPLEX_LAYOUT,PARTIAL_AD,COMPLEX_LAYOUT: PARTIAL_AD
page_159,159,page_159_semantic_2.csv,SCORE_TIED_RECENCY,79.31,COMPLEX_LAYOUT,PARTIAL_AD,COMPLEX_LAYOUT: PARTIAL_AD
page_160,160,page_160_semantic_2.csv,SCORE_TIED_RECENCY,76.51,COMPLEX_LAYOUT,PARTIAL_AD,COMPLEX_LAYOUT: PARTIAL_AD
page_162,162,page_162_semantic_3.csv,SCORE_TIED_RECENCY,77.18,COMPLEX_LAYOUT,PARTIAL_AD,COMPLEX_LAYOUT: PARTIAL_AD
page_163,163,page_163_semantic_2.csv,SCORE_CLEAR,75.55,COMPLEX_LAYOUT,NO_AD,COMPLEX_LAYOUT: NO_AD
page_164,164,page_164_semantic_3.csv,SCORE_TIED_RECENCY,78.99,COMPLEX_LAYOUT,PARTIAL_AD,COMPLEX_LAYOUT: PARTIAL_AD
page_165,165,page_165_semantic_3.csv,SCORE_TIED_RECENCY,80.17,COMPLEX_LAYOUT,PARTIAL_AD,COMPLEX_LAYOUT: PARTIAL_AD
page_166,166,page_166_semantic_3.csv,SCORE_TIED_RECENCY,77.06,COMPLEX_LAYOUT,PARTIAL_AD,COMPLEX_LAYOUT: PARTIAL_AD
page_167,167,page_167_semantic_1.csv,SCORE_CLEAR,81.56,COMPLEX_LAYOUT,PARTIAL_AD,COMPLEX_LAYOUT: PARTIAL_AD
page_168,168,page_168_semantic_2.csv,SCORE_TIED_RECENCY,77.44,COMPLEX_LAYOUT,PARTIAL_AD,COMPLEX_LAYOUT: PARTIAL_AD
page_169,169,page_169_semantic_2.csv,SCORE_TIED_RECENCY,77.21,COMPLEX_LAYOUT,PARTIAL_AD,COMPLEX_LAYOUT: PARTIAL_AD
page_171,171,page_171_semantic_3.csv,SCORE_TIED_RECENCY,76.04,COMPLEX_LAYOUT,PARTIAL_AD,COMPLEX_LAYOUT: PARTIAL_AD
page_172,172,page_172_semantic_2.csv,SCORE_CLEAR,76.07,COMPLEX_LAYOUT,PARTIAL_AD,COMPLEX_LAYOUT: PARTIAL_AD
page_173,173,page_173_semantic_3.csv,SCORE_TIED_RECENCY,74.76,COMPLEX_LAYOUT,PARTIAL_AD,COMPLEX_LAYOUT: PARTIAL_AD
page_174,174,page_174_semantic_2.csv,SCORE_TIED_RECENCY,79.01,COMPLEX_LAYOUT,PARTIAL_AD,COMPLEX_LAYOUT: PARTIAL_AD
page_175,175,page_175_semantic_2.csv,SCORE_TIED_RECENCY,78.59,COMPLEX_LAYOUT,PARTIAL_AD,COMPLEX_LAYOUT: PARTIAL_AD
page_176,176,page_176_semantic_3.csv,SCORE_TIED_RECENCY,76.99,COMPLEX_LAYOUT,PARTIAL_AD,COMPLEX_LAYOUT: PARTIAL_AD
page_177,177,page_177_semantic_3.csv,SCORE_TIED_RECENCY,75.26,COMPLEX_LAYOUT,PARTIAL_AD,COMPLEX_LAYOUT: PARTIAL_AD
page_178,178,page_178_semantic_2.csv,SCORE_TIED_RECENCY,80.02,COMPLEX_LAYOUT,PARTIAL_AD,COMPLEX_LAYOUT: PARTIAL_AD
page_179,179,page_179_semantic_3.csv,SCORE_TIED_RECENCY,78.91,COMPLEX_LAYOUT,PARTIAL_AD,COMPLEX_LAYOUT: PARTIAL_AD
page_180,180,page_180_semantic_3.csv,SCORE_TIED_RECENCY,79.35,COMPLEX_LAYOUT,PARTIAL_AD,COMPLEX_LAYOUT: PARTIAL_AD
page_181,181,page_181_semantic_3.csv,SCORE_CLEAR,75.91,COMPLEX_LAYOUT,PARTIAL_AD,COMPLEX_LAYOUT: PARTIAL_AD
page_182,182,page_182_semantic_3.csv,SCORE_TIED_RECENCY,74.59,COMPLEX_LAYOUT,NO_AD,COMPLEX_LAYOUT: NO_AD
page_183,183,page_183_semantic_2.csv,SCORE_TIED_RECENCY,76.6,COMPLEX_LAYOUT,PARTIAL_AD,COMPLEX_LAYOUT: PARTIAL_AD
page_184,184,page_184_semantic_2.csv,SCORE_TIED_RECENCY,79.19,COMPLEX_LAYOUT,PARTIAL_AD,COMPLEX_LAYOUT: PARTIAL_AD
page_185,185,page_185_semantic_2.csv,SCORE_TIED_RECENCY,77.7,COMPLEX_LAYOUT,PARTIAL_AD,COMPLEX_LAYOUT: PARTIAL_AD
page_186,186,page_186_semantic_3.csv,SCORE_TIED_RECENCY,74.07,COMPLEX_LAYOUT,PARTIAL_AD,COMPLEX_LAYOUT: PARTIAL_AD
page_187,187,page_187_semantic_3.csv,SCORE_TIED_RECENCY,76.85,COMPLEX_LAYOUT,PARTIAL_AD,COMPLEX_LAYOUT: PARTIAL_AD
page_188,188,page_188_semantic_3.csv,SCORE_TIED_RECENCY,79.0,COMPLEX_LAYOUT,PARTIAL_AD,COMPLEX_LAYOUT: PARTIAL_AD
page_189,189,page_189_semantic_3.csv,SCORE_TIED_RECENCY,76.68,COMPLEX_LAYOUT,PARTIAL_AD,COMPLEX_LAYOUT: PARTIAL_AD
page_190,190,page_190_semantic_2.csv,SCORE_TIED_RECENCY,77.75,COMPLEX_LAYOUT,PARTIAL_AD,COMPLEX_LAYOUT: PARTIAL_AD
page_191,191,page_191_semantic_2.csv,SCORE_TIED_RECENCY,78.3,COMPLEX_LAYOUT,PARTIAL_AD,COMPLEX_LAYOUT: PARTIAL_AD
page_192,192,page_192_semantic_3.csv,SCORE_TIED_RECENCY,73.59,COMPLEX_LAYOUT,PARTIAL_AD,COMPLEX_LAYOUT: PARTIAL_AD
page_193,193,page_193_semantic_3.csv,SCORE_TIED_RECENCY,73.92,COMPLEX_LAYOUT,PARTIAL_AD,COMPLEX_LAYOUT: PARTIAL_AD
page_194,194,page_194_semantic_3.csv,SCORE_TIED_RECENCY,79.02,COMPLEX_LAYOUT,PARTIAL_AD,COMPLEX_LAYOUT: PARTIAL_AD
page_195,195,page_195_semantic_2.csv,SCORE_TIED_RECENCY,78.42,COMPLEX_LAYOUT,PARTIAL_AD,COMPLEX_LAYOUT: PARTIAL_AD
page_196,196,page_196_semantic_3.csv,SCORE_TIED_RECENCY,74.86,COMPLEX_LAYOUT,PARTIAL_AD,COMPLEX_LAYOUT: PARTIAL_AD
page_197,197,page_197_semantic_3.csv,SCORE_TIED_RECENCY,74.29,COMPLEX_LAYOUT,OTHER_UNPARSED,COMPLEX_LAYOUT: OTHER_UNPARSED
page_198,198,page_198_semantic_2.csv,SCORE_TIED_RECENCY,78.04,COMPLEX_LAYOUT,PARTIAL_AD,COMPLEX_LAYOUT: PARTIAL_AD
page_199,199,page_199_semantic_2.csv,SCORE_TIED_RECENCY,79.2,COMPLEX_LAYOUT,PARTIAL_AD,COMPLEX_LAYOUT: PARTIAL_AD
page_200,200,page_200_semantic_3.csv,SCORE_CLEAR,76.69,COMPLEX_LAYOUT,NO_AD,COMPLEX_LAYOUT: NO_AD
page_201,201,page_201_semantic_2.csv,SCORE_TIED_RECENCY,79.32,COMPLEX_LAYOUT,PARTIAL_AD,COMPLEX_LAYOUT: PARTIAL_AD
page_202,202,page_202_semantic_2.csv,SCORE_CLEAR,75.9,COMPLEX_LAYOUT,PARTIAL_AD,COMPLEX_LAYOUT: PARTIAL_AD
page_203,203,page_203_semantic_2.csv,SCORE_TIED_RECENCY,79.61,SIMPLE_LAYOUT,NO_AD,SIMPLE_LAYOUT (auto NO_AD)
page_204,204,page_204_semantic_3.csv,SCORE_CLEAR,79.25,COMPLEX_LAYOUT,PARTIAL_AD,COMPLEX_LAYOUT: PARTIAL_AD
page_205,205,page_205_semantic_2.csv,SCORE_TIED_RECENCY,79.34,COMPLEX_LAYOUT,PARTIAL_AD,COMPLEX_LAYOUT: PARTIAL_AD
page_206,206,page_206_semantic_2.csv,SCORE_TIED_RECENCY,76.46,COMPLEX_LAYOUT,PARTIAL_AD,COMPLEX_LAYOUT: PARTIAL_AD
page_207,207,page_207_semantic_2.csv,SCORE_CLEAR,74.83,COMPLEX_LAYOUT,PARTIAL_AD,COMPLEX_LAYOUT: PARTIAL_AD
page_208,208,page_208_semantic_3.csv,SCORE_CLEAR,77.67,COMPLEX_LAYOUT,PARTIAL_AD,COMPLEX_LAYOUT: PARTIAL_AD
page_209,209,page_209_semantic_2.csv,SCORE_TIED_RECENCY,77.47,COMPLEX_LAYOUT,PARTIAL_AD,COMPLEX_LAYOUT: PARTIAL_AD
page_210,210,page_210_semantic_2.csv,SCORE_TIED_RECENCY,76.81,COMPLEX_LAYOUT,PARTIAL_AD,COMPLEX_LAYOUT: PARTIAL_AD
page_211,211,page_211_semantic_2.csv,SCORE_TIED_RECENCY,80.36,COMPLEX_LAYOUT,OTHER_UNPARSED,COMPLEX_LAYOUT: OTHER_UNPARSED
page_212,212,page_212_semantic_2.csv,SCORE_CLEAR,75.08,COMPLEX_LAYOUT,PARTIAL_AD,COMPLEX_LAYOUT: PARTIAL_AD
page_213,213,page_213_semantic_2.csv,SCORE_CLEAR,75.62,COMPLEX_LAYOUT,PARTIAL_AD,COMPLEX_LAYOUT: PARTIAL_AD
page_214,214,page_214_semantic_3.csv,SCORE_TIED_RECENCY,79.24,COMPLEX_LAYOUT,PARTIAL_AD,COMPLEX_LAYOUT: PARTIAL_AD
page_215,215,page_215_semantic_3.csv,SCORE_CLEAR,76.7,COMPLEX_LAYOUT,PARTIAL_AD,COMPLEX_LAYOUT: PARTIAL_AD
page_216,216,page_216_semantic_3.csv,SCORE_TIED_RECENCY,73.41,COMPLEX_LAYOUT,PARTIAL_AD,COMPLEX_LAYOUT: PARTIAL_AD
page_217,217,page_217_semantic_2.csv,SCORE_CLEAR,72.65,COMPLEX_LAYOUT,PARTIAL_AD,COMPLEX_LAYOUT: PARTIAL_AD
page_218,218,page_218_semantic_3.csv,SCORE_TIED_RECENCY,76.04,COMPLEX_LAYOUT,PARTIAL_AD,COMPLEX_LAYOUT: PARTIAL_AD
page_219,219,page_219_semantic_2.csv,SCORE_TIED_RECENCY,76.74,COMPLEX_LAYOUT,PARTIAL_AD,COMPLEX_LAYOUT: PARTIAL_AD
page_220,220,page_220_semantic_2.csv,SCORE_CLEAR,75.96,COMPLEX_LAYOUT,PARTIAL_AD,COMPLEX_LAYOUT: PARTIAL_AD
page_221,221,page_221_semantic_3.csv,SCORE_TIED_RECENCY,73.65,COMPLEX_LAYOUT,PARTIAL_AD,COMPLEX_LAYOUT: PARTIAL_AD
page_222,222,page_222_semantic_3.csv,SCORE_CLEAR,78.84,COMPLEX_LAYOUT,OTHER_UNPARSED,COMPLEX_LAYOUT: OTHER_UNPARSED
page_223,223,page_223_semantic_3.csv,SCORE_TIED_RECENCY,80.07,COMPLEX_LAYOUT,PARTIAL_AD,COMPLEX_LAYOUT: PARTIAL_AD
page_224,224,page_224_semantic_3.csv,SCORE_TIED_RECENCY,74.87,COMPLEX_LAYOUT,PARTIAL_AD,COMPLEX_LAYOUT: PARTIAL_AD
page_225,225,page_225_semantic_3.csv,SCORE_TIED_RECENCY,75.28,COMPLEX_LAYOUT,PARTIAL_AD,COMPLEX_LAYOUT: PARTIAL_AD
page_226,226,page_226_semantic_3.csv,SCORE_CLEAR,76.67,COMPLEX_LAYOUT,PARTIAL_AD,COMPLEX_LAYOUT: PARTIAL_AD
page_227,227,page_227_semantic_3.csv,SCORE_CLEAR,77.04,COMPLEX_LAYOUT,PARTIAL_AD,COMPLEX_LAYOUT: PARTIAL_AD
page_228,228,page_228_semantic_3.csv,SCORE_TIED_RECENCY,74.96,COMPLEX_LAYOUT,PARTIAL_AD,COMPLEX_LAYOUT: PARTIAL_AD
page_229,229,page_229_semantic_2.csv,SCORE_TIED_RECENCY,75.17,COMPLEX_LAYOUT,PARTIAL_AD,COMPLEX_LAYOUT: PARTIAL_AD
page_230,230,page_230_semantic_3.csv,SCORE_TIED_RECENCY,74.39,COMPLEX_LAYOUT,PARTIAL_AD,COMPLEX_LAYOUT: PARTIAL_AD
page_231,231,page_231_semantic_2.csv,SCORE_CLEAR,76.18,COMPLEX_LAYOUT,PARTIAL_AD,COMPLEX_LAYOUT: PARTIAL_AD
page_232,232,page_232_semantic_3.csv,SCORE_TIED_RECENCY,81.34,COMPLEX_LAYOUT,PARTIAL_AD,COMPLEX_LAYOUT: PARTIAL_AD
page_233,233,page_233_semantic_3.csv,SCORE_TIED_RECENCY,79.26,COMPLEX_LAYOUT,PARTIAL_AD,COMPLEX_LAYOUT: PARTIAL_AD
page_234,234,page_234_semantic_2.csv,SCORE_TIED_RECENCY,75.55,COMPLEX_LAYOUT,PARTIAL_AD,COMPLEX_LAYOUT: PARTIAL_AD
page_235,235,page_235_semantic_3.csv,SCORE_TIED_RECENCY,75.13,COMPLEX_LAYOUT,PARTIAL_AD,COMPLEX_LAYOUT: PARTIAL_AD
page_236,236,page_236_semantic_3.csv,SCORE_CLEAR,79.37,COMPLEX_LAYOUT,PARTIAL_AD,COMPLEX_LAYOUT: PARTIAL_AD
page_237,237,page_237_semantic_2.csv,SCORE_TIED_RECENCY,80.44,COMPLEX_LAYOUT,PARTIAL_AD,COMPLEX_LAYOUT: PARTIAL_AD
page_238,238,page_238_semantic_3.csv,SCORE_TIED_RECENCY,75.0,COMPLEX_LAYOUT,PARTIAL_AD,COMPLEX_LAYOUT: PARTIAL_AD
page_239,239,page_239_semantic_3.csv,SCORE_TIED_RECENCY,74.32,COMPLEX_LAYOUT,PARTIAL_AD,COMPLEX_LAYOUT: PARTIAL_AD
page_240,240,page_240_semantic_3.csv,SCORE_TIED_RECENCY,80.81,COMPLEX_LAYOUT,PARTIAL_AD,COMPLEX_LAYOUT: PARTIAL_AD
page_241,241,page_241_semantic_3.csv,SCORE_CLEAR,79.52,COMPLEX_LAYOUT,PARTIAL_AD,COMPLEX_LAYOUT: PARTIAL_AD
page_242,242,page_242_semantic_3.csv,SCORE_TIED_RECENCY,78.72,COMPLEX_LAYOUT,PARTIAL_AD,COMPLEX_LAYOUT: PARTIAL_AD
page_243,243,page_243_semantic_2.csv,SCORE_TIED_RECENCY,75.4,COMPLEX_LAYOUT,OTHER_UNPARSED,COMPLEX_LAYOUT: OTHER_UNPARSED
page_244,244,page_244_semantic_2.csv,SCORE_TIED_RECENCY,77.59,COMPLEX_LAYOUT,PARTIAL_AD,COMPLEX_LAYOUT: PARTIAL_AD
page_245,245,page_245_semantic_3.csv,SCORE_TIED_RECENCY,76.75,COMPLEX_LAYOUT,PARTIAL_AD,COMPLEX_LAYOUT: PARTIAL_AD
page_246,246,page_246_semantic_3.csv,SCORE_TIED_RECENCY,76.55,COMPLEX_LAYOUT,PARTIAL_AD,COMPLEX_LAYOUT: PARTIAL_AD
page_247,247,page_247_semantic_3.csv,SCORE_TIED_RECENCY,76.62,COMPLEX_LAYOUT,PARTIAL_AD,COMPLEX_LAYOUT: PARTIAL_AD
page_248,248,page_248_semantic_2.csv,SCORE_TIED_RECENCY,79.96,COMPLEX_LAYOUT,NO_AD,COMPLEX_LAYOUT: NO_AD
page_249,249,page_249_semantic_3.csv,SCORE_CLEAR,78.56,COMPLEX_LAYOUT,PARTIAL_AD,COMPLEX_LAYOUT: PARTIAL_AD
page_250,250,page_250_semantic_2.csv,SCORE_TIED_RECENCY,77.53,COMPLEX_LAYOUT,PARTIAL_AD,COMPLEX_LAYOUT: PARTIAL_AD
page_251,251,page_251_semantic_3.csv,SCORE_CLEAR,78.64,COMPLEX_LAYOUT,PARTIAL_AD,COMPLEX_LAYOUT: PARTIAL_AD
page_252,252,page_252_semantic_2.csv,SCORE_TIED_RECENCY,76.02,COMPLEX_LAYOUT,PARTIAL_AD,COMPLEX_LAYOUT: PARTIAL_AD
page_253,253,page_253_semantic_2.csv,SCORE_TIED_RECENCY,76.91,COMPLEX_LAYOUT,PARTIAL_AD,COMPLEX_LAYOUT: PARTIAL_AD
page_254,254,page_254_semantic_3.csv,SCORE_CLEAR,77.86,COMPLEX_LAYOUT,PARTIAL_AD,COMPLEX_LAYOUT: PARTIAL_AD
page_255,255,page_255_semantic_2.csv,SCORE_TIED_RECENCY,77.24,COMPLEX_LAYOUT,PARTIAL_AD,COMPLEX_LAYOUT: PARTIAL_AD
page_256,256,page_256_semantic_2.csv,SCORE_TIED_RECENCY,76.51,COMPLEX_LAYOUT,NO_AD,COMPLEX_LAYOUT: NO_AD
page_257,257,page_257_semantic_3.csv,SCORE_TIED_RECENCY,74.95,COMPLEX_LAYOUT,PARTIAL_AD,COMPLEX_LAYOUT: PARTIAL_AD
page_258,258,page_258_semantic_3.csv,SCORE_CLEAR,78.98,COMPLEX_LAYOUT,PARTIAL_AD,COMPLEX_LAYOUT: PARTIAL_AD
page_259,259,page_259_semantic_3.csv,SCORE_TIED_RECENCY,78.75,COMPLEX_LAYOUT,PARTIAL_AD,COMPLEX_LAYOUT: PARTIAL_AD
page_260,260,page_260_semantic_3.csv,SCORE_TIED_RECENCY,78.17,COMPLEX_LAYOUT,PARTIAL_AD,COMPLEX_LAYOUT: PARTIAL_AD
page_261,261,page_261_semantic_2.csv,SCORE_CLEAR,76.62,COMPLEX_LAYOUT,NO_AD,COMPLEX_LAYOUT: NO_AD
page_262,262,page_262_semantic_3.csv,SCORE_TIED_RECENCY,80.97,COMPLEX_LAYOUT,PARTIAL_AD,COMPLEX_LAYOUT: PARTIAL_AD
page_263,263,page_263_semantic_3.csv,SCORE_TIED_RECENCY,79.45,COMPLEX_LAYOUT,,COMPLEX_LAYOUT: OTHER_UNPARSED
page_264,264,page_264_semantic_3.csv,SCORE_TIED_RECENCY,74.01,COMPLEX_LAYOUT,PARTIAL_AD,COMPLEX_LAYOUT: PARTIAL_AD
page_265,265,page_265_semantic_3.csv,SCORE_TIED_RECENCY,78.23,SIMPLE_LAYOUT,NO_AD,SIMPLE_LAYOUT (auto NO_AD)
page_266,266,page_266_semantic_3.csv,SCORE_TIED_RECENCY,79.04,COMPLEX_LAYOUT,PARTIAL_AD,COMPLEX_LAYOUT: PARTIAL_AD
page_267,267,page_267_semantic_3.csv,SCORE_TIED_RECENCY,81.07,COMPLEX_LAYOUT,PARTIAL_AD,COMPLEX_LAYOUT: PARTIAL_AD
page_268,268,page_268_semantic_2.csv,SCORE_CLEAR,74.21,COMPLEX_LAYOUT,PARTIAL_AD,COMPLEX_LAYOUT: PARTIAL_AD
page_269,269,page_269_semantic_3.csv,SCORE_TIED_RECENCY,75.86,COMPLEX_LAYOUT,PARTIAL_AD,COMPLEX_LAYOUT: PARTIAL_AD
page_270,270,page_270_semantic_2.csv,SCORE_CLEAR,74.71,COMPLEX_LAYOUT,PARTIAL_AD,COMPLEX_LAYOUT: PARTIAL_AD
page_271,271,page_271_semantic_2.csv,SCORE_CLEAR,73.46,COMPLEX_LAYOUT,PARTIAL_AD,COMPLEX_LAYOUT: PARTIAL_AD
page_272,272,page_272_semantic_2.csv,SCORE_TIED_RECENCY,77.94,COMPLEX_LAYOUT,PARTIAL_AD,COMPLEX_LAYOUT: PARTIAL_AD
page_273,273,page_273_semantic_3.csv,SCORE_CLEAR,80.42,COMPLEX_LAYOUT,PARTIAL_AD,COMPLEX_LAYOUT: PARTIAL_AD
page_274,274,page_274_semantic_3.csv,SCORE_TIED_RECENCY,77.72,COMPLEX_LAYOUT,PARTIAL_AD,COMPLEX_LAYOUT: PARTIAL_AD
page_275,275,page_275_semantic_3.csv,SCORE_TIED_RECENCY,74.65,COMPLEX_LAYOUT,PARTIAL_AD,COMPLEX_LAYOUT: PARTIAL_AD
page_276,276,page_276_semantic_2.csv,SCORE_TIED_RECENCY,79.23,COMPLEX_LAYOUT,PARTIAL_AD,COMPLEX_LAYOUT: PARTIAL_AD
page_277,277,page_277_semantic_2.csv,SCORE_TIED_RECENCY,80.26,COMPLEX_LAYOUT,PARTIAL_AD,COMPLEX_LAYOUT: PARTIAL_AD
page_278,278,page_278_semantic_3.csv,SCORE_TIED_RECENCY,77.78,COMPLEX_LAYOUT,PARTIAL_AD,COMPLEX_LAYOUT: PARTIAL_AD
page_279,279,page_279_semantic_3.csv,SCORE_TIED_RECENCY,76.73,COMPLEX_LAYOUT,PARTIAL_AD,COMPLEX_LAYOUT: PARTIAL_AD
page_280,280,page_280_semantic_2.csv,SCORE_CLEAR,76.9,COMPLEX_LAYOUT,PARTIAL_AD,COMPLEX_LAYOUT: PARTIAL_AD
page_281,281,page_281_semantic_3.csv,SCORE_TIED_RECENCY,75.08,COMPLEX_LAYOUT,PARTIAL_AD,COMPLEX_LAYOUT: PARTIAL_AD
page_282,282,page_282_semantic_2.csv,SCORE_TIED_RECENCY,79.4,COMPLEX_LAYOUT,PARTIAL_AD,COMPLEX_LAYOUT: PARTIAL_AD
page_283,283,page_283_semantic_2.csv,SCORE_TIED_RECENCY,78.45,COMPLEX_LAYOUT,PARTIAL_AD,COMPLEX_LAYOUT: PARTIAL_AD
page_284,284,page_284_semantic_3.csv,SCORE_TIED_RECENCY,77.42,COMPLEX_LAYOUT,PARTIAL_AD,COMPLEX_LAYOUT: PARTIAL_AD
page_285,285,page_285_semantic_2.csv,SCORE_CLEAR,79.54,COMPLEX_LAYOUT,NO_AD,COMPLEX_LAYOUT: NO_AD
page_286,286,page_286_semantic_3.csv,SCORE_TIED_RECENCY,82.95,COMPLEX_LAYOUT,NO_AD,COMPLEX_LAYOUT: NO_AD
page_287,287,page_287_semantic_3.csv,SCORE_CLEAR,81.76,SIMPLE_LAYOUT,NO_AD,SIMPLE_LAYOUT (auto NO_AD)
page_288,288,page_288_semantic_3.csv,SCORE_TIED_RECENCY,79.1,COMPLEX_LAYOUT,PARTIAL_AD,COMPLEX_LAYOUT: PARTIAL_AD
page_289,289,page_289_semantic_2.csv,SCORE_CLEAR,75.67,COMPLEX_LAYOUT,PARTIAL_AD,COMPLEX_LAYOUT: PARTIAL_AD
page_290,290,page_290_semantic_2.csv,SCORE_CLEAR,74.83,COMPLEX_LAYOUT,PARTIAL_AD,COMPLEX_LAYOUT: PARTIAL_AD
page_291,291,page_291_semantic_2.csv,SCORE_CLEAR,74.77,COMPLEX_LAYOUT,PARTIAL_AD,COMPLEX_LAYOUT: PARTIAL_AD
page_292,292,page_292_semantic_3.csv,SCORE_CLEAR,77.03,COMPLEX_LAYOUT,OTHER_UNPARSED,COMPLEX_LAYOUT: OTHER_UNPARSED
page_293,293,page_293_semantic_2.csv,SCORE_TIED_RECENCY,80.4,COMPLEX_LAYOUT,PARTIAL_AD,COMPLEX_LAYOUT: PARTIAL_AD
page_294,294,page_294_semantic_3.csv,SCORE_TIED_RECENCY,76.78,COMPLEX_LAYOUT,PARTIAL_AD,COMPLEX_LAYOUT: PARTIAL_AD
page_295,295,page_295_semantic_3.csv,SCORE_TIED_RECENCY,73.24,COMPLEX_LAYOUT,PARTIAL_AD,COMPLEX_LAYOUT: PARTIAL_AD
page_296,296,page_296_semantic_3.csv,SCORE_CLEAR,79.22,COMPLEX_LAYOUT,PARTIAL_AD,COMPLEX_LAYOUT: PARTIAL_AD
page_297,297,page_297_semantic_3.csv,SCORE_TIED_RECENCY,80.88,COMPLEX_LAYOUT,PARTIAL_AD,COMPLEX_LAYOUT: PARTIAL_AD
page_298,298,page_298_semantic_3.csv,SCORE_TIED_RECENCY,76.81,COMPLEX_LAYOUT,PARTIAL_AD,COMPLEX_LAYOUT: PARTIAL_AD
page_299,299,page_299_semantic_3.csv,SCORE_TIED_RECENCY,75.11,COMPLEX_LAYOUT,OTHER_UNPARSED,COMPLEX_LAYOUT: OTHER_UNPARSED
page_300,300,page_300_semantic_2.csv,SCORE_CLEAR,76.87,COMPLEX_LAYOUT,PARTIAL_AD,COMPLEX_LAYOUT: PARTIAL_AD
page_301,301,page_301_semantic_2.csv,SCORE_CLEAR,73.96,COMPLEX_LAYOUT,PARTIAL_AD,COMPLEX_LAYOUT: PARTIAL_AD
page_302,302,page_302_semantic_2.csv,SCORE_TIED_RECENCY,79.32,COMPLEX_LAYOUT,PARTIAL_AD,COMPLEX_LAYOUT: PARTIAL_AD
page_303,303,page_303_semantic_3.csv,SCORE_TIED_RECENCY,76.36,COMPLEX_LAYOUT,PARTIAL_AD,COMPLEX_LAYOUT: PARTIAL_AD
page_304,304,page_304_semantic_3.csv,SCORE_TIED_RECENCY,72.87,COMPLEX_LAYOUT,PARTIAL_AD,COMPLEX_LAYOUT: PARTIAL_AD
page_305,305,page_305_semantic_2.csv,SCORE_CLEAR,73.47,COMPLEX_LAYOUT,PARTIAL_AD,COMPLEX_LAYOUT: PARTIAL_AD
page_306,306,page_306_semantic_3.csv,SCORE_CLEAR,76.92,COMPLEX_LAYOUT,PARTIAL_AD,COMPLEX_LAYOUT: PARTIAL_AD
page_307,307,page_307_semantic_2.csv,SCORE_TIED_RECENCY,80.93,COMPLEX_LAYOUT,PARTIAL_AD,COMPLEX_LAYOUT: PARTIAL_AD
page_308,308,page_308_semantic_2.csv,SCORE_CLEAR,78.2,COMPLEX_LAYOUT,PARTIAL_AD,COMPLEX_LAYOUT: PARTIAL_AD
page_309,309,page_309_semantic_2.csv,SCORE_TIED_RECENCY,76.41,COMPLEX_LAYOUT,PARTIAL_AD,COMPLEX_LAYOUT: PARTIAL_AD
page_310,310,page_310_semantic_2.csv,SCORE_CLEAR,71.94,COMPLEX_LAYOUT,PARTIAL_AD,COMPLEX_LAYOUT: PARTIAL_AD
page_311,311,page_311_semantic_2.csv,SCORE_CLEAR,75.28,COMPLEX_LAYOUT,PARTIAL_AD,COMPLEX_LAYOUT: PARTIAL_AD
page_312,312,page_312_semantic_3.csv,SCORE_TIED_RECENCY,79.12,COMPLEX_LAYOUT,PARTIAL_AD,COMPLEX_LAYOUT: PARTIAL_AD
page_313,313,page_313_semantic_2.csv,SCORE_TIED_RECENCY,77.9,COMPLEX_LAYOUT,PARTIAL_AD,COMPLEX_LAYOUT: PARTIAL_AD
page_314,314,page_314_semantic_3.csv,SCORE_TIED_RECENCY,73.21,COMPLEX_LAYOUT,PARTIAL_AD,COMPLEX_LAYOUT: PARTIAL_AD
page_315,315,page_315_semantic_3.csv,SCORE_TIED_RECENCY,74.46,COMPLEX_LAYOUT,PARTIAL_AD,COMPLEX_LAYOUT: PARTIAL_AD
page_316,316,page_316_semantic_3.csv,SCORE_CLEAR,77.92,COMPLEX_LAYOUT,PARTIAL_AD,COMPLEX_LAYOUT: PARTIAL_AD
page_317,317,page_317_semantic_2.csv,SCORE_TIED_RECENCY,79.64,SIMPLE_LAYOUT,NO_AD,SIMPLE_LAYOUT (auto NO_AD)
page_318,318,page_318_semantic_3.csv,SCORE_TIED_RECENCY,75.11,COMPLEX_LAYOUT,OTHER_UNPARSED,COMPLEX_LAYOUT: OTHER_UNPARSED
page_319,319,page_319_semantic_3.csv,SCORE_TIED_RECENCY,70.97,COMPLEX_LAYOUT,FULL_AD,FULL_AD (hardcoded)
page_320,320,page_320_semantic_2.csv,SCORE_TIED_RECENCY,73.64,,,FULL_AD (hardcoded)
page_321,321,page_321_semantic_2.csv,SCORE_TIED_RECENCY,74.57,COMPLEX_LAYOUT,FULL_AD,FULL_AD (hardcoded)
page_322,322,page_322_semantic_3.csv,SCORE_TIED_RECENCY,71.94,COMPLEX_LAYOUT,FULL_AD,FULL_AD (hardcoded)
page_323,323,page_323_semantic_3.csv,SCORE_TIED_RECENCY,77.74,COMPLEX_LAYOUT,FULL_AD,FULL_AD (hardcoded)
page_324,324,page_324_semantic_3.csv,SCORE_CLEAR,76.16,COMPLEX_LAYOUT,FULL_AD,FULL_AD (hardcoded)
page_325,325,page_325_semantic_3.csv,SCORE_TIED_RECENCY,76.62,COMPLEX_LAYOUT,FULL_AD,FULL_AD (hardcoded)
page_326,326,page_326_semantic_2.csv,SCORE_CLEAR,68.97,COMPLEX_LAYOUT,FULL_AD,FULL_AD (hardcoded)
page_327,327,page_327_semantic_3.csv,SCORE_TIED_RECENCY,73.97,COMPLEX_LAYOUT,FULL_AD,FULL_AD (hardcoded)
page_328,328,page_328_semantic_2.csv,SCORE_TIED_RECENCY,76.3,COMPLEX_LAYOUT,FULL_AD,FULL_AD (hardcoded)
page_329,329,page_329_semantic_3.csv,SCORE_TIED_RECENCY,77.34,COMPLEX_LAYOUT,FULL_AD,FULL_AD (hardcoded)
page_331,331,page_331_semantic_3.csv,SCORE_CLEAR,73.75,SIMPLE_LAYOUT,FULL_AD,FULL_AD (hardcoded)
page_332,332,page_332_semantic_3.csv,SCORE_TIED_RECENCY,72.29,COMPLEX_LAYOUT,OTHER_UNPARSED,COMPLEX_LAYOUT: OTHER_UNPARSED
page_333,333,page_333_semantic_2.csv,SCORE_CLEAR,74.69,COMPLEX_LAYOUT,PARTIAL_AD,COMPLEX_LAYOUT: PARTIAL_AD
page_334,334,page_334_semantic_2.csv,SCORE_TIED_RECENCY,78.25,COMPLEX_LAYOUT,PARTIAL_AD,COMPLEX_LAYOUT: PARTIAL_AD
page_335,335,page_335_semantic_2.csv,SCORE_TIED_RECENCY,77.68,COMPLEX_LAYOUT,PARTIAL_AD,COMPLEX_LAYOUT: PARTIAL_AD
page_336,336,page_336_semantic_3.csv,SCORE_TIED_RECENCY,73.85,COMPLEX_LAYOUT,PARTIAL_AD,COMPLEX_LAYOUT: PARTIAL_AD
page_337,337,page_337_semantic_3.csv,SCORE_TIED_RECENCY,72.31,COMPLEX_LAYOUT,PARTIAL_AD,COMPLEX_LAYOUT: PARTIAL_AD
page_338,338,page_338_semantic_2.csv,SCORE_TIED_RECENCY,77.58,COMPLEX_LAYOUT,PARTIAL_AD,COMPLEX_LAYOUT: PARTIAL_AD
page_339,339,page_339_semantic_2.csv,SCORE_TIED_RECENCY,77.84,SIMPLE_LAYOUT,NO_AD,SIMPLE_LAYOUT (auto NO_AD)
page_340,340,page_340_semantic_3.csv,SCORE_TIED_RECENCY,74.06,SIMPLE_LAYOUT,NO_AD,SIMPLE_LAYOUT (auto NO_AD)
page_342,342,page_342_semantic_2.csv,SCORE_TIED_RECENCY,77.56,COMPLEX_LAYOUT,PARTIAL_AD,COMPLEX_LAYOUT: PARTIAL_AD
page_343,343,page_343_semantic_2.csv,SCORE_TIED_RECENCY,79.42,COMPLEX_LAYOUT,PARTIAL_AD,COMPLEX_LAYOUT: PARTIAL_AD
page_344,344,page_344_semantic_3.csv,SCORE_TIED_RECENCY,76.19,SIMPLE_LAYOUT,NO_AD,SIMPLE_LAYOUT (auto NO_AD)
page_345,345,page_345_semantic_3.csv,SCORE_TIED_RECENCY,76.62,COMPLEX_LAYOUT,OTHER_UNPARSED,COMPLEX_LAYOUT: OTHER_UNPARSED
page_346,346,page_346_semantic_2.csv,SCORE_TIED_RECENCY,79.24,SIMPLE_LAYOUT,NO_AD,SIMPLE_LAYOUT (auto NO_AD)
page_347,347,page_347_semantic_2.csv,SCORE_TIED_RECENCY,79.05,COMPLEX_LAYOUT,PARTIAL_AD,COMPLEX_LAYOUT: PARTIAL_AD
page_348,348,page_348_semantic_3.csv,SCORE_TIED_RECENCY,70.04,SIMPLE_LAYOUT,NO_AD,SIMPLE_LAYOUT (auto NO_AD)
page_350,350,page_350_semantic_3.csv,SCORE_TIED_RECENCY,75.87,SIMPLE_LAYOUT,NO_AD,SIMPLE_LAYOUT (auto NO_AD)
page_351,351,page_351_semantic_3.csv,SCORE_TIED_RECENCY,75.43,SIMPLE_LAYOUT,NO_AD,SIMPLE_LAYOUT (auto NO_AD)
page_352,352,page_352_semantic_2.csv,SCORE_TIED_RECENCY,77.27,COMPLEX_LAYOUT,PARTIAL_AD,COMPLEX_LAYOUT: PARTIAL_AD
page_353,353,page_353_semantic_3.csv,SCORE_TIED_RECENCY,78.54,SIMPLE_LAYOUT,NO_AD,SIMPLE_LAYOUT (auto NO_AD)
page_354,354,page_354_semantic_2.csv,SCORE_CLEAR,74.53,COMPLEX_LAYOUT,PARTIAL_AD,COMPLEX_LAYOUT: PARTIAL_AD
page_355,355,page_355_semantic_2.csv,SCORE_CLEAR,75.62,COMPLEX_LAYOUT,PARTIAL_AD,COMPLEX_LAYOUT: PARTIAL_AD
page_356,356,page_356_semantic_2.csv,SCORE_TIED_RECENCY,78.46,COMPLEX_LAYOUT,PARTIAL_AD,COMPLEX_LAYOUT: PARTIAL_AD
page_357,357,page_357_semantic_3.csv,SCORE_TIED_RECENCY,77.35,COMPLEX_LAYOUT,OTHER_UNPARSED,COMPLEX_LAYOUT: OTHER_UNPARSED
page_358,358,page_358_semantic_2.csv,SCORE_CLEAR,77.5,COMPLEX_LAYOUT,PARTIAL_AD,COMPLEX_LAYOUT: PARTIAL_AD
page_359,359,page_359_semantic_3.csv,SCORE_TIED_RECENCY,75.03,COMPLEX_LAYOUT,PARTIAL_AD,COMPLEX_LAYOUT: PARTIAL_AD
page_360,360,page_360_semantic_2.csv,SCORE_TIED_RECENCY,77.93,SIMPLE_LAYOUT,NO_AD,SIMPLE_LAYOUT (auto NO_AD)
page_361,361,page_361_semantic_2.csv,SCORE_TIED_RECENCY,79.96,SIMPLE_LAYOUT,NO_AD,SIMPLE_LAYOUT (auto NO_AD)
page_362,362,page_362_semantic_3.csv,SCORE_TIED_RECENCY,74.9,COMPLEX_LAYOUT,PARTIAL_AD,COMPLEX_LAYOUT: PARTIAL_AD
page_363,363,page_363_semantic_3.csv,SCORE_TIED_RECENCY,74.87,SIMPLE_LAYOUT,NO_AD,SIMPLE_LAYOUT (auto NO_AD)
page_364,364,page_364_semantic_3.csv,SCORE_CLEAR,79.27,COMPLEX_LAYOUT,NO_AD,COMPLEX_LAYOUT: NO_AD
page_365,365,page_365_semantic_3.csv,SCORE_CLEAR,78.92,COMPLEX_LAYOUT,PARTIAL_AD,COMPLEX_LAYOUT: PARTIAL_AD
page_366,366,page_366_semantic_3.csv,SCORE_TIED_RECENCY,75.31,COMPLEX_LAYOUT,OTHER_UNPARSED,COMPLEX_LAYOUT: OTHER_UNPARSED
page_367,367,page_367_semantic_1.csv,SCORE_CLEAR,74.73,,,SIMPLE_LAYOUT (auto NO_AD)
page_368,368,page_368_semantic_3.csv,SCORE_TIED_RECENCY,79.56,COMPLEX_LAYOUT,PARTIAL_AD,COMPLEX_LAYOUT: PARTIAL_AD
page_369,369,page_369_semantic_2.csv,SCORE_TIED_RECENCY,79.0,SIMPLE_LAYOUT,NO_AD,SIMPLE_LAYOUT (auto NO_AD)
page_370,370,page_370_semantic_2.csv,SCORE_TIED_RECENCY,78.44,COMPLEX_LAYOUT,PARTIAL_AD,COMPLEX_LAYOUT: PARTIAL_AD
page_371,371,page_371_semantic_3.csv,SCORE_TIED_RECENCY,78.51,SIMPLE_LAYOUT,NO_AD,SIMPLE_LAYOUT (auto NO_AD)
page_372,372,page_372_semantic_2.csv,SCORE_CLEAR,74.96,SIMPLE_LAYOUT,NO_AD,SIMPLE_LAYOUT (auto NO_AD)
page_373,373,page_373_semantic_1.csv,SINGLE,76.95,COMPLEX_LAYOUT,PARTIAL_AD,COMPLEX_LAYOUT: PARTIAL_AD
page_374,374,page_374_semantic_3.csv,SCORE_CLEAR,79.31,COMPLEX_LAYOUT,PARTIAL_AD,COMPLEX_LAYOUT: PARTIAL_AD
page_375,375,page_375_semantic_3.csv,SCORE_CLEAR,79.58,SIMPLE_LAYOUT,NO_AD,SIMPLE_LAYOUT (auto NO_AD)
page_376,376,page_376_semantic_2.csv,SCORE_CLEAR,74.66,COMPLEX_LAYOUT,NO_AD,COMPLEX_LAYOUT: NO_AD
page_377,377,page_377_semantic_2.csv,SCORE_CLEAR,75.91,COMPLEX_LAYOUT,PARTIAL_AD,COMPLEX_LAYOUT: PARTIAL_AD
page_378,378,page_378_semantic_3.csv,SCORE_CLEAR,79.56,COMPLEX_LAYOUT,PARTIAL_AD,COMPLEX_LAYOUT: PARTIAL_AD
page_379,379,page_379_semantic_3.csv,SCORE_CLEAR,79.81,COMPLEX_LAYOUT,NO_AD,COMPLEX_LAYOUT: NO_AD
page_380,380,page_380_semantic_3.csv,SCORE_CLEAR,79.49,SIMPLE_LAYOUT,NO_AD,SIMPLE_LAYOUT (auto NO_AD)
page_381,381,page_381_semantic_3.csv,SCORE_CLEAR,79.15,COMPLEX_LAYOUT,OTHER_UNPARSED,COMPLEX_LAYOUT: OTHER_UNPARSED
page_382,382,page_382_semantic_2.csv,SCORE_CLEAR,76.11,COMPLEX_LAYOUT,PARTIAL_AD,COMPLEX_LAYOUT: PARTIAL_AD
page_383,383,page_383_semantic_1.csv,SCORE_CLEAR,75.76,,,SIMPLE_LAYOUT (auto NO_AD)
page_384,384,page_384_semantic_3.csv,SCORE_CLEAR,78.56,SIMPLE_LAYOUT,NO_AD,SIMPLE_LAYOUT (auto NO_AD)
page_385,385,page_385_semantic_3.csv,SCORE_CLEAR,77.49,SIMPLE_LAYOUT,NO_AD,SIMPLE_LAYOUT (auto NO_AD)
page_386,386,page_386_semantic_2.csv,SCORE_CLEAR,74.57,COMPLEX_LAYOUT,PARTIAL_AD,COMPLEX_LAYOUT: PARTIAL_AD
page_387,387,page_387_semantic_2.csv,SCORE_CLEAR,73.62,COMPLEX_LAYOUT,PARTIAL_AD,COMPLEX_LAYOUT: PARTIAL_AD
page_388,388,page_388_semantic_3.csv,SCORE_CLEAR,79.63,COMPLEX_LAYOUT,PARTIAL_AD,COMPLEX_LAYOUT: PARTIAL_AD
page_389,389,page_389_semantic_2.csv,SCORE_TIED_RECENCY,79.39,COMPLEX_LAYOUT,NO_AD,COMPLEX_LAYOUT: NO_AD
page_390,390,page_390_semantic_3.csv,SCORE_CLEAR,78.12,COMPLEX_LAYOUT,PARTIAL_AD,COMPLEX_LAYOUT: PARTIAL_AD
page_391,391,page_391_semantic_2.csv,SCORE_TIED_RECENCY,78.32,COMPLEX_LAYOUT,PARTIAL_AD,COMPLEX_LAYOUT: PARTIAL_AD
page_392,392,page_392_semantic_3.csv,SCORE_TIED_RECENCY,74.71,SIMPLE_LAYOUT,NO_AD,SIMPLE_LAYOUT (auto NO_AD)
page_393,393,page_393_semantic_2.csv,SCORE_CLEAR,74.47,COMPLEX_LAYOUT,PARTIAL_AD,COMPLEX_LAYOUT: PARTIAL_AD
page_394,394,page_394_semantic_3.csv,SCORE_CLEAR,78.19,SIMPLE_LAYOUT,NO_AD,SIMPLE_LAYOUT (auto NO_AD)
page_395,395,page_395_semantic_2.csv,SCORE_TIED_RECENCY,78.16,COMPLEX_LAYOUT,NO_AD,COMPLEX_LAYOUT: NO_AD
page_396,396,page_396_semantic_3.csv,SCORE_TIED_RECENCY,76.52,SIMPLE_LAYOUT,NO_AD,SIMPLE_LAYOUT (auto NO_AD)
page_397,397,page_397_semantic_2.csv,SCORE_CLEAR,73.42,COMPLEX_LAYOUT,PARTIAL_AD,COMPLEX_LAYOUT: PARTIAL_AD
page_398,398,page_398_semantic_3.csv,SCORE_CLEAR,77.8,SIMPLE_LAYOUT,NO_AD,SIMPLE_LAYOUT (auto NO_AD)
page_399,399,page_399_semantic_2.csv,SCORE_TIED_RECENCY,78.53,SIMPLE_LAYOUT,NO_AD,SIMPLE_LAYOUT (auto NO_AD)
page_400,400,page_400_semantic_2.csv,SCORE_CLEAR,74.86,COMPLEX_LAYOUT,PARTIAL_AD,COMPLEX_LAYOUT: PARTIAL_AD
page_401,401,page_401_semantic_3.csv,SCORE_TIED_RECENCY,74.82,COMPLEX_LAYOUT,OTHER_UNPARSED,COMPLEX_LAYOUT: OTHER_UNPARSED
page_402,402,page_402_semantic_3.csv,SCORE_CLEAR,78.17,COMPLEX_LAYOUT,PARTIAL_AD,COMPLEX_LAYOUT: PARTIAL_AD
page_403,403,page_403_semantic_3.csv,SCORE_CLEAR,78.59,SIMPLE_LAYOUT,NO_AD,SIMPLE_LAYOUT (auto NO_AD)
page_404,404,page_404_semantic_2.csv,SCORE_CLEAR,75.52,COMPLEX_LAYOUT,PARTIAL_AD,COMPLEX_LAYOUT: PARTIAL_AD
page_405,405,page_405_semantic_2.csv,SCORE_CLEAR,75.03,COMPLEX_LAYOUT,PARTIAL_AD,COMPLEX_LAYOUT: PARTIAL_AD
page_406,406,page_406_semantic_3.csv,SCORE_TIED_RECENCY,76.75,COMPLEX_LAYOUT,PARTIAL_AD,COMPLEX_LAYOUT: PARTIAL_AD
page_407,407,page_407_semantic_2.csv,SCORE_TIED_RECENCY,77.11,COMPLEX_LAYOUT,OTHER_UNPARSED,COMPLEX_LAYOUT: OTHER_UNPARSED
page_408,408,page_408_semantic_3.csv,SCORE_TIED_RECENCY,74.21,COMPLEX_LAYOUT,PARTIAL_AD,COMPLEX_LAYOUT: PARTIAL_AD
page_409,409,page_409_semantic_2.csv,SCORE_CLEAR,74.21,SIMPLE_LAYOUT,NO_AD,SIMPLE_LAYOUT (auto NO_AD)
page_410,410,page_410_semantic_2.csv,SCORE_CLEAR,73.64,COMPLEX_LAYOUT,PARTIAL_AD,COMPLEX_LAYOUT: PARTIAL_AD
page_411,411,page_411_semantic_2.csv,SCORE_CLEAR,75.89,COMPLEX_LAYOUT,OTHER_UNPARSED,COMPLEX_LAYOUT: OTHER_UNPARSED
page_412,412,page_412_semantic_3.csv,SCORE_CLEAR,79.41,COMPLEX_LAYOUT,PARTIAL_AD,COMPLEX_LAYOUT: PARTIAL_AD
page_413,413,page_413_semantic_3.csv,SCORE_CLEAR,77.95,COMPLEX_LAYOUT,PARTIAL_AD,COMPLEX_LAYOUT: PARTIAL_AD
page_414,414,page_414_semantic_2.csv,SCORE_CLEAR,75.55,COMPLEX_LAYOUT,PARTIAL_AD,COMPLEX_LAYOUT: PARTIAL_AD
page_415,415,page_415_semantic_2.csv,SCORE_CLEAR,76.18,COMPLEX_LAYOUT,PARTIAL_AD,COMPLEX_LAYOUT: PARTIAL_AD
page_416,416,page_416_semantic_2.csv,SCORE_TIED_RECENCY,79.69,COMPLEX_LAYOUT,PARTIAL_AD,COMPLEX_LAYOUT: PARTIAL_AD
page_417,417,page_417_semantic_2.csv,SCORE_TIED_RECENCY,79.86,COMPLEX_LAYOUT,PARTIAL_AD,COMPLEX_LAYOUT: PARTIAL_AD
page_418,418,page_418_semantic_3.csv,SCORE_TIED_RECENCY,76.9,SIMPLE_LAYOUT,NO_AD,SIMPLE_LAYOUT (auto NO_AD)
page_419,419,page_419_semantic_3.csv,SCORE_TIED_RECENCY,75.24,COMPLEX_LAYOUT,PARTIAL_AD,COMPLEX_LAYOUT: PARTIAL_AD
page_420,420,page_420_semantic_2.csv,SCORE_TIED_RECENCY,79.03,COMPLEX_LAYOUT,PARTIAL_AD,COMPLEX_LAYOUT: PARTIAL_AD
page_421,421,page_421_semantic_2.csv,SCORE_TIED_RECENCY,79.1,SIMPLE_LAYOUT,NO_AD,SIMPLE_LAYOUT (auto NO_AD)
page_422,422,page_422_semantic_3.csv,SCORE_TIED_RECENCY,76.27,COMPLEX_LAYOUT,PARTIAL_AD,COMPLEX_LAYOUT: PARTIAL_AD
page_423,423,page_423_semantic_2.csv,SCORE_TIED_RECENCY,76.48,COMPLEX_LAYOUT,PARTIAL_AD,COMPLEX_LAYOUT: PARTIAL_AD
page_424,424,page_424_semantic_3.csv,SCORE_CLEAR,77.68,COMPLEX_LAYOUT,PARTIAL_AD,COMPLEX_LAYOUT: PARTIAL_AD
page_425,425,page_425_semantic_3.csv,SCORE_TIED_RECENCY,78.37,COMPLEX_LAYOUT,OTHER_UNPARSED,COMPLEX_LAYOUT: OTHER_UNPARSED
page_426,426,page_426_semantic_3.csv,SCORE_TIED_RECENCY,74.64,COMPLEX_LAYOUT,PARTIAL_AD,COMPLEX_LAYOUT: PARTIAL_AD
page_427,427,page_427_semantic_2.csv,SCORE_CLEAR,73.15,COMPLEX_LAYOUT,PARTIAL_AD,COMPLEX_LAYOUT: PARTIAL_AD
page_428,428,page_428_semantic_3.csv,SCORE_CLEAR,77.57,COMPLEX_LAYOUT,PARTIAL_AD,COMPLEX_LAYOUT: PARTIAL_AD
page_429,429,page_429_semantic_2.csv,SCORE_TIED_RECENCY,78.26,SIMPLE_LAYOUT,NO_AD,SIMPLE_LAYOUT (auto NO_AD)
page_430,430,page_430_semantic_3.csv,SCORE_CLEAR,80.33,COMPLEX_LAYOUT,PARTIAL_AD,COMPLEX_LAYOUT: PARTIAL_AD
page_431,431,page_431_semantic_3.csv,SCORE_CLEAR,78.43,COMPLEX_LAYOUT,OTHER_UNPARSED,COMPLEX_LAYOUT: OTHER_UNPARSED
page_432,432,page_432_semantic_3.csv,SCORE_TIED_RECENCY,76.42,SIMPLE_LAYOUT,NO_AD,SIMPLE_LAYOUT (auto NO_AD)
page_433,433,page_433_semantic_3.csv,SCORE_TIED_RECENCY,76.77,SIMPLE_LAYOUT,NO_AD,SIMPLE_LAYOUT (auto NO_AD)
page_434,434,page_434_semantic_2.csv,SCORE_TIED_RECENCY,79.36,COMPLEX_LAYOUT,PARTIAL_AD,COMPLEX_LAYOUT: PARTIAL_AD
page_435,435,page_435_semantic_3.csv,SCORE_CLEAR,79.84,COMPLEX_LAYOUT,PARTIAL_AD,COMPLEX_LAYOUT: PARTIAL_AD
page_436,436,page_436_semantic_2.csv,SCORE_CLEAR,75.68,COMPLEX_LAYOUT,NO_AD,COMPLEX_LAYOUT: NO_AD
page_437,437,page_437_semantic_2.csv,SCORE_CLEAR,76.73,COMPLEX_LAYOUT,PARTIAL_AD,COMPLEX_LAYOUT: PARTIAL_AD
page_438,438,page_438_semantic_3.csv,SCORE_CLEAR,78.97,COMPLEX_LAYOUT,OTHER_UNPARSED,COMPLEX_LAYOUT: OTHER_UNPARSED
page_439,439,page_439_semantic_3.csv,SCORE_CLEAR,79.66,COMPLEX_LAYOUT,OTHER_UNPARSED,COMPLEX_LAYOUT: OTHER_UNPARSED
page_440,440,page_440_semantic_3.csv,SCORE_TIED_RECENCY,74.55,COMPLEX_LAYOUT,PARTIAL_AD,COMPLEX_LAYOUT: PARTIAL_AD
page_441,441,page_441_semantic_3.csv,SCORE_TIED_RECENCY,73.81,COMPLEX_LAYOUT,PARTIAL_AD,COMPLEX_LAYOUT: PARTIAL_AD
page_442,442,page_442_semantic_2.csv,SCORE_TIED_RECENCY,79.13,COMPLEX_LAYOUT,PARTIAL_AD,COMPLEX_LAYOUT: PARTIAL_AD
page_443,443,page_443_semantic_3.csv,SCORE_TIED_RECENCY,78.92,COMPLEX_LAYOUT,NO_AD,COMPLEX_LAYOUT: NO_AD
page_444,444,page_444_semantic_3.csv,SCORE_TIED_RECENCY,75.17,COMPLEX_LAYOUT,NO_AD,COMPLEX_LAYOUT: NO_AD
page_445,445,page_445_semantic_2.csv,SCORE_TIED_RECENCY,77.6,SIMPLE_LAYOUT,NO_AD,SIMPLE_LAYOUT (auto NO_AD)
page_446,446,page_446_semantic_3.csv,SCORE_TIED_RECENCY,79.98,SIMPLE_LAYOUT,NO_AD,SIMPLE_LAYOUT (auto NO_AD)
page_447,447,page_447_semantic_3.csv,SCORE_TIED_RECENCY,80.24,SIMPLE_LAYOUT,NO_AD,SIMPLE_LAYOUT (auto NO_AD)
page_448,448,page_448_semantic_3.csv,SCORE_TIED_RECENCY,74.37,COMPLEX_LAYOUT,PARTIAL_AD,COMPLEX_LAYOUT: PARTIAL_AD
page_449,449,page_449_semantic_3.csv,SCORE_TIED_RECENCY,72.41,COMPLEX_LAYOUT,OTHER_UNPARSED,COMPLEX_LAYOUT: OTHER_UNPARSED
page_450,450,page_450_semantic_2.csv,SCORE_CLEAR,75.76,COMPLEX_LAYOUT,PARTIAL_AD,COMPLEX_LAYOUT: PARTIAL_AD
page_451,451,page_451_semantic_2.csv,SCORE_CLEAR,75.11,COMPLEX_LAYOUT,OTHER_UNPARSED,COMPLEX_LAYOUT: OTHER_UNPARSED
page_452,452,page_452_semantic_3.csv,SCORE_CLEAR,76.75,COMPLEX_LAYOUT,PARTIAL_AD,COMPLEX_LAYOUT: PARTIAL_AD
page_453,453,page_453_semantic_3.csv,SCORE_CLEAR,79.78,COMPLEX_LAYOUT,PARTIAL_AD,COMPLEX_LAYOUT: PARTIAL_AD
page_454,454,page_454_semantic_2.csv,SCORE_CLEAR,74.05,COMPLEX_LAYOUT,PARTIAL_AD,COMPLEX_LAYOUT: PARTIAL_AD
page_455,455,page_455_semantic_2.csv,SCORE_CLEAR,75.68,COMPLEX_LAYOUT,NO_AD,COMPLEX_LAYOUT: NO_AD
page_456,456,page_456_semantic_3.csv,SCORE_CLEAR,77.99,COMPLEX_LAYOUT,PARTIAL_AD,COMPLEX_LAYOUT: PARTIAL_AD
page_457,457,page_457_semantic_3.csv,SCORE_CLEAR,78.29,COMPLEX_LAYOUT,PARTIAL_AD,COMPLEX_LAYOUT: PARTIAL_AD
page_458,458,page_458_semantic_1.csv,SCORE_CLEAR,71.39,,,COMPLEX_LAYOUT: PARTIAL_AD
page_459,459,page_459_semantic_3.csv,SCORE_TIED_RECENCY,73.77,COMPLEX_LAYOUT,OTHER_UNPARSED,COMPLEX_LAYOUT: OTHER_UNPARSED
page_460,460,page_460_semantic_2.csv,SCORE_TIED_RECENCY,76.59,COMPLEX_LAYOUT,PARTIAL_AD,COMPLEX_LAYOUT: PARTIAL_AD
page_461,461,page_461_semantic_3.csv,SCORE_CLEAR,78.03,COMPLEX_LAYOUT,PARTIAL_AD,COMPLEX_LAYOUT: PARTIAL_AD
page_462,462,page_462_semantic_2.csv,SCORE_CLEAR,73.42,COMPLEX_LAYOUT,PARTIAL_AD,COMPLEX_LAYOUT: PARTIAL_AD
page_463,463,page_463_semantic_2.csv,SCORE_CLEAR,74.27,COMPLEX_LAYOUT,PARTIAL_AD,COMPLEX_LAYOUT: PARTIAL_AD
page_464,464,page_464_semantic_3.csv,SCORE_CLEAR,78.24,COMPLEX_LAYOUT,PARTIAL_AD,COMPLEX_LAYOUT: PARTIAL_AD
page_465,465,page_465_semantic_3.csv,SCORE_CLEAR,77.56,COMPLEX_LAYOUT,PARTIAL_AD,COMPLEX_LAYOUT: PARTIAL_AD
page_466,466,page_466_semantic_2.csv,SCORE_CLEAR,72.98,COMPLEX_LAYOUT,PARTIAL_AD,COMPLEX_LAYOUT: PARTIAL_AD
page_467,467,page_467_semantic_1.csv,SINGLE,76.12,COMPLEX_LAYOUT,PARTIAL_AD,COMPLEX_LAYOUT: PARTIAL_AD
page_468,468,page_468_semantic_3.csv,SCORE_CLEAR,78.06,SIMPLE_LAYOUT,NO_AD,SIMPLE_LAYOUT (auto NO_AD)
page_469,469,page_469_semantic_3.csv,SCORE_CLEAR,78.78,COMPLEX_LAYOUT,PARTIAL_AD,COMPLEX_LAYOUT: PARTIAL_AD
page_470,470,page_470_semantic_3.csv,SCORE_CLEAR,78.51,COMPLEX_LAYOUT,PARTIAL_AD,COMPLEX_LAYOUT: PARTIAL_AD
page_471,471,page_471_semantic_3.csv,SCORE_CLEAR,79.83,COMPLEX_LAYOUT,PARTIAL_AD,COMPLEX_LAYOUT: PARTIAL_AD
page_472,472,page_472_semantic_2.csv,SCORE_CLEAR,76.88,COMPLEX_LAYOUT,PARTIAL_AD,COMPLEX_LAYOUT: PARTIAL_AD
page_473,473,page_473_semantic_2.csv,SCORE_CLEAR,76.41,COMPLEX_LAYOUT,PARTIAL_AD,COMPLEX_LAYOUT: PARTIAL_AD
page_474,474,page_474_semantic_3.csv,SCORE_CLEAR,79.16,SIMPLE_LAYOUT,NO_AD,SIMPLE_LAYOUT (auto NO_AD)
page_475,475,page_475_semantic_3.csv,SCORE_CLEAR,77.92,COMPLEX_LAYOUT,PARTIAL_AD,COMPLEX_LAYOUT: PARTIAL_AD
page_476,476,page_476_semantic_2.csv,SCORE_CLEAR,76.45,COMPLEX_LAYOUT,PARTIAL_AD,COMPLEX_LAYOUT: PARTIAL_AD
page_477,477,page_477_semantic_2.csv,SCORE_CLEAR,75.38,COMPLEX_LAYOUT,NO_AD,COMPLEX_LAYOUT: NO_AD
page_478,478,page_478_semantic_3.csv,SCORE_CLEAR,78.95,COMPLEX_LAYOUT,PARTIAL_AD,COMPLEX_LAYOUT: PARTIAL_AD
page_479,479,page_479_semantic_3.csv,SCORE_CLEAR,78.72,COMPLEX_LAYOUT,PARTIAL_AD,COMPLEX_LAYOUT: PARTIAL_AD
page_480,480,page_480_semantic_3.csv,SCORE_CLEAR,78.53,SIMPLE_LAYOUT,NO_AD,SIMPLE_LAYOUT (auto NO_AD)
page_481,481,page_481_semantic_3.csv,SCORE_CLEAR,79.36,SIMPLE_LAYOUT,NO_AD,SIMPLE_LAYOUT (auto NO_AD)
page_482,482,page_482_semantic_2.csv,SCORE_CLEAR,76.54,COMPLEX_LAYOUT,PARTIAL_AD,COMPLEX_LAYOUT: PARTIAL_AD
page_483,483,page_483_semantic_2.csv,SCORE_CLEAR,73.67,COMPLEX_LAYOUT,PARTIAL_AD,COMPLEX_LAYOUT: PARTIAL_AD
page_484,484,page_484_semantic_3.csv,SCORE_CLEAR,79.17,COMPLEX_LAYOUT,PARTIAL_AD,COMPLEX_LAYOUT: PARTIAL_AD
page_485,485,page_485_semantic_3.csv,SCORE_CLEAR,78.85,COMPLEX_LAYOUT,PARTIAL_AD,COMPLEX_LAYOUT: PARTIAL_AD
page_486,486,page_486_semantic_2.csv,SCORE_CLEAR,75.52,SIMPLE_LAYOUT,NO_AD,SIMPLE_LAYOUT (auto NO_AD)
page_487,487,page_487_semantic_3.csv,SCORE_TIED_RECENCY,73.82,SIMPLE_LAYOUT,NO_AD,SIMPLE_LAYOUT (auto NO_AD)
page_488,488,page_488_semantic_2.csv,SCORE_TIED_RECENCY,65.95,SIMPLE_LAYOUT,NO_AD,SIMPLE_LAYOUT (auto NO_AD)
page_489,489,page_489_semantic_3.csv,SCORE_CLEAR,72.51,COMPLEX_LAYOUT,PARTIAL_AD,COMPLEX_LAYOUT: PARTIAL_AD
page_491,491,page_491_semantic_2.csv,SCORE_TIED_RECENCY,70.0,SIMPLE_LAYOUT,NO_AD,SIMPLE_LAYOUT (auto NO_AD)
page_492,492,page_492_semantic_3.csv,SCORE_TIED_RECENCY,71.38,SIMPLE_LAYOUT,NO_AD,SIMPLE_LAYOUT (auto NO_AD)
page_493,493,page_493_semantic_2.csv,SCORE_CLEAR,70.29,SIMPLE_LAYOUT,NO_AD,SIMPLE_LAYOUT (auto NO_AD)
page_494,494,page_494_semantic_1.csv,SCORE_CLEAR,74.66,,,PROVINCIA
page_495,495,page_495_semantic_1.csv,SCORE_TIED_RECENCY,76.39,,,PROVINCIA
page_496,496,page_496_semantic_5.csv,SCORE_TIED_RECENCY,80.53,,,PROVINCIA
page_497,497,page_497_semantic_5.csv,SCORE_TIED_RECENCY,75.93,,,PROVINCIA
page_498,498,page_498_semantic_5.csv,SCORE_CLEAR,71.76,,,PROVINCIA
page_499,499,page_499_semantic_1.csv,SCORE_CLEAR,76.1,,,PROVINCIA
page_500,500,page_500_semantic_5.csv,SCORE_CLEAR,77.15,,,PROVINCIA
page_501,501,page_501_semantic_5.csv,SCORE_CLEAR,73.05,,,PROVINCIA
page_502,502,page_502_semantic_5.csv,SCORE_CLEAR,79.33,,,PROVINCIA
page_503,503,page_503_semantic_5.csv,SCORE_CLEAR,77.74,,,PROVINCIA
page_504,504,page_504_semantic_1.csv,SCORE_TIED_RECENCY,77.04,,,PROVINCIA
page_505,505,page_505_semantic_5.csv,SCORE_CLEAR,75.51,,,PROVINCIA
page_506,506,page_506_semantic_1.csv,SCORE_CLEAR,77.86,,,PROVINCIA
page_507,507,page_507_semantic_1.csv,SCORE_TIED_RECENCY,76.0,,,PROVINCIA
page_508,508,page_508_semantic_5.csv,SCORE_TIED_RECENCY,78.96,,,PROVINCIA
page_509,509,page_509_semantic_5.csv,SCORE_CLEAR,77.87,,,PROVINCIA
page_510,510,page_510_semantic_2.csv,SINGLE,76.31,,,PROVINCIA
page_511,511,page_511_semantic_1.csv,SINGLE,80.18,,,PROVINCIA
page_512,512,page_512_semantic_1.csv,SCORE_CLEAR,76.01,,,PROVINCIA
page_513,513,page_513_semantic_5.csv,SCORE_CLEAR,76.34,,,PROVINCIA
page_514,514,page_514_semantic_1.csv,SCORE_CLEAR,76.85,,,PROVINCIA
page_515,515,page_515_semantic_1.csv,SCORE_CLEAR,69.27,,,PROVINCIA
page_516,516,page_516_semantic_1.csv,SCORE_CLEAR,77.18,,,PROVINCIA
page_517,517,page_517_semantic_1.csv,SCORE_CLEAR,77.52,,,PROVINCIA
page_518,518,page_518_semantic_1.csv,SCORE_CLEAR,77.47,,,PROVINCIA
page_519,519,page_519_semantic_1.csv,SCORE_CLEAR,75.39,,,PROVINCIA
page_520,520,page_520_semantic_5.csv,SCORE_TIED_RECENCY,59.89,,,PROVINCIA
page_521,521,page_521_semantic_1.csv,SCORE_CLEAR,75.12,,,PROVINCIA
page_522,522,page_522_semantic_5.csv,SCORE_CLEAR,75.6,,,PROVINCIA
page_523,523,page_523_semantic_1.csv,SCORE_CLEAR,77.49,,,PROVINCIA
page_524,524,page_524_semantic_1.csv,SCORE_CLEAR,75.87,,,PROVINCIA
page_525,525,page_525_semantic_5.csv,SCORE_CLEAR,73.51,,,PROVINCIA
page_526,526,page_526_semantic_1.csv,SCORE_CLEAR,75.4,,,PROVINCIA
page_527,527,page_527_semantic_5.csv,SCORE_CLEAR,76.98,,,PROVINCIA
page_528,528,page_528_semantic_1.csv,SCORE_CLEAR,74.72,,,PROVINCIA
page_529,529,page_529_semantic_5.csv,SCORE_CLEAR,78.26,,,PROVINCIA
page_530,530,page_530_semantic_1.csv,SCORE_CLEAR,76.47,,,PROVINCIA
page_531,531,page_531_semantic_5.csv,SCORE_CLEAR,73.4,,,PROVINCIA
page_532,532,page_532_semantic_5.csv,SCORE_CLEAR,74.36,,,PROVINCIA
page_533,533,page_533_semantic_5.csv,SCORE_CLEAR,76.33,,,PROVINCIA
page_534,534,page_534_semantic_5.csv,SCORE_CLEAR,55.17,,,PROVINCIA
page_535,535,page_535_semantic_1.csv,SCORE_TIED_RECENCY,76.93,,,PROVINCIA
page_536,536,page_536_semantic_5.csv,SCORE_CLEAR,76.44,,,PROVINCIA
page_537,537,page_537_semantic_1.csv,SCORE_CLEAR,76.25,,,PROVINCIA
page_538,538,page_538_semantic_3.csv,SCORE_CLEAR,77.05,,,PROVINCIA
page_539,539,page_539_semantic_1.csv,SCORE_CLEAR,73.71,,,PROVINCIA
page_540,540,page_540_semantic_1.csv,SCORE_TIED_RECENCY,76.11,,,PROVINCIA
page_541,541,page_541_semantic_5.csv,SCORE_CLEAR,75.11,,,PROVINCIA
page_542,542,page_542_semantic_5.csv,SCORE_CLEAR,75.67,,,PROVINCIA
page_543,543,page_543_semantic_5.csv,SCORE_CLEAR,77.21,,,PROVINCIA
page_544,544,page_544_semantic_5.csv,SCORE_TIED_RECENCY,77.78,,,PROVINCIA
page_545,545,page_545_semantic_1.csv,SCORE_CLEAR,74.45,,,PROVINCIA
page_546,546,page_546_semantic_5.csv,SCORE_CLEAR,76.47,,,PROVINCIA
page_547,547,page_547_semantic_5.csv,SCORE_CLEAR,75.74,,,PROVINCIA
page_548,548,page_548_semantic_5.csv,SCORE_CLEAR,75.6,,,PROVINCIA
page_549,549,page_549_semantic_1.csv,SCORE_TIED_RECENCY,74.5,,,PROVINCIA
page_550,550,page_550_semantic_1.csv,SCORE_CLEAR,77.63,,,PROVINCIA
page_551,551,page_551_semantic_5.csv,SCORE_CLEAR,73.72,,,PROVINCIA
page_552,552,page_552_semantic_5.csv,SCORE_CLEAR,73.82,,,PROVINCIA
page_553,553,page_553_semantic_1.csv,SCORE_TIED_RECENCY,76.73,,,PROVINCIA
page_554,554,page_554_semantic_5.csv,SCORE_CLEAR,72.25,,,PROVINCIA
page_555,555,page_555_semantic_5.csv,SCORE_TIED_RECENCY,75.95,,,PROVINCIA
page_556,556,page_556_semantic_5.csv,SCORE_CLEAR,74.73,,,PROVINCIA
page_557,557,page_557_semantic_5.csv,SCORE_CLEAR,75.08,,,PROVINCIA
page_558,558,page_558_semantic_5.csv,SCORE_CLEAR,74.78,,,PROVINCIA
page_559,559,page_559_semantic_5.csv,SCORE_CLEAR,75.41,,,PROVINCIA
page_560,560,page_560_semantic_5.csv,SCORE_CLEAR,78.38,,,PROVINCIA
page_561,561,page_561_semantic_1.csv,SCORE_CLEAR,75.16,,,PROVINCIA
page_562,562,page_562_semantic_5.csv,SCORE_CLEAR,73.28,,,PROVINCIA
page_563,563,page_563_semantic_5.csv,SCORE_CLEAR,76.65,,,PROVINCIA
page_564,564,page_564_semantic_5.csv,SCORE_CLEAR,76.11,,,PROVINCIA
page_565,565,page_565_semantic_5.csv,SCORE_TIED_RECENCY,76.19,,,PROVINCIA
page_566,566,page_566_semantic_1.csv,SCORE_CLEAR,77.81,,,PROVINCIA
page_567,567,page_567_semantic_1.csv,SCORE_CLEAR,74.46,,,PROVINCIA
page_568,568,page_568_semantic_5.csv,SCORE_CLEAR,77.25,,,PROVINCIA
page_569,569,page_569_semantic_5.csv,SCORE_CLEAR,76.97,,,PROVINCIA
page_570,570,page_570_semantic_1.csv,SCORE_CLEAR,76.39,,,PROVINCIA
page_572,572,page_572_semantic_3.csv,SCORE_TIED_RECENCY,76.29,COMPLEX_LAYOUT,FULL_AD,FULL_AD (hardcoded)
page_573,573,page_573_semantic_3.csv,SCORE_TIED_RECENCY,73.35,COMPLEX_LAYOUT,FULL_AD,FULL_AD (hardcoded)
page_574,574,page_574_semantic_2.csv,SCORE_TIED_RECENCY,69.72,SIMPLE_LAYOUT,FULL_AD,FULL_AD (hardcoded)
page_575,575,page_575_semantic_3.csv,SCORE_TIED_RECENCY,73.45,COMPLEX_LAYOUT,FULL_AD,FULL_AD (hardcoded)
